#
# There is insufficient memory for the Java Runtime Environment to continue.
# Native memory allocation (malloc) failed to allocate 5604312 bytes. Error detail: Chunk::new
# Possible reasons:
#   The system is out of physical RAM or swap space
#   This process is running with CompressedOops enabled, and the Java Heap may be blocking the growth of the native heap
# Possible solutions:
#   Reduce memory load on the system
#   Increase physical memory or swap space
#   Check if swap backing store is full
#   Decrease Java heap size (-Xmx/-Xms)
#   Decrease number of Java threads
#   Decrease Java thread stack sizes (-Xss)
#   Set larger code cache with -XX:ReservedCodeCacheSize=
#   JVM is running with Unscaled Compressed Oops mode in which the Java heap is
#     placed in the first 4GB address space. The Java Heap base address is the
#     maximum limit for the native heap growth. Please use -XX:HeapBaseMinAddress
#     to set the Java Heap base and to place the Java Heap above 4GB virtual address.
# This output file may be truncated or incomplete.
#
#  Out of Memory Error (arena.cpp:193), pid=13376, tid=27100
#
# JRE version: Java(TM) SE Runtime Environment (26.0.1+8) (build 26.0.1+8-34)
# Java VM: Java HotSpot(TM) 64-Bit Server VM (26.0.1+8-34, mixed mode, sharing, tiered, compressed oops, compressed class ptrs, g1 gc, windows-amd64)
# No core dump will be written. Minidumps are not enabled by default on client versions of Windows
#

---------------  S U M M A R Y ------------

Command Line: --enable-native-access=ALL-UNNAMED -Dclassworlds.conf=C:\Users\maria\.m2\wrapper\dists\apache-maven-3.9.16\0daed3be3ebd1c706f0e69e8b07c6b73f5cc4ea3dfce72a8d0ec2e849ca2ddb0\bin\m2.conf -Dmaven.home=C:\Users\maria\.m2\wrapper\dists\apache-maven-3.9.16\0daed3be3ebd1c706f0e69e8b07c6b73f5cc4ea3dfce72a8d0ec2e849ca2ddb0 -Dlibrary.jansi.path=C:\Users\maria\.m2\wrapper\dists\apache-maven-3.9.16\0daed3be3ebd1c706f0e69e8b07c6b73f5cc4ea3dfce72a8d0ec2e849ca2ddb0\lib\jansi-native -Dmaven.multiModuleProjectDirectory=C:\Projetos\Web\controle_financeiro\backend org.codehaus.plexus.classworlds.launcher.Launcher spring-boot:run

Host: AMD Ryzen 5 5500U with Radeon Graphics         , 12 cores, 7G,  Windows 11 , 64 bit Build 26100 (10.0.26100.9168)
Time: Wed Aug 26 17:00:58 2026 Hora oficial do Brasil elapsed time: 37.474566 seconds (0d 0h 0m 37s)

---------------  T H R E A D  ---------------

Current thread (0x000002936e951440):  JavaThread "C2 CompilerThread0" daemon [_thread_in_native, id=27100, stack(0x000000bb0dd00000,0x000000bb0de00000) (1024K)]


Current CompileTask:
C2:37474 10288  s    4       sun.nio.ch.ChannelInputStream::read (77 bytes)

Stack: [0x000000bb0dd00000,0x000000bb0de00000]
Native frames: (J=compiled Java code, j=interpreted, Vv=VM code, C=native code)
V  [jvm.dll+0x7d5879]  (no source info available)
V  [jvm.dll+0x7a37dd]  (no source info available)
V  [jvm.dll+0x9b0c10]  (no source info available)
V  [jvm.dll+0x9b3061]  (no source info available)
V  [jvm.dll+0x9b3773]  (no source info available)
V  [jvm.dll+0x30df76]  (no source info available)
V  [jvm.dll+0x11d8a6]  (no source info available)
V  [jvm.dll+0x11dbce]  (no source info available)
V  [jvm.dll+0x1afbe6]  (no source info available)
V  [jvm.dll+0x3ca822]  (no source info available)
V  [jvm.dll+0x7de462]  (no source info available)
V  [jvm.dll+0x2d1647]  (no source info available)
V  [jvm.dll+0x2d05bf]  (no source info available)
V  [jvm.dll+0x246820]  (no source info available)
V  [jvm.dll+0x2e06dc]  (no source info available)
V  [jvm.dll+0x2de8bd]  (no source info available)
V  [jvm.dll+0x4a3ff1]  (no source info available)
V  [jvm.dll+0x94f649]  (no source info available)
V  [jvm.dll+0x7d7358]  (no source info available)
C  [ucrtbase.dll+0x2cd30]  (no source info available)
C  [KERNEL32.DLL+0x2ccb7]  (no source info available)
C  [ntdll.dll+0xaad6c]  (no source info available)

Lock stack of current Java thread (top to bottom):


---------------  P R O C E S S  ---------------

Threads class SMR info:
_java_thread_list=0x0000029374274300, length=12, elements={
0x00000293512855e0, 0x000002936e901170, 0x000002936e901920, 0x000002936e904340,
0x000002936e906c30, 0x000002936e912410, 0x000002936e90caf0, 0x000002936e951440,
0x000002936e954460, 0x000002936e90da90, 0x000002936e90e260, 0x0000029373aca520
}

Java Threads: ( => current thread )
  0x00000293512855e0 JavaThread "main"                              [_thread_in_Java, id=19292, stack(0x000000bb0ce00000,0x000000bb0cf00000) (1024K)]
  0x000002936e901170 JavaThread "Reference Handler"          daemon [_thread_blocked, id=1368, stack(0x000000bb0d700000,0x000000bb0d800000) (1024K)]
  0x000002936e901920 JavaThread "Finalizer"                  daemon [_thread_blocked, id=32976, stack(0x000000bb0d800000,0x000000bb0d900000) (1024K)]
  0x000002936e904340 JavaThread "Signal Dispatcher"          daemon [_thread_blocked, id=17984, stack(0x000000bb0d900000,0x000000bb0da00000) (1024K)]
  0x000002936e906c30 JavaThread "Attach Listener"            daemon [_thread_blocked, id=6888, stack(0x000000bb0da00000,0x000000bb0db00000) (1024K)]
  0x000002936e912410 JavaThread "Service Thread"             daemon [_thread_blocked, id=15140, stack(0x000000bb0db00000,0x000000bb0dc00000) (1024K)]
  0x000002936e90caf0 JavaThread "Monitor Deflation Thread"   daemon [_thread_blocked, id=26276, stack(0x000000bb0dc00000,0x000000bb0dd00000) (1024K)]
=>0x000002936e951440 JavaThread "C2 CompilerThread0"         daemon [_thread_in_native, id=27100, stack(0x000000bb0dd00000,0x000000bb0de00000) (1024K)]
  0x000002936e954460 JavaThread "C1 CompilerThread0"         daemon [_thread_blocked, id=14460, stack(0x000000bb0de00000,0x000000bb0df00000) (1024K)]
  0x000002936e90da90 JavaThread "Notification Thread"        daemon [_thread_blocked, id=9776, stack(0x000000bb0df00000,0x000000bb0e000000) (1024K)]
  0x000002936e90e260 JavaThread "Common-Cleaner"             daemon [_thread_blocked, id=32356, stack(0x000000bb0e000000,0x000000bb0e100000) (1024K)]
  0x0000029373aca520 JavaThread "Thread-1"                   daemon [_thread_blocked, id=23440, stack(0x000000bb0e700000,0x000000bb0e800000) (1024K)]
Total: 12

Other Threads:
  0x000002936e8eece0 VMThread "VM Thread"                           [id=31052, stack(0x000000bb0d600000,0x000000bb0d700000) (1024K)]
  0x00000293512da670 WatcherThread "VM Periodic Task Thread"        [id=11212, stack(0x000000bb0d500000,0x000000bb0d600000) (1024K)]
  0x00000293512bcf70 WorkerThread "GC Thread#0"                     [id=8216, stack(0x000000bb0cf00000,0x000000bb0d000000) (1024K)]
  0x000002936eca0370 WorkerThread "GC Thread#1"                     [id=28532, stack(0x000000bb0e100000,0x000000bb0e200000) (1024K)]
  0x00000293737db7f0 WorkerThread "GC Thread#2"                     [id=33544, stack(0x000000bb0e300000,0x000000bb0e400000) (1024K)]
  0x0000029373ef7ae0 WorkerThread "GC Thread#3"                     [id=20276, stack(0x000000bb0e400000,0x000000bb0e500000) (1024K)]
  0x0000029373b2e0d0 WorkerThread "GC Thread#4"                     [id=6596, stack(0x000000bb0e200000,0x000000bb0e300000) (1024K)]
  0x0000029373849ec0 WorkerThread "GC Thread#5"                     [id=22880, stack(0x000000bb0e500000,0x000000bb0e600000) (1024K)]
  0x0000029373c36110 WorkerThread "GC Thread#6"                     [id=13108, stack(0x000000bb0e600000,0x000000bb0e700000) (1024K)]
  0x000002937414c3c0 WorkerThread "GC Thread#7"                     [id=30188, stack(0x000000bb0e800000,0x000000bb0e900000) (1024K)]
  0x0000029373cfaa30 WorkerThread "GC Thread#8"                     [id=6380, stack(0x000000bb0e900000,0x000000bb0ea00000) (1024K)]
  0x0000029373cfae80 WorkerThread "GC Thread#9"                     [id=9100, stack(0x000000bb0ea00000,0x000000bb0eb00000) (1024K)]
  0x00000293512d5180 ConcurrentGCThread "G1 Main Marker"            [id=31384, stack(0x000000bb0d000000,0x000000bb0d100000) (1024K)]
  0x00000293512d8a00 WorkerThread "G1 Conc#0"                       [id=27844, stack(0x000000bb0d100000,0x000000bb0d200000) (1024K)]
  0x0000029373cfa190 WorkerThread "G1 Conc#1"                       [id=12696, stack(0x000000bb0eb00000,0x000000bb0ec00000) (1024K)]
  0x0000029373cfa5e0 WorkerThread "G1 Conc#2"                       [id=19780, stack(0x000000bb0ec00000,0x000000bb0ed00000) (1024K)]
  0x000002935132fc40 WorkerThread "G1 Refinement Workers#0"         [id=32792, stack(0x000000bb0d300000,0x000000bb0d400000) (1024K)]
  0x000002935132f7d0 ConcurrentGCThread "G1 Refine Control"         [id=28516, stack(0x000000bb0d200000,0x000000bb0d300000) (1024K)]
  0x00000293513301c0 ConcurrentGCThread "G1 Service"                [id=33560, stack(0x000000bb0d400000,0x000000bb0d500000) (1024K)]
Total: 19

Threads with active compile tasks:
C2 CompilerThread0  37609 10288  s    4       sun.nio.ch.ChannelInputStream::read (77 bytes)
Total: 1

VM state: not at safepoint (normal execution)

VM Mutex/Monitor currently owned by a thread: None

Heap address: 0x000000008a400000, size: 1884 MB, Compressed Oops mode: 32-bit

CDS archive(s) mapped at: [0x0000000027000000-0x0000000027de0000-0x0000000027de0000), size 14548992, SharedBaseAddress: 0x0000000027000000, ArchiveRelocationMode: 1.
Compressed class space mapped at: 0x0000000028000000-0x0000000068000000, reserved size: 1073741824
UseCompressedClassPointers 1, UseCompactObjectHeaders 0
Narrow klass pointer bits 32, Max shift 3
Narrow klass base: 0x0000000027000000, Narrow klass shift: 0
Encoding Range: [0x0000000027000000 - 0x0000000127000000), (4294967296 bytes)
Klass Range:    [0x0000000027000000 - 0x0000000068000000), (1090519040 bytes)
Klass ID Range:  [8 - 1090519033) (1090519025)
Protection zone: [0x0000000027000000 - 0x0000000027010000), (65536 bytes)

GC Precious Log:
 CardTable entry size: 512
 Card Set container configuration: InlinePtr #cards 5 size 8 Array Of Cards #cards 10 size 36 Howl #buckets 4 coarsen threshold 1843 Howl Bitmap #cards 512 size 80 coarsen threshold 460 Card regions per heap region 1 cards per card region 2048
 CPUs: 12 total, 12 available
 Memory: 7528M
 Large Page Support: Disabled
 NUMA Support: Disabled
 Compressed Oops: Enabled (32-bit)
 Heap Region Size: 1M
 Heap Min Capacity: 8M
 Heap Initial Capacity: 8M
 Heap Max Capacity: 1884M
 Pre-touch: Disabled
 Parallel Workers: 10
 Concurrent Workers: 3
 Concurrent Refinement Workers: 10
 Periodic GC: Disabled

Heap:
 garbage-first heap   total reserved 1929216K, committed 328704K, used 78713K [0x000000008a400000, 0x0000000100000000)
  region size 1M, 20 eden (20M), 2 survivor (2M), 49 old (49M), 7 humongous (7M), 243 free (243M)

Heap Regions: E=young(eden), S=young(survivor), O=old, HS=humongous(starts), HC=humongous(continues), CS=collection set, F=free, TAMS=top-at-mark-start, PB=parsable bottom
|    0|0x000000008a400000, 0x000000008a500000, 0x000000008a500000|100%| O|  |TAMS 0x000000008a400000| PB 0x000000008a400000| Untracked |  0
|    1|0x000000008a500000, 0x000000008a600000, 0x000000008a600000|100%| O|  |TAMS 0x000000008a500000| PB 0x000000008a500000| Untracked |  0
|    2|0x000000008a600000, 0x000000008a700000, 0x000000008a700000|100%| O|  |TAMS 0x000000008a600000| PB 0x000000008a600000| Untracked |  0
|    3|0x000000008a700000, 0x000000008a800000, 0x000000008a800000|100%| O|  |TAMS 0x000000008a700000| PB 0x000000008a700000| Untracked |  0
|    4|0x000000008a800000, 0x000000008a900000, 0x000000008a900000|100%| O|  |TAMS 0x000000008a800000| PB 0x000000008a800000| Untracked |  0
|    5|0x000000008a900000, 0x000000008aa00000, 0x000000008aa00000|100%| O|  |TAMS 0x000000008a900000| PB 0x000000008a900000| Untracked |  0
|    6|0x000000008aa00000, 0x000000008ab00000, 0x000000008ab00000|100%| O|  |TAMS 0x000000008aa00000| PB 0x000000008aa00000| Untracked |  0
|    7|0x000000008ab00000, 0x000000008ac00000, 0x000000008ac00000|100%| O|  |TAMS 0x000000008ab00000| PB 0x000000008ab00000| Untracked |  0
|    8|0x000000008ac00000, 0x000000008ad00000, 0x000000008ad00000|100%| O|  |TAMS 0x000000008ac00000| PB 0x000000008ac00000| Untracked |  0
|    9|0x000000008ad00000, 0x000000008ae00000, 0x000000008ae00000|100%| O|  |TAMS 0x000000008ad00000| PB 0x000000008ad00000| Untracked |  0
|   10|0x000000008ae00000, 0x000000008af00000, 0x000000008af00000|100%| O|  |TAMS 0x000000008ae00000| PB 0x000000008ae00000| Untracked |  0
|   11|0x000000008af00000, 0x000000008b000000, 0x000000008b000000|100%| O|  |TAMS 0x000000008af00000| PB 0x000000008af00000| Untracked |  0
|   12|0x000000008b000000, 0x000000008b100000, 0x000000008b100000|100%| O|  |TAMS 0x000000008b000000| PB 0x000000008b000000| Untracked |  0
|   13|0x000000008b100000, 0x000000008b200000, 0x000000008b200000|100%| O|  |TAMS 0x000000008b100000| PB 0x000000008b100000| Untracked |  0
|   14|0x000000008b200000, 0x000000008b300000, 0x000000008b300000|100%| O|  |TAMS 0x000000008b200000| PB 0x000000008b200000| Untracked |  0
|   15|0x000000008b300000, 0x000000008b400000, 0x000000008b400000|100%| O|  |TAMS 0x000000008b300000| PB 0x000000008b300000| Untracked |  0
|   16|0x000000008b400000, 0x000000008b500000, 0x000000008b500000|100%| O|  |TAMS 0x000000008b400000| PB 0x000000008b400000| Untracked |  0
|   17|0x000000008b500000, 0x000000008b600000, 0x000000008b600000|100%| O|  |TAMS 0x000000008b500000| PB 0x000000008b500000| Untracked |  0
|   18|0x000000008b600000, 0x000000008b700000, 0x000000008b700000|100%| O|  |TAMS 0x000000008b600000| PB 0x000000008b600000| Untracked |  0
|   19|0x000000008b700000, 0x000000008b800000, 0x000000008b800000|100%| O|Cm|TAMS 0x000000008b700000| PB 0x000000008b700000| Complete  |  0
|   20|0x000000008b800000, 0x000000008b900000, 0x000000008b900000|100%|HS|  |TAMS 0x000000008b800000| PB 0x000000008b800000| Complete  |  0
|   21|0x000000008b900000, 0x000000008ba00000, 0x000000008ba00000|100%|HC|  |TAMS 0x000000008b900000| PB 0x000000008b900000| Complete  |  0
|   22|0x000000008ba00000, 0x000000008bb00000, 0x000000008bb00000|100%|HC|  |TAMS 0x000000008ba00000| PB 0x000000008ba00000| Complete  |  0
|   23|0x000000008bb00000, 0x000000008bb00000, 0x000000008bc00000|  0%| F|  |TAMS 0x000000008bb00000| PB 0x000000008bb00000| Untracked |  0
|   24|0x000000008bc00000, 0x000000008bd00000, 0x000000008bd00000|100%| O|  |TAMS 0x000000008bc00000| PB 0x000000008bc00000| Untracked |  0
|   25|0x000000008bd00000, 0x000000008be00000, 0x000000008be00000|100%| O|  |TAMS 0x000000008bd00000| PB 0x000000008bd00000| Untracked |  0
|   26|0x000000008be00000, 0x000000008bf00000, 0x000000008bf00000|100%| O|  |TAMS 0x000000008be00000| PB 0x000000008be00000| Untracked |  0
|   27|0x000000008bf00000, 0x000000008c000000, 0x000000008c000000|100%| O|  |TAMS 0x000000008bf00000| PB 0x000000008bf00000| Untracked |  0
|   28|0x000000008c000000, 0x000000008c100000, 0x000000008c100000|100%| O|  |TAMS 0x000000008c000000| PB 0x000000008c000000| Untracked |  0
|   29|0x000000008c100000, 0x000000008c100000, 0x000000008c200000|  0%| F|  |TAMS 0x000000008c100000| PB 0x000000008c100000| Untracked |  0
|   30|0x000000008c200000, 0x000000008c200000, 0x000000008c300000|  0%| F|  |TAMS 0x000000008c200000| PB 0x000000008c200000| Untracked |  0
|   31|0x000000008c300000, 0x000000008c300000, 0x000000008c400000|  0%| F|  |TAMS 0x000000008c300000| PB 0x000000008c300000| Untracked |  0
|   32|0x000000008c400000, 0x000000008c400000, 0x000000008c500000|  0%| F|  |TAMS 0x000000008c400000| PB 0x000000008c400000| Untracked |  0
|   33|0x000000008c500000, 0x000000008c500000, 0x000000008c600000|  0%| F|  |TAMS 0x000000008c500000| PB 0x000000008c500000| Untracked |  0
|   34|0x000000008c600000, 0x000000008c600000, 0x000000008c700000|  0%| F|  |TAMS 0x000000008c600000| PB 0x000000008c600000| Untracked |  0
|   35|0x000000008c700000, 0x000000008c700000, 0x000000008c800000|  0%| F|  |TAMS 0x000000008c700000| PB 0x000000008c700000| Untracked |  0
|   36|0x000000008c800000, 0x000000008c900000, 0x000000008c900000|100%| O|  |TAMS 0x000000008c800000| PB 0x000000008c800000| Untracked |  0
|   37|0x000000008c900000, 0x000000008c900000, 0x000000008ca00000|  0%| F|  |TAMS 0x000000008c900000| PB 0x000000008c900000| Untracked |  0
|   38|0x000000008ca00000, 0x000000008cb00000, 0x000000008cb00000|100%| O|  |TAMS 0x000000008ca00000| PB 0x000000008ca00000| Untracked |  0
|   39|0x000000008cb00000, 0x000000008cc00000, 0x000000008cc00000|100%| O|  |TAMS 0x000000008cb00000| PB 0x000000008cb00000| Untracked |  0
|   40|0x000000008cc00000, 0x000000008cd00000, 0x000000008cd00000|100%| O|  |TAMS 0x000000008cc00000| PB 0x000000008cc00000| Untracked |  0
|   41|0x000000008cd00000, 0x000000008ce00000, 0x000000008ce00000|100%|HS|  |TAMS 0x000000008cd00000| PB 0x000000008cd00000| Complete  |  0
|   42|0x000000008ce00000, 0x000000008cf00000, 0x000000008cf00000|100%|HC|  |TAMS 0x000000008ce00000| PB 0x000000008ce00000| Complete  |  0
|   43|0x000000008cf00000, 0x000000008d000000, 0x000000008d000000|100%|HC|  |TAMS 0x000000008cf00000| PB 0x000000008cf00000| Complete  |  0
|   44|0x000000008d000000, 0x000000008d100000, 0x000000008d100000|100%|HS|  |TAMS 0x000000008d000000| PB 0x000000008d000000| Complete  |  0
|   45|0x000000008d100000, 0x000000008d100000, 0x000000008d200000|  0%| F|  |TAMS 0x000000008d100000| PB 0x000000008d100000| Untracked |  0
|   46|0x000000008d200000, 0x000000008d200000, 0x000000008d300000|  0%| F|  |TAMS 0x000000008d200000| PB 0x000000008d200000| Untracked |  0
|   47|0x000000008d300000, 0x000000008d300000, 0x000000008d400000|  0%| F|  |TAMS 0x000000008d300000| PB 0x000000008d300000| Untracked |  0
|   48|0x000000008d400000, 0x000000008d400000, 0x000000008d500000|  0%| F|  |TAMS 0x000000008d400000| PB 0x000000008d400000| Untracked |  0
|   49|0x000000008d500000, 0x000000008d5de5a0, 0x000000008d600000| 86%| S|CS|TAMS 0x000000008d500000| PB 0x000000008d500000| Complete  |  0
|   50|0x000000008d600000, 0x000000008d700000, 0x000000008d700000|100%| O|  |TAMS 0x000000008d600000| PB 0x000000008d600000| Untracked |  0
|   51|0x000000008d700000, 0x000000008d800000, 0x000000008d800000|100%| O|Cm|TAMS 0x000000008d700000| PB 0x000000008d700000| Complete  |  0
|   52|0x000000008d800000, 0x000000008d900000, 0x000000008d900000|100%| O|Cm|TAMS 0x000000008d800000| PB 0x000000008d800000| Complete  |  0
|   53|0x000000008d900000, 0x000000008d900000, 0x000000008da00000|  0%| F|  |TAMS 0x000000008d900000| PB 0x000000008d900000| Untracked |  0
|   54|0x000000008da00000, 0x000000008db00000, 0x000000008db00000|100%| O|  |TAMS 0x000000008da00000| PB 0x000000008da00000| Untracked |  0
|   55|0x000000008db00000, 0x000000008dc00000, 0x000000008dc00000|100%| O|  |TAMS 0x000000008db00000| PB 0x000000008db00000| Untracked |  0
|   56|0x000000008dc00000, 0x000000008dd00000, 0x000000008dd00000|100%| O|  |TAMS 0x000000008dc00000| PB 0x000000008dc00000| Untracked |  0
|   57|0x000000008dd00000, 0x000000008de00000, 0x000000008de00000|100%| O|Cm|TAMS 0x000000008dd00000| PB 0x000000008dd00000| Complete  |  0
|   58|0x000000008de00000, 0x000000008df00000, 0x000000008df00000|100%| S|CS|TAMS 0x000000008de00000| PB 0x000000008de00000| Complete  |  0
|   59|0x000000008df00000, 0x000000008df00000, 0x000000008e000000|  0%| F|  |TAMS 0x000000008df00000| PB 0x000000008df00000| Untracked |  0
|   60|0x000000008e000000, 0x000000008e000000, 0x000000008e100000|  0%| F|  |TAMS 0x000000008e000000| PB 0x000000008e000000| Untracked |  0
|   61|0x000000008e100000, 0x000000008e100000, 0x000000008e200000|  0%| F|  |TAMS 0x000000008e100000| PB 0x000000008e100000| Untracked |  0
|   62|0x000000008e200000, 0x000000008e200000, 0x000000008e300000|  0%| F|  |TAMS 0x000000008e200000| PB 0x000000008e200000| Untracked |  0
|   63|0x000000008e300000, 0x000000008e300000, 0x000000008e400000|  0%| F|  |TAMS 0x000000008e300000| PB 0x000000008e300000| Untracked |  0
|   64|0x000000008e400000, 0x000000008e400000, 0x000000008e500000|  0%| F|  |TAMS 0x000000008e400000| PB 0x000000008e400000| Untracked |  0
|   65|0x000000008e500000, 0x000000008e500000, 0x000000008e600000|  0%| F|  |TAMS 0x000000008e500000| PB 0x000000008e500000| Untracked |  0
|   66|0x000000008e600000, 0x000000008e600000, 0x000000008e700000|  0%| F|  |TAMS 0x000000008e600000| PB 0x000000008e600000| Untracked |  0
|   67|0x000000008e700000, 0x000000008e700000, 0x000000008e800000|  0%| F|  |TAMS 0x000000008e700000| PB 0x000000008e700000| Untracked |  0
|   68|0x000000008e800000, 0x000000008e800000, 0x000000008e900000|  0%| F|  |TAMS 0x000000008e800000| PB 0x000000008e800000| Untracked |  0
|   69|0x000000008e900000, 0x000000008e900000, 0x000000008ea00000|  0%| F|  |TAMS 0x000000008e900000| PB 0x000000008e900000| Untracked |  0
|   70|0x000000008ea00000, 0x000000008ea00000, 0x000000008eb00000|  0%| F|  |TAMS 0x000000008ea00000| PB 0x000000008ea00000| Untracked |  0
|   71|0x000000008eb00000, 0x000000008eb00000, 0x000000008ec00000|  0%| F|  |TAMS 0x000000008eb00000| PB 0x000000008eb00000| Untracked |  0
|   72|0x000000008ec00000, 0x000000008ec00000, 0x000000008ed00000|  0%| F|  |TAMS 0x000000008ec00000| PB 0x000000008ec00000| Untracked |  0
|   73|0x000000008ed00000, 0x000000008ed00000, 0x000000008ee00000|  0%| F|  |TAMS 0x000000008ed00000| PB 0x000000008ed00000| Untracked |  0
|   74|0x000000008ee00000, 0x000000008ee00000, 0x000000008ef00000|  0%| F|  |TAMS 0x000000008ee00000| PB 0x000000008ee00000| Untracked |  0
|   75|0x000000008ef00000, 0x000000008ef00000, 0x000000008f000000|  0%| F|  |TAMS 0x000000008ef00000| PB 0x000000008ef00000| Untracked |  0
|   76|0x000000008f000000, 0x000000008f000000, 0x000000008f100000|  0%| F|  |TAMS 0x000000008f000000| PB 0x000000008f000000| Untracked |  0
|   77|0x000000008f100000, 0x000000008f100000, 0x000000008f200000|  0%| F|  |TAMS 0x000000008f100000| PB 0x000000008f100000| Untracked |  0
|   78|0x000000008f200000, 0x000000008f200000, 0x000000008f300000|  0%| F|  |TAMS 0x000000008f200000| PB 0x000000008f200000| Untracked |  0
|   79|0x000000008f300000, 0x000000008f300000, 0x000000008f400000|  0%| F|  |TAMS 0x000000008f300000| PB 0x000000008f300000| Untracked |  0
|   80|0x000000008f400000, 0x000000008f400000, 0x000000008f500000|  0%| F|  |TAMS 0x000000008f400000| PB 0x000000008f400000| Untracked |  0
|   81|0x000000008f500000, 0x000000008f500000, 0x000000008f600000|  0%| F|  |TAMS 0x000000008f500000| PB 0x000000008f500000| Untracked |  0
|   82|0x000000008f600000, 0x000000008f600000, 0x000000008f700000|  0%| F|  |TAMS 0x000000008f600000| PB 0x000000008f600000| Untracked |  0
|   83|0x000000008f700000, 0x000000008f700000, 0x000000008f800000|  0%| F|  |TAMS 0x000000008f700000| PB 0x000000008f700000| Untracked |  0
|   84|0x000000008f800000, 0x000000008f800000, 0x000000008f900000|  0%| F|  |TAMS 0x000000008f800000| PB 0x000000008f800000| Untracked |  0
|   85|0x000000008f900000, 0x000000008f900000, 0x000000008fa00000|  0%| F|  |TAMS 0x000000008f900000| PB 0x000000008f900000| Untracked |  0
|   86|0x000000008fa00000, 0x000000008fa00000, 0x000000008fb00000|  0%| F|  |TAMS 0x000000008fa00000| PB 0x000000008fa00000| Untracked |  0
|   87|0x000000008fb00000, 0x000000008fb00000, 0x000000008fc00000|  0%| F|  |TAMS 0x000000008fb00000| PB 0x000000008fb00000| Untracked |  0
|   88|0x000000008fc00000, 0x000000008fc00000, 0x000000008fd00000|  0%| F|  |TAMS 0x000000008fc00000| PB 0x000000008fc00000| Untracked |  0
|   89|0x000000008fd00000, 0x000000008fd00000, 0x000000008fe00000|  0%| F|  |TAMS 0x000000008fd00000| PB 0x000000008fd00000| Untracked |  0
|   90|0x000000008fe00000, 0x000000008fe00000, 0x000000008ff00000|  0%| F|  |TAMS 0x000000008fe00000| PB 0x000000008fe00000| Untracked |  0
|   91|0x000000008ff00000, 0x000000008ff00000, 0x0000000090000000|  0%| F|  |TAMS 0x000000008ff00000| PB 0x000000008ff00000| Untracked |  0
|   92|0x0000000090000000, 0x0000000090000000, 0x0000000090100000|  0%| F|  |TAMS 0x0000000090000000| PB 0x0000000090000000| Untracked |  0
|   93|0x0000000090100000, 0x0000000090100000, 0x0000000090200000|  0%| F|  |TAMS 0x0000000090100000| PB 0x0000000090100000| Untracked |  0
|   94|0x0000000090200000, 0x0000000090200000, 0x0000000090300000|  0%| F|  |TAMS 0x0000000090200000| PB 0x0000000090200000| Untracked |  0
|   95|0x0000000090300000, 0x0000000090300000, 0x0000000090400000|  0%| F|  |TAMS 0x0000000090300000| PB 0x0000000090300000| Untracked |  0
|   96|0x0000000090400000, 0x0000000090400000, 0x0000000090500000|  0%| F|  |TAMS 0x0000000090400000| PB 0x0000000090400000| Untracked |  0
|   97|0x0000000090500000, 0x0000000090500000, 0x0000000090600000|  0%| F|  |TAMS 0x0000000090500000| PB 0x0000000090500000| Untracked |  0
|   98|0x0000000090600000, 0x0000000090600000, 0x0000000090700000|  0%| F|  |TAMS 0x0000000090600000| PB 0x0000000090600000| Untracked |  0
|   99|0x0000000090700000, 0x0000000090700000, 0x0000000090800000|  0%| F|  |TAMS 0x0000000090700000| PB 0x0000000090700000| Untracked |  0
|  100|0x0000000090800000, 0x0000000090800000, 0x0000000090900000|  0%| F|  |TAMS 0x0000000090800000| PB 0x0000000090800000| Untracked |  0
|  101|0x0000000090900000, 0x0000000090900000, 0x0000000090a00000|  0%| F|  |TAMS 0x0000000090900000| PB 0x0000000090900000| Untracked |  0
|  102|0x0000000090a00000, 0x0000000090a00000, 0x0000000090b00000|  0%| F|  |TAMS 0x0000000090a00000| PB 0x0000000090a00000| Untracked |  0
|  103|0x0000000090b00000, 0x0000000090b00000, 0x0000000090c00000|  0%| F|  |TAMS 0x0000000090b00000| PB 0x0000000090b00000| Untracked |  0
|  104|0x0000000090c00000, 0x0000000090c00000, 0x0000000090d00000|  0%| F|  |TAMS 0x0000000090c00000| PB 0x0000000090c00000| Untracked |  0
|  105|0x0000000090d00000, 0x0000000090d00000, 0x0000000090e00000|  0%| F|  |TAMS 0x0000000090d00000| PB 0x0000000090d00000| Untracked |  0
|  106|0x0000000090e00000, 0x0000000090e00000, 0x0000000090f00000|  0%| F|  |TAMS 0x0000000090e00000| PB 0x0000000090e00000| Untracked |  0
|  107|0x0000000090f00000, 0x0000000090f00000, 0x0000000091000000|  0%| F|  |TAMS 0x0000000090f00000| PB 0x0000000090f00000| Untracked |  0
|  108|0x0000000091000000, 0x0000000091000000, 0x0000000091100000|  0%| F|  |TAMS 0x0000000091000000| PB 0x0000000091000000| Untracked |  0
|  109|0x0000000091100000, 0x0000000091100000, 0x0000000091200000|  0%| F|  |TAMS 0x0000000091100000| PB 0x0000000091100000| Untracked |  0
|  110|0x0000000091200000, 0x0000000091200000, 0x0000000091300000|  0%| F|  |TAMS 0x0000000091200000| PB 0x0000000091200000| Untracked |  0
|  111|0x0000000091300000, 0x0000000091300000, 0x0000000091400000|  0%| F|  |TAMS 0x0000000091300000| PB 0x0000000091300000| Untracked |  0
|  112|0x0000000091400000, 0x0000000091400000, 0x0000000091500000|  0%| F|  |TAMS 0x0000000091400000| PB 0x0000000091400000| Untracked |  0
|  113|0x0000000091500000, 0x0000000091500000, 0x0000000091600000|  0%| F|  |TAMS 0x0000000091500000| PB 0x0000000091500000| Untracked |  0
|  114|0x0000000091600000, 0x0000000091600000, 0x0000000091700000|  0%| F|  |TAMS 0x0000000091600000| PB 0x0000000091600000| Untracked |  0
|  115|0x0000000091700000, 0x0000000091700000, 0x0000000091800000|  0%| F|  |TAMS 0x0000000091700000| PB 0x0000000091700000| Untracked |  0
|  116|0x0000000091800000, 0x0000000091800000, 0x0000000091900000|  0%| F|  |TAMS 0x0000000091800000| PB 0x0000000091800000| Untracked |  0
|  117|0x0000000091900000, 0x0000000091900000, 0x0000000091a00000|  0%| F|  |TAMS 0x0000000091900000| PB 0x0000000091900000| Untracked |  0
|  118|0x0000000091a00000, 0x0000000091a00000, 0x0000000091b00000|  0%| F|  |TAMS 0x0000000091a00000| PB 0x0000000091a00000| Untracked |  0
|  119|0x0000000091b00000, 0x0000000091b00000, 0x0000000091c00000|  0%| F|  |TAMS 0x0000000091b00000| PB 0x0000000091b00000| Untracked |  0
|  120|0x0000000091c00000, 0x0000000091c00000, 0x0000000091d00000|  0%| F|  |TAMS 0x0000000091c00000| PB 0x0000000091c00000| Untracked |  0
|  121|0x0000000091d00000, 0x0000000091d00000, 0x0000000091e00000|  0%| F|  |TAMS 0x0000000091d00000| PB 0x0000000091d00000| Untracked |  0
|  122|0x0000000091e00000, 0x0000000091e00000, 0x0000000091f00000|  0%| F|  |TAMS 0x0000000091e00000| PB 0x0000000091e00000| Untracked |  0
|  123|0x0000000091f00000, 0x0000000091f00000, 0x0000000092000000|  0%| F|  |TAMS 0x0000000091f00000| PB 0x0000000091f00000| Untracked |  0
|  124|0x0000000092000000, 0x0000000092000000, 0x0000000092100000|  0%| F|  |TAMS 0x0000000092000000| PB 0x0000000092000000| Untracked |  0
|  125|0x0000000092100000, 0x0000000092100000, 0x0000000092200000|  0%| F|  |TAMS 0x0000000092100000| PB 0x0000000092100000| Untracked |  0
|  126|0x0000000092200000, 0x0000000092200000, 0x0000000092300000|  0%| F|  |TAMS 0x0000000092200000| PB 0x0000000092200000| Untracked |  0
|  127|0x0000000092300000, 0x0000000092300000, 0x0000000092400000|  0%| F|  |TAMS 0x0000000092300000| PB 0x0000000092300000| Untracked |  0
|  128|0x0000000092400000, 0x0000000092400000, 0x0000000092500000|  0%| F|  |TAMS 0x0000000092400000| PB 0x0000000092400000| Untracked |  0
|  129|0x0000000092500000, 0x0000000092500000, 0x0000000092600000|  0%| F|  |TAMS 0x0000000092500000| PB 0x0000000092500000| Untracked |  0
|  130|0x0000000092600000, 0x0000000092600000, 0x0000000092700000|  0%| F|  |TAMS 0x0000000092600000| PB 0x0000000092600000| Untracked |  0
|  131|0x0000000092700000, 0x0000000092700000, 0x0000000092800000|  0%| F|  |TAMS 0x0000000092700000| PB 0x0000000092700000| Untracked |  0
|  132|0x0000000092800000, 0x0000000092800000, 0x0000000092900000|  0%| F|  |TAMS 0x0000000092800000| PB 0x0000000092800000| Untracked |  0
|  133|0x0000000092900000, 0x0000000092900000, 0x0000000092a00000|  0%| F|  |TAMS 0x0000000092900000| PB 0x0000000092900000| Untracked |  0
|  134|0x0000000092a00000, 0x0000000092a00000, 0x0000000092b00000|  0%| F|  |TAMS 0x0000000092a00000| PB 0x0000000092a00000| Untracked |  0
|  135|0x0000000092b00000, 0x0000000092b00000, 0x0000000092c00000|  0%| F|  |TAMS 0x0000000092b00000| PB 0x0000000092b00000| Untracked |  0
|  136|0x0000000092c00000, 0x0000000092c00000, 0x0000000092d00000|  0%| F|  |TAMS 0x0000000092c00000| PB 0x0000000092c00000| Untracked |  0
|  137|0x0000000092d00000, 0x0000000092d00000, 0x0000000092e00000|  0%| F|  |TAMS 0x0000000092d00000| PB 0x0000000092d00000| Untracked |  0
|  138|0x0000000092e00000, 0x0000000092e00000, 0x0000000092f00000|  0%| F|  |TAMS 0x0000000092e00000| PB 0x0000000092e00000| Untracked |  0
|  139|0x0000000092f00000, 0x0000000092f00000, 0x0000000093000000|  0%| F|  |TAMS 0x0000000092f00000| PB 0x0000000092f00000| Untracked |  0
|  140|0x0000000093000000, 0x0000000093000000, 0x0000000093100000|  0%| F|  |TAMS 0x0000000093000000| PB 0x0000000093000000| Untracked |  0
|  141|0x0000000093100000, 0x0000000093100000, 0x0000000093200000|  0%| F|  |TAMS 0x0000000093100000| PB 0x0000000093100000| Untracked |  0
|  142|0x0000000093200000, 0x0000000093200000, 0x0000000093300000|  0%| F|  |TAMS 0x0000000093200000| PB 0x0000000093200000| Untracked |  0
|  143|0x0000000093300000, 0x0000000093300000, 0x0000000093400000|  0%| F|  |TAMS 0x0000000093300000| PB 0x0000000093300000| Untracked |  0
|  144|0x0000000093400000, 0x0000000093400000, 0x0000000093500000|  0%| F|  |TAMS 0x0000000093400000| PB 0x0000000093400000| Untracked |  0
|  145|0x0000000093500000, 0x0000000093500000, 0x0000000093600000|  0%| F|  |TAMS 0x0000000093500000| PB 0x0000000093500000| Untracked |  0
|  146|0x0000000093600000, 0x0000000093600000, 0x0000000093700000|  0%| F|  |TAMS 0x0000000093600000| PB 0x0000000093600000| Untracked |  0
|  147|0x0000000093700000, 0x0000000093700000, 0x0000000093800000|  0%| F|  |TAMS 0x0000000093700000| PB 0x0000000093700000| Untracked |  0
|  148|0x0000000093800000, 0x0000000093800000, 0x0000000093900000|  0%| F|  |TAMS 0x0000000093800000| PB 0x0000000093800000| Untracked |  0
|  149|0x0000000093900000, 0x0000000093900000, 0x0000000093a00000|  0%| F|  |TAMS 0x0000000093900000| PB 0x0000000093900000| Untracked |  0
|  150|0x0000000093a00000, 0x0000000093a00000, 0x0000000093b00000|  0%| F|  |TAMS 0x0000000093a00000| PB 0x0000000093a00000| Untracked |  0
|  151|0x0000000093b00000, 0x0000000093b00000, 0x0000000093c00000|  0%| F|  |TAMS 0x0000000093b00000| PB 0x0000000093b00000| Untracked |  0
|  152|0x0000000093c00000, 0x0000000093c00000, 0x0000000093d00000|  0%| F|  |TAMS 0x0000000093c00000| PB 0x0000000093c00000| Untracked |  0
|  153|0x0000000093d00000, 0x0000000093d00000, 0x0000000093e00000|  0%| F|  |TAMS 0x0000000093d00000| PB 0x0000000093d00000| Untracked |  0
|  154|0x0000000093e00000, 0x0000000093e00000, 0x0000000093f00000|  0%| F|  |TAMS 0x0000000093e00000| PB 0x0000000093e00000| Untracked |  0
|  155|0x0000000093f00000, 0x0000000093f00000, 0x0000000094000000|  0%| F|  |TAMS 0x0000000093f00000| PB 0x0000000093f00000| Untracked |  0
|  156|0x0000000094000000, 0x0000000094000000, 0x0000000094100000|  0%| F|  |TAMS 0x0000000094000000| PB 0x0000000094000000| Untracked |  0
|  157|0x0000000094100000, 0x0000000094100000, 0x0000000094200000|  0%| F|  |TAMS 0x0000000094100000| PB 0x0000000094100000| Untracked |  0
|  158|0x0000000094200000, 0x0000000094200000, 0x0000000094300000|  0%| F|  |TAMS 0x0000000094200000| PB 0x0000000094200000| Untracked |  0
|  159|0x0000000094300000, 0x0000000094300000, 0x0000000094400000|  0%| F|  |TAMS 0x0000000094300000| PB 0x0000000094300000| Untracked |  0
|  160|0x0000000094400000, 0x0000000094400000, 0x0000000094500000|  0%| F|  |TAMS 0x0000000094400000| PB 0x0000000094400000| Untracked |  0
|  161|0x0000000094500000, 0x0000000094500000, 0x0000000094600000|  0%| F|  |TAMS 0x0000000094500000| PB 0x0000000094500000| Untracked |  0
|  162|0x0000000094600000, 0x0000000094600000, 0x0000000094700000|  0%| F|  |TAMS 0x0000000094600000| PB 0x0000000094600000| Untracked |  0
|  163|0x0000000094700000, 0x0000000094700000, 0x0000000094800000|  0%| F|  |TAMS 0x0000000094700000| PB 0x0000000094700000| Untracked |  0
|  164|0x0000000094800000, 0x0000000094800000, 0x0000000094900000|  0%| F|  |TAMS 0x0000000094800000| PB 0x0000000094800000| Untracked |  0
|  165|0x0000000094900000, 0x0000000094900000, 0x0000000094a00000|  0%| F|  |TAMS 0x0000000094900000| PB 0x0000000094900000| Untracked |  0
|  166|0x0000000094a00000, 0x0000000094a00000, 0x0000000094b00000|  0%| F|  |TAMS 0x0000000094a00000| PB 0x0000000094a00000| Untracked |  0
|  167|0x0000000094b00000, 0x0000000094b00000, 0x0000000094c00000|  0%| F|  |TAMS 0x0000000094b00000| PB 0x0000000094b00000| Untracked |  0
|  168|0x0000000094c00000, 0x0000000094c00000, 0x0000000094d00000|  0%| F|  |TAMS 0x0000000094c00000| PB 0x0000000094c00000| Untracked |  0
|  169|0x0000000094d00000, 0x0000000094d00000, 0x0000000094e00000|  0%| F|  |TAMS 0x0000000094d00000| PB 0x0000000094d00000| Untracked |  0
|  170|0x0000000094e00000, 0x0000000094e00000, 0x0000000094f00000|  0%| F|  |TAMS 0x0000000094e00000| PB 0x0000000094e00000| Untracked |  0
|  171|0x0000000094f00000, 0x0000000094f00000, 0x0000000095000000|  0%| F|  |TAMS 0x0000000094f00000| PB 0x0000000094f00000| Untracked |  0
|  172|0x0000000095000000, 0x0000000095000000, 0x0000000095100000|  0%| F|  |TAMS 0x0000000095000000| PB 0x0000000095000000| Untracked |  0
|  173|0x0000000095100000, 0x0000000095100000, 0x0000000095200000|  0%| F|  |TAMS 0x0000000095100000| PB 0x0000000095100000| Untracked |  0
|  174|0x0000000095200000, 0x0000000095200000, 0x0000000095300000|  0%| F|  |TAMS 0x0000000095200000| PB 0x0000000095200000| Untracked |  0
|  175|0x0000000095300000, 0x0000000095300000, 0x0000000095400000|  0%| F|  |TAMS 0x0000000095300000| PB 0x0000000095300000| Untracked |  0
|  176|0x0000000095400000, 0x0000000095400000, 0x0000000095500000|  0%| F|  |TAMS 0x0000000095400000| PB 0x0000000095400000| Untracked |  0
|  177|0x0000000095500000, 0x0000000095500000, 0x0000000095600000|  0%| F|  |TAMS 0x0000000095500000| PB 0x0000000095500000| Untracked |  0
|  178|0x0000000095600000, 0x0000000095600000, 0x0000000095700000|  0%| F|  |TAMS 0x0000000095600000| PB 0x0000000095600000| Untracked |  0
|  179|0x0000000095700000, 0x0000000095700000, 0x0000000095800000|  0%| F|  |TAMS 0x0000000095700000| PB 0x0000000095700000| Untracked |  0
|  180|0x0000000095800000, 0x0000000095800000, 0x0000000095900000|  0%| F|  |TAMS 0x0000000095800000| PB 0x0000000095800000| Untracked |  0
|  181|0x0000000095900000, 0x0000000095900000, 0x0000000095a00000|  0%| F|  |TAMS 0x0000000095900000| PB 0x0000000095900000| Untracked |  0
|  182|0x0000000095a00000, 0x0000000095a00000, 0x0000000095b00000|  0%| F|  |TAMS 0x0000000095a00000| PB 0x0000000095a00000| Untracked |  0
|  183|0x0000000095b00000, 0x0000000095b00000, 0x0000000095c00000|  0%| F|  |TAMS 0x0000000095b00000| PB 0x0000000095b00000| Untracked |  0
|  184|0x0000000095c00000, 0x0000000095c00000, 0x0000000095d00000|  0%| F|  |TAMS 0x0000000095c00000| PB 0x0000000095c00000| Untracked |  0
|  185|0x0000000095d00000, 0x0000000095d00000, 0x0000000095e00000|  0%| F|  |TAMS 0x0000000095d00000| PB 0x0000000095d00000| Untracked |  0
|  186|0x0000000095e00000, 0x0000000095e00000, 0x0000000095f00000|  0%| F|  |TAMS 0x0000000095e00000| PB 0x0000000095e00000| Untracked |  0
|  187|0x0000000095f00000, 0x0000000095f00000, 0x0000000096000000|  0%| F|  |TAMS 0x0000000095f00000| PB 0x0000000095f00000| Untracked |  0
|  188|0x0000000096000000, 0x0000000096000000, 0x0000000096100000|  0%| F|  |TAMS 0x0000000096000000| PB 0x0000000096000000| Untracked |  0
|  189|0x0000000096100000, 0x0000000096100000, 0x0000000096200000|  0%| F|  |TAMS 0x0000000096100000| PB 0x0000000096100000| Untracked |  0
|  190|0x0000000096200000, 0x0000000096200000, 0x0000000096300000|  0%| F|  |TAMS 0x0000000096200000| PB 0x0000000096200000| Untracked |  0
|  191|0x0000000096300000, 0x0000000096300000, 0x0000000096400000|  0%| F|  |TAMS 0x0000000096300000| PB 0x0000000096300000| Untracked |  0
|  192|0x0000000096400000, 0x0000000096400000, 0x0000000096500000|  0%| F|  |TAMS 0x0000000096400000| PB 0x0000000096400000| Untracked |  0
|  193|0x0000000096500000, 0x0000000096500000, 0x0000000096600000|  0%| F|  |TAMS 0x0000000096500000| PB 0x0000000096500000| Untracked |  0
|  194|0x0000000096600000, 0x0000000096600000, 0x0000000096700000|  0%| F|  |TAMS 0x0000000096600000| PB 0x0000000096600000| Untracked |  0
|  195|0x0000000096700000, 0x0000000096700000, 0x0000000096800000|  0%| F|  |TAMS 0x0000000096700000| PB 0x0000000096700000| Untracked |  0
|  196|0x0000000096800000, 0x0000000096800000, 0x0000000096900000|  0%| F|  |TAMS 0x0000000096800000| PB 0x0000000096800000| Untracked |  0
|  197|0x0000000096900000, 0x0000000096900000, 0x0000000096a00000|  0%| F|  |TAMS 0x0000000096900000| PB 0x0000000096900000| Untracked |  0
|  198|0x0000000096a00000, 0x0000000096a00000, 0x0000000096b00000|  0%| F|  |TAMS 0x0000000096a00000| PB 0x0000000096a00000| Untracked |  0
|  199|0x0000000096b00000, 0x0000000096b00000, 0x0000000096c00000|  0%| F|  |TAMS 0x0000000096b00000| PB 0x0000000096b00000| Untracked |  0
|  200|0x0000000096c00000, 0x0000000096c00000, 0x0000000096d00000|  0%| F|  |TAMS 0x0000000096c00000| PB 0x0000000096c00000| Untracked |  0
|  201|0x0000000096d00000, 0x0000000096d00000, 0x0000000096e00000|  0%| F|  |TAMS 0x0000000096d00000| PB 0x0000000096d00000| Untracked |  0
|  202|0x0000000096e00000, 0x0000000096e00000, 0x0000000096f00000|  0%| F|  |TAMS 0x0000000096e00000| PB 0x0000000096e00000| Untracked |  0
|  203|0x0000000096f00000, 0x0000000096f00000, 0x0000000097000000|  0%| F|  |TAMS 0x0000000096f00000| PB 0x0000000096f00000| Untracked |  0
|  204|0x0000000097000000, 0x0000000097000000, 0x0000000097100000|  0%| F|  |TAMS 0x0000000097000000| PB 0x0000000097000000| Untracked |  0
|  205|0x0000000097100000, 0x0000000097100000, 0x0000000097200000|  0%| F|  |TAMS 0x0000000097100000| PB 0x0000000097100000| Untracked |  0
|  206|0x0000000097200000, 0x0000000097200000, 0x0000000097300000|  0%| F|  |TAMS 0x0000000097200000| PB 0x0000000097200000| Untracked |  0
|  207|0x0000000097300000, 0x0000000097300000, 0x0000000097400000|  0%| F|  |TAMS 0x0000000097300000| PB 0x0000000097300000| Untracked |  0
|  208|0x0000000097400000, 0x0000000097400000, 0x0000000097500000|  0%| F|  |TAMS 0x0000000097400000| PB 0x0000000097400000| Untracked |  0
|  209|0x0000000097500000, 0x0000000097500000, 0x0000000097600000|  0%| F|  |TAMS 0x0000000097500000| PB 0x0000000097500000| Untracked |  0
|  210|0x0000000097600000, 0x0000000097600000, 0x0000000097700000|  0%| F|  |TAMS 0x0000000097600000| PB 0x0000000097600000| Untracked |  0
|  211|0x0000000097700000, 0x0000000097700000, 0x0000000097800000|  0%| F|  |TAMS 0x0000000097700000| PB 0x0000000097700000| Untracked |  0
|  212|0x0000000097800000, 0x0000000097800000, 0x0000000097900000|  0%| F|  |TAMS 0x0000000097800000| PB 0x0000000097800000| Untracked |  0
|  213|0x0000000097900000, 0x0000000097900000, 0x0000000097a00000|  0%| F|  |TAMS 0x0000000097900000| PB 0x0000000097900000| Untracked |  0
|  214|0x0000000097a00000, 0x0000000097a00000, 0x0000000097b00000|  0%| F|  |TAMS 0x0000000097a00000| PB 0x0000000097a00000| Untracked |  0
|  215|0x0000000097b00000, 0x0000000097b00000, 0x0000000097c00000|  0%| F|  |TAMS 0x0000000097b00000| PB 0x0000000097b00000| Untracked |  0
|  216|0x0000000097c00000, 0x0000000097c00000, 0x0000000097d00000|  0%| F|  |TAMS 0x0000000097c00000| PB 0x0000000097c00000| Untracked |  0
|  217|0x0000000097d00000, 0x0000000097d00000, 0x0000000097e00000|  0%| F|  |TAMS 0x0000000097d00000| PB 0x0000000097d00000| Untracked |  0
|  218|0x0000000097e00000, 0x0000000097e00000, 0x0000000097f00000|  0%| F|  |TAMS 0x0000000097e00000| PB 0x0000000097e00000| Untracked |  0
|  219|0x0000000097f00000, 0x0000000097f00000, 0x0000000098000000|  0%| F|  |TAMS 0x0000000097f00000| PB 0x0000000097f00000| Untracked |  0
|  220|0x0000000098000000, 0x0000000098000000, 0x0000000098100000|  0%| F|  |TAMS 0x0000000098000000| PB 0x0000000098000000| Untracked |  0
|  221|0x0000000098100000, 0x0000000098100000, 0x0000000098200000|  0%| F|  |TAMS 0x0000000098100000| PB 0x0000000098100000| Untracked |  0
|  222|0x0000000098200000, 0x0000000098200000, 0x0000000098300000|  0%| F|  |TAMS 0x0000000098200000| PB 0x0000000098200000| Untracked |  0
|  223|0x0000000098300000, 0x0000000098300000, 0x0000000098400000|  0%| F|  |TAMS 0x0000000098300000| PB 0x0000000098300000| Untracked |  0
|  224|0x0000000098400000, 0x0000000098400000, 0x0000000098500000|  0%| F|  |TAMS 0x0000000098400000| PB 0x0000000098400000| Untracked |  0
|  225|0x0000000098500000, 0x0000000098500000, 0x0000000098600000|  0%| F|  |TAMS 0x0000000098500000| PB 0x0000000098500000| Untracked |  0
|  226|0x0000000098600000, 0x0000000098600000, 0x0000000098700000|  0%| F|  |TAMS 0x0000000098600000| PB 0x0000000098600000| Untracked |  0
|  227|0x0000000098700000, 0x0000000098700000, 0x0000000098800000|  0%| F|  |TAMS 0x0000000098700000| PB 0x0000000098700000| Untracked |  0
|  228|0x0000000098800000, 0x0000000098800000, 0x0000000098900000|  0%| F|  |TAMS 0x0000000098800000| PB 0x0000000098800000| Untracked |  0
|  229|0x0000000098900000, 0x0000000098900000, 0x0000000098a00000|  0%| F|  |TAMS 0x0000000098900000| PB 0x0000000098900000| Untracked |  0
|  230|0x0000000098a00000, 0x0000000098a00000, 0x0000000098b00000|  0%| F|  |TAMS 0x0000000098a00000| PB 0x0000000098a00000| Untracked |  0
|  231|0x0000000098b00000, 0x0000000098b00000, 0x0000000098c00000|  0%| F|  |TAMS 0x0000000098b00000| PB 0x0000000098b00000| Untracked |  0
|  232|0x0000000098c00000, 0x0000000098c00000, 0x0000000098d00000|  0%| F|  |TAMS 0x0000000098c00000| PB 0x0000000098c00000| Untracked |  0
|  233|0x0000000098d00000, 0x0000000098d00000, 0x0000000098e00000|  0%| F|  |TAMS 0x0000000098d00000| PB 0x0000000098d00000| Untracked |  0
|  234|0x0000000098e00000, 0x0000000098e00000, 0x0000000098f00000|  0%| F|  |TAMS 0x0000000098e00000| PB 0x0000000098e00000| Untracked |  0
|  235|0x0000000098f00000, 0x0000000098f00000, 0x0000000099000000|  0%| F|  |TAMS 0x0000000098f00000| PB 0x0000000098f00000| Untracked |  0
|  236|0x0000000099000000, 0x0000000099000000, 0x0000000099100000|  0%| F|  |TAMS 0x0000000099000000| PB 0x0000000099000000| Untracked |  0
|  237|0x0000000099100000, 0x0000000099100000, 0x0000000099200000|  0%| F|  |TAMS 0x0000000099100000| PB 0x0000000099100000| Untracked |  0
|  238|0x0000000099200000, 0x0000000099200000, 0x0000000099300000|  0%| F|  |TAMS 0x0000000099200000| PB 0x0000000099200000| Untracked |  0
|  239|0x0000000099300000, 0x0000000099300000, 0x0000000099400000|  0%| F|  |TAMS 0x0000000099300000| PB 0x0000000099300000| Untracked |  0
|  240|0x0000000099400000, 0x0000000099400000, 0x0000000099500000|  0%| F|  |TAMS 0x0000000099400000| PB 0x0000000099400000| Untracked |  0
|  241|0x0000000099500000, 0x0000000099500000, 0x0000000099600000|  0%| F|  |TAMS 0x0000000099500000| PB 0x0000000099500000| Untracked |  0
|  242|0x0000000099600000, 0x0000000099600000, 0x0000000099700000|  0%| F|  |TAMS 0x0000000099600000| PB 0x0000000099600000| Untracked |  0
|  243|0x0000000099700000, 0x0000000099700000, 0x0000000099800000|  0%| F|  |TAMS 0x0000000099700000| PB 0x0000000099700000| Untracked |  0
|  244|0x0000000099800000, 0x0000000099800000, 0x0000000099900000|  0%| F|  |TAMS 0x0000000099800000| PB 0x0000000099800000| Untracked |  0
|  245|0x0000000099900000, 0x0000000099900000, 0x0000000099a00000|  0%| F|  |TAMS 0x0000000099900000| PB 0x0000000099900000| Untracked |  0
|  246|0x0000000099a00000, 0x0000000099a00000, 0x0000000099b00000|  0%| F|  |TAMS 0x0000000099a00000| PB 0x0000000099a00000| Untracked |  0
|  247|0x0000000099b00000, 0x0000000099b00000, 0x0000000099c00000|  0%| F|  |TAMS 0x0000000099b00000| PB 0x0000000099b00000| Untracked |  0
|  248|0x0000000099c00000, 0x0000000099c00000, 0x0000000099d00000|  0%| F|  |TAMS 0x0000000099c00000| PB 0x0000000099c00000| Untracked |  0
|  249|0x0000000099d00000, 0x0000000099d00000, 0x0000000099e00000|  0%| F|  |TAMS 0x0000000099d00000| PB 0x0000000099d00000| Untracked |  0
|  250|0x0000000099e00000, 0x0000000099e00000, 0x0000000099f00000|  0%| F|  |TAMS 0x0000000099e00000| PB 0x0000000099e00000| Untracked |  0
|  251|0x0000000099f00000, 0x0000000099f00000, 0x000000009a000000|  0%| F|  |TAMS 0x0000000099f00000| PB 0x0000000099f00000| Untracked |  0
|  252|0x000000009a000000, 0x000000009a000000, 0x000000009a100000|  0%| F|  |TAMS 0x000000009a000000| PB 0x000000009a000000| Untracked |  0
|  253|0x000000009a100000, 0x000000009a100000, 0x000000009a200000|  0%| F|  |TAMS 0x000000009a100000| PB 0x000000009a100000| Untracked |  0
|  254|0x000000009a200000, 0x000000009a200000, 0x000000009a300000|  0%| F|  |TAMS 0x000000009a200000| PB 0x000000009a200000| Untracked |  0
|  255|0x000000009a300000, 0x000000009a300000, 0x000000009a400000|  0%| F|  |TAMS 0x000000009a300000| PB 0x000000009a300000| Untracked |  0
|  256|0x000000009a400000, 0x000000009a400000, 0x000000009a500000|  0%| F|  |TAMS 0x000000009a400000| PB 0x000000009a400000| Untracked |  0
|  257|0x000000009a500000, 0x000000009a500000, 0x000000009a600000|  0%| F|  |TAMS 0x000000009a500000| PB 0x000000009a500000| Untracked |  0
|  258|0x000000009a600000, 0x000000009a600000, 0x000000009a700000|  0%| F|  |TAMS 0x000000009a600000| PB 0x000000009a600000| Untracked |  0
|  259|0x000000009a700000, 0x000000009a700000, 0x000000009a800000|  0%| F|  |TAMS 0x000000009a700000| PB 0x000000009a700000| Untracked |  0
|  260|0x000000009a800000, 0x000000009a800000, 0x000000009a900000|  0%| F|  |TAMS 0x000000009a800000| PB 0x000000009a800000| Untracked |  0
|  261|0x000000009a900000, 0x000000009a900000, 0x000000009aa00000|  0%| F|  |TAMS 0x000000009a900000| PB 0x000000009a900000| Untracked |  0
|  262|0x000000009aa00000, 0x000000009aa00000, 0x000000009ab00000|  0%| F|  |TAMS 0x000000009aa00000| PB 0x000000009aa00000| Untracked |  0
|  263|0x000000009ab00000, 0x000000009ab00000, 0x000000009ac00000|  0%| F|  |TAMS 0x000000009ab00000| PB 0x000000009ab00000| Untracked |  0
|  264|0x000000009ac00000, 0x000000009ac00000, 0x000000009ad00000|  0%| F|  |TAMS 0x000000009ac00000| PB 0x000000009ac00000| Untracked |  0
|  265|0x000000009ad00000, 0x000000009ad00000, 0x000000009ae00000|  0%| F|  |TAMS 0x000000009ad00000| PB 0x000000009ad00000| Untracked |  0
|  266|0x000000009ae00000, 0x000000009ae00000, 0x000000009af00000|  0%| F|  |TAMS 0x000000009ae00000| PB 0x000000009ae00000| Untracked |  0
|  267|0x000000009af00000, 0x000000009af00000, 0x000000009b000000|  0%| F|  |TAMS 0x000000009af00000| PB 0x000000009af00000| Untracked |  0
|  268|0x000000009b000000, 0x000000009b000000, 0x000000009b100000|  0%| F|  |TAMS 0x000000009b000000| PB 0x000000009b000000| Untracked |  0
|  269|0x000000009b100000, 0x000000009b100000, 0x000000009b200000|  0%| F|  |TAMS 0x000000009b100000| PB 0x000000009b100000| Untracked |  0
|  270|0x000000009b200000, 0x000000009b200000, 0x000000009b300000|  0%| F|  |TAMS 0x000000009b200000| PB 0x000000009b200000| Untracked |  0
|  271|0x000000009b300000, 0x000000009b300000, 0x000000009b400000|  0%| F|  |TAMS 0x000000009b300000| PB 0x000000009b300000| Untracked |  0
|  272|0x000000009b400000, 0x000000009b400000, 0x000000009b500000|  0%| F|  |TAMS 0x000000009b400000| PB 0x000000009b400000| Untracked |  0
|  273|0x000000009b500000, 0x000000009b500000, 0x000000009b600000|  0%| F|  |TAMS 0x000000009b500000| PB 0x000000009b500000| Untracked |  0
|  274|0x000000009b600000, 0x000000009b600000, 0x000000009b700000|  0%| F|  |TAMS 0x000000009b600000| PB 0x000000009b600000| Untracked |  0
|  275|0x000000009b700000, 0x000000009b700000, 0x000000009b800000|  0%| F|  |TAMS 0x000000009b700000| PB 0x000000009b700000| Untracked |  0
|  276|0x000000009b800000, 0x000000009b800000, 0x000000009b900000|  0%| F|  |TAMS 0x000000009b800000| PB 0x000000009b800000| Untracked |  0
|  277|0x000000009b900000, 0x000000009b900000, 0x000000009ba00000|  0%| F|  |TAMS 0x000000009b900000| PB 0x000000009b900000| Untracked |  0
|  278|0x000000009ba00000, 0x000000009ba00000, 0x000000009bb00000|  0%| F|  |TAMS 0x000000009ba00000| PB 0x000000009ba00000| Untracked |  0
|  279|0x000000009bb00000, 0x000000009bb00000, 0x000000009bc00000|  0%| F|  |TAMS 0x000000009bb00000| PB 0x000000009bb00000| Untracked |  0
|  280|0x000000009bc00000, 0x000000009bc00000, 0x000000009bd00000|  0%| F|  |TAMS 0x000000009bc00000| PB 0x000000009bc00000| Untracked |  0
|  281|0x000000009bd00000, 0x000000009bd00000, 0x000000009be00000|  0%| F|  |TAMS 0x000000009bd00000| PB 0x000000009bd00000| Untracked |  0
|  282|0x000000009be00000, 0x000000009be00000, 0x000000009bf00000|  0%| F|  |TAMS 0x000000009be00000| PB 0x000000009be00000| Untracked |  0
|  283|0x000000009bf00000, 0x000000009bf00000, 0x000000009c000000|  0%| F|  |TAMS 0x000000009bf00000| PB 0x000000009bf00000| Untracked |  0
|  284|0x000000009c000000, 0x000000009c000000, 0x000000009c100000|  0%| F|  |TAMS 0x000000009c000000| PB 0x000000009c000000| Untracked |  0
|  285|0x000000009c100000, 0x000000009c100000, 0x000000009c200000|  0%| F|  |TAMS 0x000000009c100000| PB 0x000000009c100000| Untracked |  0
|  286|0x000000009c200000, 0x000000009c200000, 0x000000009c300000|  0%| F|  |TAMS 0x000000009c200000| PB 0x000000009c200000| Untracked |  0
|  287|0x000000009c300000, 0x000000009c38a8d0, 0x000000009c400000| 54%| E|CS|TAMS 0x000000009c300000| PB 0x000000009c300000| Complete  |  0
|  288|0x000000009c400000, 0x000000009c500000, 0x000000009c500000|100%| E|CS|TAMS 0x000000009c400000| PB 0x000000009c400000| Complete  |  0
|  289|0x000000009c500000, 0x000000009c600000, 0x000000009c600000|100%| E|CS|TAMS 0x000000009c500000| PB 0x000000009c500000| Complete  |  0
|  290|0x000000009c600000, 0x000000009c700000, 0x000000009c700000|100%| E|CS|TAMS 0x000000009c600000| PB 0x000000009c600000| Complete  |  0
|  291|0x000000009c700000, 0x000000009c800000, 0x000000009c800000|100%| E|CS|TAMS 0x000000009c700000| PB 0x000000009c700000| Complete  |  0
|  292|0x000000009c800000, 0x000000009c900000, 0x000000009c900000|100%| E|CS|TAMS 0x000000009c800000| PB 0x000000009c800000| Complete  |  0
|  293|0x000000009c900000, 0x000000009ca00000, 0x000000009ca00000|100%| E|CS|TAMS 0x000000009c900000| PB 0x000000009c900000| Complete  |  0
|  294|0x000000009ca00000, 0x000000009cb00000, 0x000000009cb00000|100%| E|CS|TAMS 0x000000009ca00000| PB 0x000000009ca00000| Complete  |  0
|  295|0x000000009cb00000, 0x000000009cc00000, 0x000000009cc00000|100%| E|CS|TAMS 0x000000009cb00000| PB 0x000000009cb00000| Complete  |  0
|  296|0x000000009cc00000, 0x000000009cd00000, 0x000000009cd00000|100%| E|CS|TAMS 0x000000009cc00000| PB 0x000000009cc00000| Complete  |  0
|  297|0x000000009cd00000, 0x000000009ce00000, 0x000000009ce00000|100%| E|CS|TAMS 0x000000009cd00000| PB 0x000000009cd00000| Complete  |  0
|  298|0x000000009ce00000, 0x000000009cf00000, 0x000000009cf00000|100%| E|CS|TAMS 0x000000009ce00000| PB 0x000000009ce00000| Complete  |  0
|  299|0x000000009cf00000, 0x000000009d000000, 0x000000009d000000|100%| E|CS|TAMS 0x000000009cf00000| PB 0x000000009cf00000| Complete  |  0
|  300|0x000000009d000000, 0x000000009d100000, 0x000000009d100000|100%| E|CS|TAMS 0x000000009d000000| PB 0x000000009d000000| Complete  |  0
|  301|0x000000009d100000, 0x000000009d200000, 0x000000009d200000|100%| E|CS|TAMS 0x000000009d100000| PB 0x000000009d100000| Complete  |  0
|  302|0x000000009d200000, 0x000000009d300000, 0x000000009d300000|100%| E|CS|TAMS 0x000000009d200000| PB 0x000000009d200000| Complete  |  0
|  303|0x000000009d300000, 0x000000009d400000, 0x000000009d400000|100%| E|CS|TAMS 0x000000009d300000| PB 0x000000009d300000| Complete  |  0
| 1867|0x00000000fef00000, 0x00000000ff000000, 0x00000000ff000000|100%| O|  |TAMS 0x00000000fef00000| PB 0x00000000fef00000| Untracked |  0
| 1868|0x00000000ff000000, 0x00000000ff100000, 0x00000000ff100000|100%| O|  |TAMS 0x00000000ff000000| PB 0x00000000ff000000| Untracked |  0
| 1869|0x00000000ff100000, 0x00000000ff200000, 0x00000000ff200000|100%| O|  |TAMS 0x00000000ff100000| PB 0x00000000ff100000| Untracked |  0
| 1870|0x00000000ff200000, 0x00000000ff300000, 0x00000000ff300000|100%| O|  |TAMS 0x00000000ff200000| PB 0x00000000ff200000| Untracked |  0
| 1871|0x00000000ff300000, 0x00000000ff400000, 0x00000000ff400000|100%| O|  |TAMS 0x00000000ff300000| PB 0x00000000ff300000| Untracked |  0
| 1872|0x00000000ff400000, 0x00000000ff500000, 0x00000000ff500000|100%| O|  |TAMS 0x00000000ff400000| PB 0x00000000ff400000| Untracked |  0
| 1873|0x00000000ff500000, 0x00000000ff600000, 0x00000000ff600000|100%| O|  |TAMS 0x00000000ff500000| PB 0x00000000ff500000| Untracked |  0
| 1874|0x00000000ff600000, 0x00000000ff700000, 0x00000000ff700000|100%| O|  |TAMS 0x00000000ff600000| PB 0x00000000ff600000| Untracked |  0
| 1875|0x00000000ff700000, 0x00000000ff800000, 0x00000000ff800000|100%| O|  |TAMS 0x00000000ff700000| PB 0x00000000ff700000| Untracked |  0
| 1876|0x00000000ff800000, 0x00000000ff900000, 0x00000000ff900000|100%| E|CS|TAMS 0x00000000ff800000| PB 0x00000000ff800000| Complete  |  0
| 1877|0x00000000ff900000, 0x00000000ffa00000, 0x00000000ffa00000|100%| O|  |TAMS 0x00000000ff900000| PB 0x00000000ff900000| Untracked |  0
| 1878|0x00000000ffa00000, 0x00000000ffb00000, 0x00000000ffb00000|100%| E|CS|TAMS 0x00000000ffa00000| PB 0x00000000ffa00000| Complete  |  0
| 1879|0x00000000ffb00000, 0x00000000ffc00000, 0x00000000ffc00000|100%| O|  |TAMS 0x00000000ffb00000| PB 0x00000000ffb00000| Untracked |  0
| 1880|0x00000000ffc00000, 0x00000000ffd00000, 0x00000000ffd00000|100%| E|CS|TAMS 0x00000000ffc00000| PB 0x00000000ffc00000| Complete  |  0
| 1881|0x00000000ffd00000, 0x00000000ffe00000, 0x00000000ffe00000|100%| O|  |TAMS 0x00000000ffd00000| PB 0x00000000ffd00000| Untracked |  0
| 1882|0x00000000ffe00000, 0x00000000fff00000, 0x00000000fff00000|100%| O|  |TAMS 0x00000000ffe00000| PB 0x00000000ffe00000| Untracked |  0
| 1883|0x00000000fff00000, 0x0000000100000000, 0x0000000100000000|100%| E|CS|TAMS 0x00000000fff00000| PB 0x00000000fff00000| Complete  |  0

Card table byte_map: [0x0000029369bf0000,0x0000029369fa0000] _byte_map_base: 0x000002936979e000
Refinement table byte_map: [0x0000029369840000,0x0000029369bf0000] _byte_map_base: 0x00000293693ee000

Marking Bits: (CMBitMap*) 0x00000293512bd6f0
 Bits: [0x0000029369fa0000, 0x000002936bd10000)

Polling page: 0x000002934f020000

Metaspace:
Metaspace        used 39508K, committed 40576K, reserved 1114112K
 class space     used 4693K, committed 5056K, reserved 1048576K

Usage:
  Non-class:     34.00 MB used.
      Class:      4.58 MB used.
       Both:     38.58 MB used.

Virtual space:
  Non-class space:       64.00 MB reserved,      34.69 MB ( 54%) committed,  1 nodes.
      Class space:        1.00 GB reserved,       4.94 MB ( <1%) committed,  1 nodes.
             Both:        1.06 GB reserved,      39.62 MB (  4%) committed. 

Chunk freelists:
   Non-Class:  13.54 MB
       Class:  11.09 MB
        Both:  24.63 MB

MaxMetaspaceSize: unlimited
CompressedClassSpaceSize: 1.00 GB
Initial GC threshold: 21.00 MB
Current GC threshold: 66.06 MB
CDS: on
 - commit_granule_bytes: 65536.
 - commit_granule_words: 8192.
 - virtual_space_node_default_size: 8388608.
 - enlarge_chunks_in_place: 1.
UseCompressedClassPointers 1, UseCompactObjectHeaders 0
Narrow klass pointer bits 32, Max shift 3
Narrow klass base: 0x0000000027000000, Narrow klass shift: 0
Encoding Range: [0x0000000027000000 - 0x0000000127000000), (4294967296 bytes)
Klass Range:    [0x0000000027000000 - 0x0000000068000000), (1090519040 bytes)
Klass ID Range:  [8 - 1090519033) (1090519025)
Protection zone: [0x0000000027000000 - 0x0000000027010000), (65536 bytes)


Internal statistics:

num_allocs_failed_limit: 0.
num_arena_births: 472.
num_arena_deaths: 4.
num_vsnodes_births: 2.
num_vsnodes_deaths: 0.
num_space_committed: 649.
num_space_uncommitted: 9.
num_chunks_returned_to_freelist: 87.
num_chunks_taken_from_freelist: 1778.
num_chunk_merges: 17.
num_chunk_splits: 1227.
num_chunks_enlarged: 982.
num_inconsistent_stats: 0.

CodeHeap 'non-profiled nmethods': size=120064Kb used=3449Kb max_used=3531Kb free=116614Kb
 bounds [0x0000029361a00000, 0x0000029361d80000, 0x0000029368f40000]
CodeHeap 'profiled nmethods': size=120064Kb used=13352Kb max_used=14877Kb free=106711Kb
 bounds [0x0000029359f20000, 0x000002935adb0000, 0x0000029361460000]
CodeHeap 'non-nmethods': size=5760Kb used=1541Kb max_used=1667Kb free=4218Kb
 bounds [0x0000029361460000, 0x00000293616d0000, 0x0000029361a00000]
CodeCache: size=245888Kb, used=18342Kb, max_used=20075Kb, free=227543Kb
 total_blobs=9068, nmethods=8422, adapters=547, full_count=0
Compilation: enabled, stopped_count=0, restarted_count=0

Compilation events (20 events):
Event: 36.648 Thread 0x000002936e954460 10295       1       org.apache.maven.artifact.DefaultArtifact::getVersion (5 bytes)
Event: 36.648 Thread 0x000002936e954460 nmethod 10295 0x0000029361cf9008 code [0x0000029361cf9100, 0x0000029361cf91b8]
Event: 36.649 Thread 0x000002936e954460 10296       3       java.net.URLStreamHandler::sameFile (136 bytes)
Event: 36.650 Thread 0x000002936e954460 nmethod 10296 0x000002935a200588 code [0x000002935a200680, 0x000002935a201608]
Event: 36.650 Thread 0x000002936e954460 10297       3       org.apache.maven.cli.logging.Slf4jLogger::isDebugEnabled (10 bytes)
Event: 36.650 Thread 0x000002936e954460 nmethod 10297 0x000002935a2eea08 code [0x000002935a2eeb00, 0x000002935a2eecd0]
Event: 36.655 Thread 0x000002936e954460 10298       3       org.eclipse.sisu.inject.DefaultRankingFunction::rank (55 bytes)
Event: 36.655 Thread 0x000002936e954460 nmethod 10298 0x000002935a9d0a88 code [0x000002935a9d0b80, 0x000002935a9d1430]
Event: 37.457 Thread 0x000002936e954460 10299       1       java.util.concurrent.CopyOnWriteArrayList::setArray (6 bytes)
Event: 37.458 Thread 0x000002936e954460 nmethod 10299 0x0000029361cfea08 code [0x0000029361cfeb00, 0x0000029361cfec08]
Event: 37.460 Thread 0x000002936e954460 10300       3       com.google.inject.internal.ProviderMethodsModule::getAnnotation (104 bytes)
Event: 37.462 Thread 0x000002936e954460 nmethod 10300 0x000002935a114688 code [0x000002935a114780, 0x000002935a115ee8]
Event: 37.462 Thread 0x000002936e954460 10301       3       com.google.inject.internal.ProvidesMethodScanner::annotationClasses (4 bytes)
Event: 37.463 Thread 0x000002936e954460 nmethod 10301 0x000002935a303b88 code [0x000002935a303c80, 0x000002935a303d80]
Event: 37.463 Thread 0x000002936e954460 10302       1       org.eclipse.sisu.plexus.ComponentImpl::hint (5 bytes)
Event: 37.463 Thread 0x000002936e954460 nmethod 10302 0x0000029361cfe708 code [0x0000029361cfe800, 0x0000029361cfe8b8]
Event: 37.463 Thread 0x000002936e954460 10303       1       org.eclipse.sisu.plexus.ComponentImpl::instantiationStrategy (5 bytes)
Event: 37.463 Thread 0x000002936e954460 nmethod 10303 0x0000029361d06a88 code [0x0000029361d06b80, 0x0000029361d06c38]
Event: 37.463 Thread 0x000002936e954460 10304       1       org.eclipse.sisu.plexus.ComponentImpl::description (5 bytes)
Event: 37.463 Thread 0x000002936e954460 nmethod 10304 0x0000029361d06788 code [0x0000029361d06880, 0x0000029361d06938]

GC Heap Usage History (20 events):
Event: 20.110 {heap Before GC invocations=33 (full 0):
 garbage-first heap   total reserved 1929216K, committed 95232K, used 74516K [0x000000008a400000, 0x0000000100000000)
  region size 1M, 53 eden (53M), 2 survivor (2M), 19 old (19M), 0 humongous (0M), 19 free (19M)
}
Event: 20.126 {heap After GC invocations=34 (full 0):
 garbage-first heap   total reserved 1929216K, committed 95232K, used 21743K [0x000000008a400000, 0x0000000100000000)
  region size 1M, 0 eden (0M), 3 survivor (3M), 19 old (19M), 0 humongous (0M), 71 free (71M)
}
Event: 24.773 {heap Before GC invocations=34 (full 0):
 garbage-first heap   total reserved 1929216K, committed 95232K, used 73967K [0x000000008a400000, 0x0000000100000000)
  region size 1M, 52 eden (52M), 3 survivor (3M), 19 old (19M), 0 humongous (0M), 19 free (19M)
}
Event: 24.781 {heap After GC invocations=35 (full 0):
 garbage-first heap   total reserved 1929216K, committed 95232K, used 21451K [0x000000008a400000, 0x0000000100000000)
  region size 1M, 0 eden (0M), 3 survivor (3M), 19 old (19M), 0 humongous (0M), 71 free (71M)
}
Event: 27.432 {heap Before GC invocations=35 (full 0):
 garbage-first heap   total reserved 1929216K, committed 95232K, used 82891K [0x000000008a400000, 0x0000000100000000)
  region size 1M, 52 eden (52M), 3 survivor (3M), 19 old (19M), 8 humongous (8M), 11 free (11M)
}
Event: 27.467 {heap After GC invocations=36 (full 0):
 garbage-first heap   total reserved 1929216K, committed 97280K, used 39089K [0x000000008a400000, 0x0000000100000000)
  region size 1M, 0 eden (0M), 7 survivor (7M), 25 old (25M), 7 humongous (7M), 56 free (56M)
}
Event: 28.935 {heap Before GC invocations=36 (full 0):
 garbage-first heap   total reserved 1929216K, committed 97280K, used 82097K [0x000000008a400000, 0x0000000100000000)
  region size 1M, 43 eden (43M), 7 survivor (7M), 25 old (25M), 7 humongous (7M), 13 free (13M)
}
Event: 28.969 {heap After GC invocations=37 (full 0):
 garbage-first heap   total reserved 1929216K, committed 99328K, used 48128K [0x000000008a400000, 0x0000000100000000)
  region size 1M, 0 eden (0M), 7 survivor (7M), 33 old (33M), 7 humongous (7M), 50 free (50M)
}
Event: 30.832 {heap Before GC invocations=38 (full 0):
 garbage-first heap   total reserved 1929216K, committed 99328K, used 78848K [0x000000008a400000, 0x0000000100000000)
  region size 1M, 34 eden (34M), 7 survivor (7M), 33 old (33M), 4 humongous (4M), 19 free (19M)
}
Event: 30.846 {heap After GC invocations=39 (full 0):
 garbage-first heap   total reserved 1929216K, committed 99328K, used 47104K [0x000000008a400000, 0x0000000100000000)
  region size 1M, 0 eden (0M), 2 survivor (2M), 41 old (41M), 4 humongous (4M), 50 free (50M)
}
Event: 31.946 {heap Before GC invocations=39 (full 0):
 garbage-first heap   total reserved 1929216K, committed 99328K, used 83968K [0x000000008a400000, 0x0000000100000000)
  region size 1M, 36 eden (36M), 2 survivor (2M), 41 old (41M), 4 humongous (4M), 14 free (14M)
}
Event: 31.963 {heap After GC invocations=40 (full 0):
 garbage-first heap   total reserved 1929216K, committed 99328K, used 48581K [0x000000008a400000, 0x0000000100000000)
  region size 1M, 0 eden (0M), 3 survivor (3M), 41 old (41M), 4 humongous (4M), 49 free (49M)
}
Event: 32.063 {heap Before GC invocations=40 (full 0):
 garbage-first heap   total reserved 1929216K, committed 99328K, used 48581K [0x000000008a400000, 0x0000000100000000)
  region size 1M, 1 eden (1M), 3 survivor (3M), 41 old (41M), 4 humongous (4M), 48 free (48M)
}
Event: 32.072 {heap After GC invocations=41 (full 0):
 garbage-first heap   total reserved 1929216K, committed 99328K, used 48591K [0x000000008a400000, 0x0000000100000000)
  region size 1M, 0 eden (0M), 3 survivor (3M), 41 old (41M), 4 humongous (4M), 49 free (49M)
}
Event: 32.857 {heap Before GC invocations=42 (full 0):
 garbage-first heap   total reserved 1929216K, committed 99328K, used 93647K [0x000000008a400000, 0x0000000100000000)
  region size 1M, 39 eden (39M), 3 survivor (3M), 41 old (41M), 9 humongous (9M), 5 free (5M)
}
Event: 32.886 {heap After GC invocations=43 (full 0):
 garbage-first heap   total reserved 1929216K, committed 109568K, used 65453K [0x000000008a400000, 0x0000000100000000)
  region size 1M, 0 eden (0M), 6 survivor (6M), 50 old (50M), 8 humongous (8M), 43 free (43M)
}
Event: 33.579 {heap Before GC invocations=43 (full 0):
 garbage-first heap   total reserved 1929216K, committed 109568K, used 93101K [0x000000008a400000, 0x0000000100000000)
  region size 1M, 28 eden (28M), 6 survivor (6M), 50 old (50M), 8 humongous (8M), 15 free (15M)
}
Event: 33.612 {heap After GC invocations=44 (full 0):
 garbage-first heap   total reserved 1929216K, committed 109568K, used 60928K [0x000000008a400000, 0x0000000100000000)
  region size 1M, 0 eden (0M), 5 survivor (5M), 47 old (47M), 8 humongous (8M), 47 free (47M)
}
Event: 35.273 {heap Before GC invocations=44 (full 0):
 garbage-first heap   total reserved 1929216K, committed 109568K, used 91648K [0x000000008a400000, 0x0000000100000000)
  region size 1M, 30 eden (30M), 5 survivor (5M), 47 old (47M), 8 humongous (8M), 17 free (17M)
}
Event: 35.286 {heap After GC invocations=45 (full 0):
 garbage-first heap   total reserved 1929216K, committed 328704K, used 61305K [0x000000008a400000, 0x0000000100000000)
  region size 1M, 0 eden (0M), 2 survivor (2M), 50 old (50M), 8 humongous (8M), 261 free (261M)
}

Metaspace Usage History (20 events):
Event: 20.110 {metaspace Before GC invocations=33 (full 0):
 Metaspace       used 25104K, committed 25408K, reserved 1114112K
  class space    used 2959K, committed 3072K, reserved 1048576K
}
Event: 20.126 {metaspace After GC invocations=34 (full 0):
 Metaspace       used 25104K, committed 25408K, reserved 1114112K
  class space    used 2959K, committed 3072K, reserved 1048576K
}
Event: 24.773 {metaspace Before GC invocations=34 (full 0):
 Metaspace       used 25308K, committed 25536K, reserved 1114112K
  class space    used 2969K, committed 3072K, reserved 1048576K
}
Event: 24.781 {metaspace After GC invocations=35 (full 0):
 Metaspace       used 25308K, committed 25536K, reserved 1114112K
  class space    used 2969K, committed 3072K, reserved 1048576K
}
Event: 27.432 {metaspace Before GC invocations=35 (full 0):
 Metaspace       used 34556K, committed 34880K, reserved 1114112K
  class space    used 4096K, committed 4224K, reserved 1048576K
}
Event: 27.467 {metaspace After GC invocations=36 (full 0):
 Metaspace       used 34556K, committed 34880K, reserved 1114112K
  class space    used 4096K, committed 4224K, reserved 1048576K
}
Event: 28.935 {metaspace Before GC invocations=36 (full 0):
 Metaspace       used 36175K, committed 36544K, reserved 1114112K
  class space    used 4261K, committed 4416K, reserved 1048576K
}
Event: 28.969 {metaspace After GC invocations=37 (full 0):
 Metaspace       used 36175K, committed 36544K, reserved 1114112K
  class space    used 4261K, committed 4416K, reserved 1048576K
}
Event: 30.832 {metaspace Before GC invocations=38 (full 0):
 Metaspace       used 37801K, committed 38272K, reserved 1114112K
  class space    used 4501K, committed 4736K, reserved 1048576K
}
Event: 30.846 {metaspace After GC invocations=39 (full 0):
 Metaspace       used 37801K, committed 38272K, reserved 1114112K
  class space    used 4501K, committed 4736K, reserved 1048576K
}
Event: 31.946 {metaspace Before GC invocations=39 (full 0):
 Metaspace       used 39575K, committed 40064K, reserved 1114112K
  class space    used 4726K, committed 4928K, reserved 1048576K
}
Event: 31.963 {metaspace After GC invocations=40 (full 0):
 Metaspace       used 39575K, committed 40064K, reserved 1114112K
  class space    used 4726K, committed 4928K, reserved 1048576K
}
Event: 32.063 {metaspace Before GC invocations=40 (full 0):
 Metaspace       used 39578K, committed 40064K, reserved 1114112K
  class space    used 4726K, committed 4928K, reserved 1048576K
}
Event: 32.072 {metaspace After GC invocations=41 (full 0):
 Metaspace       used 39578K, committed 40064K, reserved 1114112K
  class space    used 4726K, committed 4928K, reserved 1048576K
}
Event: 32.857 {metaspace Before GC invocations=42 (full 0):
 Metaspace       used 39607K, committed 40192K, reserved 1114112K
  class space    used 4727K, committed 4992K, reserved 1048576K
}
Event: 32.886 {metaspace After GC invocations=43 (full 0):
 Metaspace       used 39607K, committed 40192K, reserved 1114112K
  class space    used 4727K, committed 4992K, reserved 1048576K
}
Event: 33.580 {metaspace Before GC invocations=43 (full 0):
 Metaspace       used 40269K, committed 40768K, reserved 1114112K
  class space    used 4816K, committed 5056K, reserved 1048576K
}
Event: 33.612 {metaspace After GC invocations=44 (full 0):
 Metaspace       used 40269K, committed 40768K, reserved 1114112K
  class space    used 4816K, committed 5056K, reserved 1048576K
}
Event: 35.273 {metaspace Before GC invocations=44 (full 0):
 Metaspace       used 40997K, committed 41536K, reserved 1114112K
  class space    used 4891K, committed 5120K, reserved 1048576K
}
Event: 35.286 {metaspace After GC invocations=45 (full 0):
 Metaspace       used 40997K, committed 41536K, reserved 1114112K
  class space    used 4891K, committed 5120K, reserved 1048576K
}

Dll operation events (18 events):
Event: 0.015 Attempting to load shared library C:\Program Files\Java\jdk-26.0.1\bin\java.dll
Event: 0.018 Loaded shared library C:\Program Files\Java\jdk-26.0.1\bin\java.dll
Event: 0.081 Attempting to load shared library C:\Program Files\Java\jdk-26.0.1\bin\net.dll
Event: 0.082 Loaded shared library C:\Program Files\Java\jdk-26.0.1\bin\net.dll
Event: 0.084 Attempting to load shared library C:\Program Files\Java\jdk-26.0.1\bin\nio.dll
Event: 0.085 Loaded shared library C:\Program Files\Java\jdk-26.0.1\bin\nio.dll
Event: 0.092 Attempting to load shared library C:\Program Files\Java\jdk-26.0.1\bin\zip.dll
Event: 0.094 Loaded shared library C:\Program Files\Java\jdk-26.0.1\bin\zip.dll
Event: 0.576 Attempting to load shared library C:\Program Files\Java\jdk-26.0.1\bin\jimage.dll
Event: 0.576 Loaded shared library C:\Program Files\Java\jdk-26.0.1\bin\jimage.dll
Event: 0.576 Attempting to load shared library C:\Users\maria\.m2\wrapper\dists\apache-maven-3.9.16\0daed3be3ebd1c706f0e69e8b07c6b73f5cc4ea3dfce72a8d0ec2e849ca2ddb0\lib\jansi-native\Windows\x86_64\jansi.dll
Event: 0.579 Loaded shared library C:\Users\maria\.m2\wrapper\dists\apache-maven-3.9.16\0daed3be3ebd1c706f0e69e8b07c6b73f5cc4ea3dfce72a8d0ec2e849ca2ddb0\lib\jansi-native\Windows\x86_64\jansi.dll
Event: 0.608 Attempting to load shared library C:\Program Files\Java\jdk-26.0.1\bin\verify.dll
Event: 0.609 Loaded shared library C:\Program Files\Java\jdk-26.0.1\bin\verify.dll
Event: 5.071 Attempting to load shared library C:\Program Files\Java\jdk-26.0.1\bin\extnet.dll
Event: 5.073 Loaded shared library C:\Program Files\Java\jdk-26.0.1\bin\extnet.dll
Event: 5.187 Attempting to load shared library C:\Program Files\Java\jdk-26.0.1\bin\sunmscapi.dll
Event: 5.191 Loaded shared library C:\Program Files\Java\jdk-26.0.1\bin\sunmscapi.dll

Deoptimization events (20 events):
Event: 35.660 Thread 0x00000293512855e0 Uncommon trap: trap_request=0xffffff45 fr.pc=0x0000029361c74f4c relative=0x00000000000012ac
Event: 35.660 Thread 0x00000293512855e0 Uncommon trap: reason=unstable_if action=reinterpret pc=0x0000029361c74f4c method=org.codehaus.plexus.interpolation.util.StringUtils.capitalizeFirstLetter(Ljava/lang/String;)Ljava/lang/String; @ 13 c2
Event: 35.660 Thread 0x00000293512855e0 DEOPT PACKING pc=0x0000029361c74f4c sp=0x000000bb0cefc760
Event: 35.660 Thread 0x00000293512855e0 DEOPT UNPACKING pc=0x0000029361582602 sp=0x000000bb0cefc6b8 mode 2
Event: 35.681 Thread 0x00000293512855e0 Uncommon trap: trap_request=0xffffffde fr.pc=0x0000029361b05494 relative=0x0000000000000a94
Event: 35.682 Thread 0x00000293512855e0 Uncommon trap: reason=class_check action=maybe_recompile pc=0x0000029361b05494 method=java.util.concurrent.ConcurrentHashMap.putVal(Ljava/lang/Object;Ljava/lang/Object;Z)Ljava/lang/Object; @ 242 c2
Event: 35.682 Thread 0x00000293512855e0 DEOPT PACKING pc=0x0000029361b05494 sp=0x000000bb0cefcf20
Event: 35.682 Thread 0x00000293512855e0 DEOPT UNPACKING pc=0x0000029361582602 sp=0x000000bb0cefce80 mode 2
Event: 36.041 Thread 0x0000029375271b60 Uncommon trap: trap_request=0xffffff45 fr.pc=0x0000029361cba5d4 relative=0x0000000000000154
Event: 36.041 Thread 0x0000029375271b60 Uncommon trap: reason=unstable_if action=reinterpret pc=0x0000029361cba5d4 method=java.util.concurrent.locks.ReentrantReadWriteLock$Sync.tryAcquireShared(J)J @ 71 c2
Event: 36.041 Thread 0x0000029375271b60 DEOPT PACKING pc=0x0000029361cba5d4 sp=0x000000bb0f1fead0
Event: 36.041 Thread 0x0000029375271b60 DEOPT UNPACKING pc=0x0000029361582602 sp=0x000000bb0f1fe9e0 mode 2
Event: 36.328 Thread 0x0000029375271b60 Uncommon trap: trap_request=0xffffff45 fr.pc=0x0000029361af754c relative=0x000000000000014c
Event: 36.328 Thread 0x0000029375271b60 Uncommon trap: reason=unstable_if action=reinterpret pc=0x0000029361af754c method=java.util.concurrent.ConcurrentHashMap.addCount(JI)V @ 34 c2
Event: 36.328 Thread 0x0000029375271b60 DEOPT PACKING pc=0x0000029361af754c sp=0x000000bb0f1ff110
Event: 36.328 Thread 0x0000029375271b60 DEOPT UNPACKING pc=0x0000029361582602 sp=0x000000bb0f1ff050 mode 2
Event: 36.328 Thread 0x0000029375271b60 Uncommon trap: trap_request=0xffffff45 fr.pc=0x0000029361c8115c relative=0x000000000000005c
Event: 36.328 Thread 0x0000029375271b60 Uncommon trap: reason=unstable_if action=reinterpret pc=0x0000029361c8115c method=java.util.concurrent.ConcurrentHashMap.sumCount()J @ 11 c2
Event: 36.328 Thread 0x0000029375271b60 DEOPT PACKING pc=0x0000029361c8115c sp=0x000000bb0f1ff210
Event: 36.328 Thread 0x0000029375271b60 DEOPT UNPACKING pc=0x0000029361582602 sp=0x000000bb0f1ff170 mode 2

Classes loaded (20 events):
Event: 31.455 Loading class java/util/stream/Sink$OfInt
Event: 31.456 Loading class java/util/stream/Sink$OfInt done
Event: 31.456 Loading class java/util/stream/Node$Builder$OfInt done
Event: 31.456 Loading class java/util/stream/Nodes$IntArrayNode
Event: 31.456 Loading class java/util/stream/Nodes$IntArrayNode done
Event: 31.456 Loading class java/util/stream/Nodes$IntFixedNodeBuilder done
Event: 31.456 Loading class java/util/stream/ReferencePipeline$4$1
Event: 31.456 Loading class java/util/stream/ReferencePipeline$4$1 done
Event: 31.516 Loading class java/lang/MatchException
Event: 31.516 Loading class java/lang/MatchException done
Event: 31.556 Loading class java/lang/runtime/ExactConversionsSupport
Event: 31.556 Loading class java/lang/runtime/ExactConversionsSupport done
Event: 31.739 Loading class java/util/EnumMap$Values
Event: 31.740 Loading class java/util/EnumMap$Values done
Event: 31.740 Loading class java/util/EnumMap$ValueIterator
Event: 31.740 Loading class java/util/EnumMap$ValueIterator done
Event: 31.741 Loading class java/util/WeakHashMap$KeyIterator
Event: 31.741 Loading class java/util/WeakHashMap$KeyIterator done
Event: 33.049 Loading class jdk/internal/module/IllegalAccessLogger
Event: 33.049 Loading class jdk/internal/module/IllegalAccessLogger done

Classes unloaded (20 events):
Event: 35.317 Thread 0x000002936e8eece0 Unloading class 0x000000002846aa30 'lombok/javac/apt/MessagerDiagnosticsReceiver'
Event: 35.317 Thread 0x000002936e8eece0 Unloading class 0x000000002846a658 'lombok/javac/apt/InterceptingJavaFileManager'
Event: 35.317 Thread 0x000002936e8eece0 Unloading class 0x000000002846a440 'lombok/permit/dummy/Parent'
Event: 35.317 Thread 0x000002936e8eece0 Unloading class 0x000000002846a218 'lombok/core/CleanupRegistry'
Event: 35.317 Thread 0x000002936e8eece0 Unloading class 0x000000002846a000 'lombok/permit/Permit$Fake'
Event: 35.317 Thread 0x000002936e8eece0 Unloading class 0x0000000028469c28 'lombok/permit/Permit'
Event: 35.317 Thread 0x000002936e8eece0 Unloading class 0x0000000028469930 'lombok/javac/apt/LombokProcessor$1'
Event: 35.317 Thread 0x000002936e8eece0 Unloading class 0x0000000028469728 'lombok/core/DiagnosticsReceiver'
Event: 35.317 Thread 0x000002936e8eece0 Unloading class 0x0000000028469488 'lombok/javac/apt/LombokProcessor'
Event: 35.317 Thread 0x000002936e8eece0 Unloading class 0x0000000028469248 'lombok/core/AnnotationProcessor$EcjDescriptor'
Event: 35.317 Thread 0x000002936e8eece0 Unloading class 0x0000000028469000 'lombok/core/AnnotationProcessor$JavacDescriptor'
Event: 35.317 Thread 0x000002936e8eece0 Unloading class 0x0000000028468a90 'lombok/core/AnnotationProcessor$ProcessorDescriptor'
Event: 35.317 Thread 0x000002936e8eece0 Unloading class 0x0000000028468800 'lombok/core/AnnotationProcessor'
Event: 35.317 Thread 0x000002936e8eece0 Unloading class 0x00000000284b9800 'lombok/launch/AnnotationProcessorHider$ClaimingProcessor'
Event: 35.317 Thread 0x000002936e8eece0 Unloading class 0x00000000284684b8 'lombok/launch/AnnotationProcessorHider$AstModificationNotifierData'
Event: 35.317 Thread 0x000002936e8eece0 Unloading class 0x0000000028468228 'lombok/launch/ClassFileMetaData'
Event: 35.317 Thread 0x000002936e8eece0 Unloading class 0x0000000028468000 'lombok/launch/PackageShader'
Event: 35.317 Thread 0x000002936e8eece0 Unloading class 0x000000002843c4a0 'lombok/launch/ShadowClassLoader'
Event: 35.317 Thread 0x000002936e8eece0 Unloading class 0x000000002843c290 'lombok/launch/Main'
Event: 35.317 Thread 0x000002936e8eece0 Unloading class 0x000000002843c000 'lombok/launch/AnnotationProcessorHider$AnnotationProcessor'

Classes redefined (0 events):
No events

Internal exceptions (20 events):
Event: 36.492 Thread 0x00000293512855e0 Exception <a 'sun/nio/fs/WindowsException'{0x000000009cde5b18}> (0x000000009cde5b18) 
thrown [s\open\src\hotspot\share\prims\jni.cpp, line 514]
Event: 36.498 Thread 0x00000293512855e0 Exception <a 'sun/nio/fs/WindowsException'{0x000000009cde7d40}> (0x000000009cde7d40) 
thrown [s\open\src\hotspot\share\prims\jni.cpp, line 514]
Event: 36.517 Thread 0x00000293512855e0 Exception <a 'sun/nio/fs/WindowsException'{0x000000009cdf2a68}> (0x000000009cdf2a68) 
thrown [s\open\src\hotspot\share\prims\jni.cpp, line 514]
Event: 36.532 Thread 0x00000293512855e0 Exception <a 'sun/nio/fs/WindowsException'{0x000000009cdfe858}> (0x000000009cdfe858) 
thrown [s\open\src\hotspot\share\prims\jni.cpp, line 514]
Event: 36.538 Thread 0x00000293512855e0 Exception <a 'sun/nio/fs/WindowsException'{0x000000009c9b8a48}> (0x000000009c9b8a48) 
thrown [s\open\src\hotspot\share\prims\jni.cpp, line 514]
Event: 36.555 Thread 0x00000293512855e0 Exception <a 'sun/nio/fs/WindowsException'{0x000000009c9c39b8}> (0x000000009c9c39b8) 
thrown [s\open\src\hotspot\share\prims\jni.cpp, line 514]
Event: 36.568 Thread 0x00000293512855e0 Exception <a 'sun/nio/fs/WindowsException'{0x000000009c9cf6d8}> (0x000000009c9cf6d8) 
thrown [s\open\src\hotspot\share\prims\jni.cpp, line 514]
Event: 36.571 Thread 0x00000293512855e0 Exception <a 'sun/nio/fs/WindowsException'{0x000000009c9d19b8}> (0x000000009c9d19b8) 
thrown [s\open\src\hotspot\share\prims\jni.cpp, line 514]
Event: 36.584 Thread 0x00000293512855e0 Exception <a 'sun/nio/fs/WindowsException'{0x000000009c9dc828}> (0x000000009c9dc828) 
thrown [s\open\src\hotspot\share\prims\jni.cpp, line 514]
Event: 36.595 Thread 0x00000293512855e0 Exception <a 'sun/nio/fs/WindowsException'{0x000000009c9e85e0}> (0x000000009c9e85e0) 
thrown [s\open\src\hotspot\share\prims\jni.cpp, line 514]
Event: 36.600 Thread 0x00000293512855e0 Exception <a 'sun/nio/fs/WindowsException'{0x000000009c9ea928}> (0x000000009c9ea928) 
thrown [s\open\src\hotspot\share\prims\jni.cpp, line 514]
Event: 36.612 Thread 0x00000293512855e0 Exception <a 'sun/nio/fs/WindowsException'{0x000000009c9f5968}> (0x000000009c9f5968) 
thrown [s\open\src\hotspot\share\prims\jni.cpp, line 514]
Event: 36.614 Thread 0x00000293512855e0 Exception <a 'sun/nio/fs/WindowsException'{0x000000009c8019b0}> (0x000000009c8019b0) 
thrown [s\open\src\hotspot\share\prims\jni.cpp, line 514]
Event: 36.617 Thread 0x00000293512855e0 Exception <a 'sun/nio/fs/WindowsException'{0x000000009c803b10}> (0x000000009c803b10) 
thrown [s\open\src\hotspot\share\prims\jni.cpp, line 514]
Event: 36.624 Thread 0x00000293512855e0 Exception <a 'sun/nio/fs/WindowsException'{0x000000009c80e6c0}> (0x000000009c80e6c0) 
thrown [s\open\src\hotspot\share\prims\jni.cpp, line 514]
Event: 36.631 Thread 0x00000293512855e0 Exception <a 'sun/nio/fs/WindowsException'{0x000000009c819fb8}> (0x000000009c819fb8) 
thrown [s\open\src\hotspot\share\prims\jni.cpp, line 514]
Event: 36.632 Thread 0x00000293512855e0 Exception <a 'sun/nio/fs/WindowsException'{0x000000009c81bd08}> (0x000000009c81bd08) 
thrown [s\open\src\hotspot\share\prims\jni.cpp, line 514]
Event: 36.637 Thread 0x00000293512855e0 Exception <a 'sun/nio/fs/WindowsException'{0x000000009c826040}> (0x000000009c826040) 
thrown [s\open\src\hotspot\share\prims\jni.cpp, line 514]
Event: 36.639 Thread 0x00000293512855e0 Exception <a 'sun/nio/fs/WindowsException'{0x000000009c831800}> (0x000000009c831800) 
thrown [s\open\src\hotspot\share\prims\jni.cpp, line 514]
Event: 36.640 Thread 0x00000293512855e0 Exception <a 'sun/nio/fs/WindowsException'{0x000000009c8334c0}> (0x000000009c8334c0) 
thrown [s\open\src\hotspot\share\prims\jni.cpp, line 514]

VM Operations (20 events):
Event: 31.573 Executing non-safepoint VM operation: HandshakeAllThreads (Deoptimize)
Event: 31.574 Executing non-safepoint VM operation: HandshakeAllThreads (Deoptimize) done
Event: 31.946 Executing safepoint VM operation: G1CollectForAllocation (G1 Evacuation Pause)
Event: 31.963 Executing safepoint VM operation: G1CollectForAllocation (G1 Evacuation Pause) done
Event: 32.063 Executing safepoint VM operation: G1TryInitiateConcMark (G1 Humongous Allocation)
Event: 32.072 Executing safepoint VM operation: G1TryInitiateConcMark (G1 Humongous Allocation) done
Event: 32.105 Executing safepoint VM operation: G1PauseRemark
Event: 32.125 Executing safepoint VM operation: G1PauseRemark done
Event: 32.138 Executing safepoint VM operation: G1PauseCleanup
Event: 32.138 Executing safepoint VM operation: G1PauseCleanup done
Event: 32.857 Executing safepoint VM operation: G1CollectForAllocation (G1 Evacuation Pause)
Event: 32.887 Executing safepoint VM operation: G1CollectForAllocation (G1 Evacuation Pause) done
Event: 33.579 Executing safepoint VM operation: G1CollectForAllocation (G1 Evacuation Pause)
Event: 33.612 Executing safepoint VM operation: G1CollectForAllocation (G1 Evacuation Pause) done
Event: 35.273 Executing safepoint VM operation: G1CollectForAllocation (G1 Evacuation Pause)
Event: 35.286 Executing safepoint VM operation: G1CollectForAllocation (G1 Evacuation Pause) done
Event: 35.316 Executing safepoint VM operation: G1PauseRemark
Event: 35.350 Executing safepoint VM operation: G1PauseRemark done
Event: 35.360 Executing safepoint VM operation: G1PauseCleanup
Event: 35.360 Executing safepoint VM operation: G1PauseCleanup done

Memory protections (0 events):
No events

Nmethod flushes (20 events):
Event: 35.348 Thread 0x000002936e8eece0 flushing  nmethod 0x000002935abccd08
Event: 35.348 Thread 0x000002936e8eece0 flushing  nmethod 0x000002935abd7a08
Event: 35.348 Thread 0x000002936e8eece0 flushing  nmethod 0x000002935abd8108
Event: 35.348 Thread 0x000002936e8eece0 flushing  nmethod 0x000002935abd8a08
Event: 35.348 Thread 0x000002936e8eece0 flushing  nmethod 0x000002935abdb908
Event: 35.348 Thread 0x000002936e8eece0 flushing  nmethod 0x000002935abdd608
Event: 35.348 Thread 0x000002936e8eece0 flushing  nmethod 0x000002935abe5588
Event: 35.348 Thread 0x000002936e8eece0 flushing  nmethod 0x000002935abe6708
Event: 35.348 Thread 0x000002936e8eece0 flushing  nmethod 0x000002935abf3588
Event: 35.348 Thread 0x000002936e8eece0 flushing  nmethod 0x000002935abf7688
Event: 35.348 Thread 0x000002936e8eece0 flushing  nmethod 0x000002935abfa908
Event: 35.348 Thread 0x000002936e8eece0 flushing  nmethod 0x000002935abfaf88
Event: 35.348 Thread 0x000002936e8eece0 flushing  nmethod 0x000002935abfe808
Event: 35.348 Thread 0x000002936e8eece0 flushing  nmethod 0x000002935ac1c688
Event: 35.348 Thread 0x000002936e8eece0 flushing  nmethod 0x000002935ac5e308
Event: 35.348 Thread 0x000002936e8eece0 flushing  nmethod 0x000002935ac65e08
Event: 35.348 Thread 0x000002936e8eece0 flushing  nmethod 0x000002935ac66108
Event: 35.348 Thread 0x000002936e8eece0 flushing  nmethod 0x000002935acd2a88
Event: 35.348 Thread 0x000002936e8eece0 flushing  nmethod 0x000002935acdf188
Event: 35.348 Thread 0x000002936e8eece0 flushing  nmethod 0x000002935ad0fe88

Events (20 events):
Event: 19.558 Thread 0x00000293512855e0 Thread added: 0x0000029373d4fd50
Event: 19.558 Thread 0x00000293512855e0 Thread added: 0x0000029373d4f580
Event: 19.559 Thread 0x00000293512855e0 Thread added: 0x0000029373d4edb0
Event: 19.560 Thread 0x00000293512855e0 Thread added: 0x0000029373d50cf0
Event: 23.091 Thread 0x000002936ed6cf70 Thread exited: 0x000002936ed6cf70
Event: 23.106 Thread 0x0000029373d4fd50 Thread exited: 0x0000029373d4fd50
Event: 23.106 Thread 0x0000029373d49f90 Thread exited: 0x0000029373d49f90
Event: 23.106 Thread 0x0000029373d4f580 Thread exited: 0x0000029373d4f580
Event: 23.106 Thread 0x0000029373d50cf0 Thread exited: 0x0000029373d50cf0
Event: 23.106 Thread 0x0000029373d4edb0 Thread exited: 0x0000029373d4edb0
Event: 36.038 Thread 0x00000293512855e0 Thread added: 0x000002937526c570
Event: 36.039 Thread 0x00000293512855e0 Thread added: 0x0000029375271b60
Event: 36.039 Thread 0x00000293512855e0 Thread added: 0x000002937526fc20
Event: 36.039 Thread 0x00000293512855e0 Thread added: 0x00000293752703f0
Event: 36.040 Thread 0x00000293512855e0 Thread added: 0x0000029375271390
Event: 36.402 Thread 0x000002937526fc20 Thread exited: 0x000002937526fc20
Event: 36.402 Thread 0x0000029375271b60 Thread exited: 0x0000029375271b60
Event: 36.403 Thread 0x000002937526c570 Thread exited: 0x000002937526c570
Event: 36.403 Thread 0x00000293752703f0 Thread exited: 0x00000293752703f0
Event: 36.403 Thread 0x0000029375271390 Thread exited: 0x0000029375271390


Dynamic libraries:
0x00007ff622b80000 - 0x00007ff622b90000 	C:\Program Files\Java\jdk-26.0.1\bin\java.exe
0x00007ffa68240000 - 0x00007ffa684a6000 	C:\WINDOWS\SYSTEM32\ntdll.dll
0x00007ffa66670000 - 0x00007ffa66739000 	C:\WINDOWS\System32\KERNEL32.DLL
0x00007ffa658e0000 - 0x00007ffa65cdf000 	C:\WINDOWS\System32\KERNELBASE.dll
0x00007ffa65780000 - 0x00007ffa658cc000 	C:\WINDOWS\System32\ucrtbase.dll
0x00007ffa544d0000 - 0x00007ffa544ee000 	C:\Program Files\Java\jdk-26.0.1\bin\VCRUNTIME140.dll
0x00007ffa57c80000 - 0x00007ffa57c97000 	C:\Program Files\Java\jdk-26.0.1\bin\jli.dll
0x00007ffa67940000 - 0x00007ffa67b06000 	C:\WINDOWS\System32\USER32.dll
0x00007ffa655e0000 - 0x00007ffa65607000 	C:\WINDOWS\System32\win32u.dll
0x00007ffa511d0000 - 0x00007ffa51461000 	C:\WINDOWS\WinSxS\amd64_microsoft.windows.common-controls_6595b64144ccf1df_6.0.26100.8972_none_3e0da176e32f9d4b\COMCTL32.dll
0x00007ffa675f0000 - 0x00007ffa6761b000 	C:\WINDOWS\System32\GDI32.dll
0x00007ffa67680000 - 0x00007ffa67729000 	C:\WINDOWS\System32\msvcrt.dll
0x00007ffa65cf0000 - 0x00007ffa65e19000 	C:\WINDOWS\System32\gdi32full.dll
0x00007ffa65610000 - 0x00007ffa656b3000 	C:\WINDOWS\System32\msvcp_win.dll
0x00007ffa66740000 - 0x00007ffa66772000 	C:\WINDOWS\System32\IMM32.DLL
0x00007ffa62b50000 - 0x00007ffa62b5c000 	C:\Program Files\Java\jdk-26.0.1\bin\vcruntime140_1.dll
0x00007ffa325e0000 - 0x00007ffa3266d000 	C:\Program Files\Java\jdk-26.0.1\bin\msvcp140.dll
0x00007ff9879e0000 - 0x00007ff9888ae000 	C:\Program Files\Java\jdk-26.0.1\bin\server\jvm.dll
0x00007ffa66ce0000 - 0x00007ffa66d9c000 	C:\WINDOWS\System32\ADVAPI32.dll
0x00007ffa66b10000 - 0x00007ffa66bba000 	C:\WINDOWS\System32\sechost.dll
0x00007ffa66bc0000 - 0x00007ffa66cd8000 	C:\WINDOWS\System32\RPCRT4.dll
0x00007ffa66410000 - 0x00007ffa66492000 	C:\WINDOWS\System32\WS2_32.dll
0x00007ffa652b0000 - 0x00007ffa6530e000 	C:\WINDOWS\SYSTEM32\POWRPROF.dll
0x00007ffa5e4a0000 - 0x00007ffa5e4ab000 	C:\WINDOWS\SYSTEM32\VERSION.dll
0x00007ffa629e0000 - 0x00007ffa62a16000 	C:\WINDOWS\SYSTEM32\WINMM.dll
0x00007ffa65290000 - 0x00007ffa652a5000 	C:\WINDOWS\SYSTEM32\UMPDC.dll
0x00007ffa64140000 - 0x00007ffa6415b000 	C:\WINDOWS\SYSTEM32\kernel.appcore.dll
0x00007ffa62ab0000 - 0x00007ffa62aba000 	C:\Program Files\Java\jdk-26.0.1\bin\jimage.dll
0x00007ffa626e0000 - 0x00007ffa62922000 	C:\WINDOWS\SYSTEM32\DBGHELP.DLL
0x00007ffa66780000 - 0x00007ffa66b05000 	C:\WINDOWS\System32\combase.dll
0x00007ffa66130000 - 0x00007ffa66209000 	C:\WINDOWS\System32\OLEAUT32.dll
0x00007ffa629a0000 - 0x00007ffa629db000 	C:\WINDOWS\SYSTEM32\dbgcore.DLL
0x00007ffa65eb0000 - 0x00007ffa65f5c000 	C:\WINDOWS\System32\bcryptPrimitives.dll
0x00007ffa54470000 - 0x00007ffa5448f000 	C:\Program Files\Java\jdk-26.0.1\bin\java.dll
0x00007ffa664b0000 - 0x00007ffa66649000 	C:\WINDOWS\System32\ole32.dll
0x00007ffa66e40000 - 0x00007ffa675c8000 	C:\WINDOWS\System32\SHELL32.dll
0x00007ffa62ee0000 - 0x00007ffa6377b000 	C:\WINDOWS\SYSTEM32\windows.storage.dll
0x00007ffa66030000 - 0x00007ffa66129000 	C:\WINDOWS\System32\SHCORE.dll
0x00007ffa67730000 - 0x00007ffa67796000 	C:\WINDOWS\System32\shlwapi.dll
0x00007ffa65370000 - 0x00007ffa65399000 	C:\WINDOWS\SYSTEM32\profapi.dll
0x00007ffa54220000 - 0x00007ffa54232000 	C:\Program Files\Java\jdk-26.0.1\bin\net.dll
0x00007ffa646f0000 - 0x00007ffa6475c000 	C:\WINDOWS\system32\mswsock.dll
0x00007ffa537f0000 - 0x00007ffa53806000 	C:\Program Files\Java\jdk-26.0.1\bin\nio.dll
0x00007ffa54240000 - 0x00007ffa54257000 	C:\Program Files\Java\jdk-26.0.1\bin\zip.dll
0x00007ffa4e830000 - 0x00007ffa4e854000 	C:\Users\maria\.m2\wrapper\dists\apache-maven-3.9.16\0daed3be3ebd1c706f0e69e8b07c6b73f5cc4ea3dfce72a8d0ec2e849ca2ddb0\lib\jansi-native\Windows\x86_64\jansi.dll
0x00007ffa54210000 - 0x00007ffa54220000 	C:\Program Files\Java\jdk-26.0.1\bin\verify.dll
0x00007ffa649e0000 - 0x00007ffa649fb000 	C:\WINDOWS\SYSTEM32\CRYPTSP.dll
0x00007ffa640a0000 - 0x00007ffa640d9000 	C:\WINDOWS\system32\rsaenh.dll
0x00007ffa647a0000 - 0x00007ffa647d2000 	C:\WINDOWS\SYSTEM32\USERENV.dll
0x00007ffa65340000 - 0x00007ffa6536a000 	C:\WINDOWS\SYSTEM32\bcrypt.dll
0x00007ffa64a00000 - 0x00007ffa64a0c000 	C:\WINDOWS\SYSTEM32\CRYPTBASE.dll
0x00007ffa63af0000 - 0x00007ffa63b23000 	C:\WINDOWS\SYSTEM32\IPHLPAPI.DLL
0x00007ffa664a0000 - 0x00007ffa664aa000 	C:\WINDOWS\System32\NSI.dll
0x00007ffa63be0000 - 0x00007ffa63d38000 	C:\WINDOWS\SYSTEM32\DNSAPI.dll
0x00007ffa64480000 - 0x00007ffa6448d000 	C:\WINDOWS\SYSTEM32\DSPARSE.dll
0x00007ffa5b220000 - 0x00007ffa5b22b000 	C:\Windows\System32\rasadhlp.dll
0x00007ffa5f4d0000 - 0x00007ffa5f556000 	C:\WINDOWS\System32\fwpuclnt.dll
0x00007ffa57c00000 - 0x00007ffa57c09000 	C:\Program Files\Java\jdk-26.0.1\bin\extnet.dll
0x00007ffa57bf0000 - 0x00007ffa57bfe000 	C:\Program Files\Java\jdk-26.0.1\bin\sunmscapi.dll
0x00007ffa65450000 - 0x00007ffa655ce000 	C:\WINDOWS\System32\CRYPT32.dll
0x00007ffa64c20000 - 0x00007ffa64c50000 	C:\WINDOWS\SYSTEM32\ncrypt.dll
0x00007ffa64bd0000 - 0x00007ffa64c0f000 	C:\WINDOWS\SYSTEM32\NTASN1.dll

JVMTI agents: none

dbghelp: loaded successfully - version: 4.0.5 - missing functions: none
symbol engine: initialized successfully - sym options: 0x614 - pdb path: .;C:\Program Files\Java\jdk-26.0.1\bin;C:\WINDOWS\SYSTEM32;C:\WINDOWS\WinSxS\amd64_microsoft.windows.common-controls_6595b64144ccf1df_6.0.26100.8972_none_3e0da176e32f9d4b;C:\Program Files\Java\jdk-26.0.1\bin\server;C:\Users\maria\.m2\wrapper\dists\apache-maven-3.9.16\0daed3be3ebd1c706f0e69e8b07c6b73f5cc4ea3dfce72a8d0ec2e849ca2ddb0\lib\jansi-native\Windows\x86_64

VM Arguments:
jvm_args: --enable-native-access=ALL-UNNAMED -Dclassworlds.conf=C:\Users\maria\.m2\wrapper\dists\apache-maven-3.9.16\0daed3be3ebd1c706f0e69e8b07c6b73f5cc4ea3dfce72a8d0ec2e849ca2ddb0\bin\m2.conf -Dmaven.home=C:\Users\maria\.m2\wrapper\dists\apache-maven-3.9.16\0daed3be3ebd1c706f0e69e8b07c6b73f5cc4ea3dfce72a8d0ec2e849ca2ddb0 -Dlibrary.jansi.path=C:\Users\maria\.m2\wrapper\dists\apache-maven-3.9.16\0daed3be3ebd1c706f0e69e8b07c6b73f5cc4ea3dfce72a8d0ec2e849ca2ddb0\lib\jansi-native -Dmaven.multiModuleProjectDirectory=C:\Projetos\Web\controle_financeiro\backend 
java_command: org.codehaus.plexus.classworlds.launcher.Launcher spring-boot:run
java_class_path (initial): C:\Users\maria\.m2\wrapper\dists\apache-maven-3.9.16\0daed3be3ebd1c706f0e69e8b07c6b73f5cc4ea3dfce72a8d0ec2e849ca2ddb0\boot\plexus-classworlds-2.11.0.jar
Launcher Type: SUN_STANDARD

[Global flags]
     bool AOTAdapterCaching                        = false                                  {diagnostic} {ergonomic}
     bool AOTInvokeDynamicLinking                  = false                                  {diagnostic} {ergonomic}
     bool AOTRecordTraining                        = false                                  {diagnostic} {ergonomic}
     bool AOTReplayTraining                        = false                                  {diagnostic} {ergonomic}
     bool AOTStubCaching                           = false                                  {diagnostic} {ergonomic}
     intx CICompilerCount                          = 4                                         {product} {ergonomic}
     uint ConcGCThreads                            = 3                                         {product} {ergonomic}
     uint G1ConcRefinementThreads                  = 10                                        {product} {ergonomic}
     uint G1EagerReclaimRemSetThreshold            = 10                                   {experimental} {ergonomic}
   size_t G1HeapRegionSize                         = 1048576                                   {product} {ergonomic}
     uint G1RemSetArrayOfCardsEntries              = 10                                   {experimental} {ergonomic}
     uint G1RemSetHowlMaxNumBuckets                = 8                                    {experimental} {ergonomic}
     uint G1RemSetHowlNumBuckets                   = 4                                    {experimental} {ergonomic}
   size_t InitialHeapSize                          = 8388608                                   {product} {ergonomic}
     bool IntelJccErratumMitigation                = false                             {ARCH diagnostic} {ergonomic}
   size_t MarkStackSize                            = 4194304                                   {product} {ergonomic}
   size_t MarkStackSizeMax                         = 536870912                                 {product} {ergonomic}
   size_t MaxHeapSize                              = 1975517184                                {product} {ergonomic}
   size_t MaxNewSize                               = 1184890880                                {product} {ergonomic}
 uint64_t MaxRAM                                   = 7893950464                                {product} {ergonomic}
   size_t MinHeapDeltaBytes                        = 1048576                                   {product} {ergonomic}
   size_t MinHeapSize                              = 8388608                                   {product} {ergonomic}
   size_t NonNMethodCodeHeapSize                   = 5898240                                {pd product} {ergonomic}
   size_t NonProfiledCodeHeapSize                  = 122945536                              {pd product} {ergonomic}
   size_t ProfiledCodeHeapSize                     = 122945536                              {pd product} {ergonomic}
   size_t ReservedCodeCacheSize                    = 251789312                              {pd product} {ergonomic}
     bool SegmentedCodeCache                       = true                                      {product} {ergonomic}
   size_t SoftMaxHeapSize                          = 1975517184                             {manageable} {ergonomic}
     bool UseCompressedOops                        = true                           {product lp64_product} {ergonomic}
     bool UseCondCardMark                          = true                                      {product} {ergonomic}
     bool UseFastUnorderedTimeStamps               = true                                 {experimental} {ergonomic}
     bool UseG1GC                                  = true                                      {product} {ergonomic}
     bool UseLargePagesIndividualAllocation        = false                                  {pd product} {ergonomic}
      int X86ICacheSync                            = 3                                 {ARCH diagnostic} {ergonomic}

Logging:
Log output configuration:
 #0: stdout all=warning uptime,level,tags foldmultilines=false
 #1: stderr all=off uptime,level,tags foldmultilines=false

Release file:
IMPLEMENTOR="Oracle Corporation" 
JAVA_RUNTIME_VERSION="26.0.1+8-34" 
JAVA_VERSION="26.0.1" 
JAVA_VERSION_DATE="2026-04-21" 
LIBC="default" 
MODULES="java.base java.compiler java.datatransfer java.xml java.prefs java.desktop java.instrument java.logging java.management java.security.sasl java.naming java.rmi java.management.rmi java.net.http java.scripting java.security.jgss java.transaction.xa java.sql java.sql.rowset java.xml.crypto java.se java.smartcardio jdk.accessibility jdk.internal.jvmstat jdk.attach jdk.charsets jdk.internal.opt jdk.zipfs jdk.compiler jdk.crypto.cryptoki jdk.crypto.ec jdk.crypto.mscapi jdk.dynalink jdk.internal.ed jdk.editpad jdk.internal.vm.ci jdk.graal.compiler jdk.graal.compiler.management jdk.hotspot.agent jdk.httpserver jdk.incubator.vector jdk.internal.le jdk.internal.md jdk.jartool jdk.javadoc jdk.jcmd jdk.management jdk.management.agent jdk.jconsole jdk.jdeps jdk.jdwp.agent jdk.jdi jdk.jfr jdk.jlink jdk.jpackage jdk.jshell jdk.jstatd jdk.localedata jdk.management.jfr jdk.naming.dns jdk.naming.rmi jdk.net jdk.nio.mapmode jdk.sctp jdk.security.auth jdk.security.jgss jdk.unsupported jdk.unsupported.desktop jdk.xml.dom" 
OS_ARCH="x86_64" 
OS_NAME="Windows" 
SOURCE=".:git:8fcde8268d22 open:git:fcc00fc4aee7" 

Environment Variables:
JAVA_HOME=C:\Program Files\Java\jdk-26.0.1
PATH=c:\Users\maria\AppData\Roaming\Code\User\globalStorage\github.copilot-chat\debugCommand;c:\Users\maria\AppData\Roaming\Code\User\globalStorage\github.copilot-chat\copilotCli;C:\Python312\Scripts\;C:\Python312\;C:\Python314\Scripts\;C:\Python314\;C:\Program Files\Common Files\Oracle\Java\javapath;C:\Program Files (x86)\Common Files\Oracle\Java\java8path;C:\Program Files (x86)\Common Files\Oracle\Java\javapath;C:\WINDOWS\system32;C:\WINDOWS;C:\WINDOWS\System32\Wbem;C:\WINDOWS\System32\WindowsPowerShell\v1.0\;C:\WINDOWS\System32\OpenSSH\;C:\Program Files\dotnet\;C:\Program Files\Git\cmd;C:\ProgramData\chocolatey\bin;C:\ProgramData\chocolatey\lib\maven\apache-maven-3.9.16\bin;C:\Program Files\Java\jdk-26.0.1\bin;C:\Program Files\Microsoft VS Code\bin;C:\ProgramData\mingw64\mingw64\bin;C:\Program Files\nodejs\;C:\Users\maria\AppData\Local\Microsoft\WindowsApps;C:\Users\maria\AppData\Local\Programs\Microsoft VS Code\bin;C:\Users\maria\AppData\Local\Microsoft\WinGet\Packages\Schniz.fnm_Microsoft.Winget.Source_8wekyb3d8bbwe;C:\Program Files\Java\jdk-26.0.1\bin;C:\Program Files\Apache\apache-maven-3.6.3\bin;C:\msys64\ucrt64\bin;C:\Users\maria\.dotnet\tools;C:\tools\dart-sdk\bin;C:\Users\maria\AppData\Local\Pub\Cache\bin;C:\Users\maria\flutter\bin;C:\sqlite;C:\Users\maria\AppData\Roaming\npm;C:\Users\maria\AppData\Local\DockerSandboxes\bin\
USERNAME=maria
LANG=en_US.UTF-8
OS=Windows_NT
PROCESSOR_IDENTIFIER=AMD64 Family 23 Model 104 Stepping 1, AuthenticAMD
TMP=C:\Users\maria\AppData\Local\Temp
TEMP=C:\Users\maria\AppData\Local\Temp




Compilation memory statistics disabled.

Periodic native trim disabled

---------------  S Y S T E M  ---------------

OS:
 Windows 11 , 64 bit Build 26100 (10.0.26100.9168)
OS uptime: 4 days 4:48 hours
Hyper-V role detected

CPU: total 12 (initial active 12) (6 cores per cpu, 2 threads per core) family 23 model 104 stepping 1 microcode 0x8608109, cx8, cmov, fxsr, ht, mmx, 3dnowpref, sse, sse2, sse3, ssse3, sse4a, sse4.1, sse4.2, popcnt, lzcnt, tsc, tscinvbit, avx, avx2, aes, clmul, bmi1, bmi2, adx, sha, fma, vzeroupper, clflush, clflushopt, clwb, hv, rdtscp, rdpid, f16c
Processor Information for the first 12 processors :
  Max Mhz: 2100, Current Mhz: 2100, Mhz Limit: 2100

Memory: 4k page, system-wide physical 7528M (306M free)
TotalPageFile size 31080M (AvailPageFile size 20M)
current process WorkingSet (physical memory assigned to process): 284M, peak: 284M
current process commit charge ("private bytes"): 513M, peak: 520M

vm_info: Java HotSpot(TM) 64-Bit Server VM (26.0.1+8-34) for windows-amd64 JRE (26.0.1+8-34), built on 2026-03-10T17:24:10Z with MS VC++ 17.13 (VS2022)

END.
