version 2
JvmtiExport can_access_local_variables 0
JvmtiExport can_hotswap_or_post_breakpoint 1
JvmtiExport can_post_on_exceptions 0
# 495 ciObject found
instanceKlass sun/nio/ch/ChannelInputStream
ciInstanceKlass java/lang/Cloneable 1 0 7 100 1 100 1 1 1
instanceKlass org/sonatype/plexus/build/incremental/BuildContext
instanceKlass lombok/core/TypeResolver
instanceKlass lombok/core/AST$FieldAccess
instanceKlass lombok/core/LombokImmutableList$1
instanceKlass lombok/javac/JavacImportList
instanceKlass lombok/javac/PackageName
instanceKlass lombok/core/configuration/FileSystemSourceCache$Content
instanceKlass lombok/core/configuration/ConfigurationFile
instanceKlass lombok/core/configuration/BubblingConfigurationResolver
instanceKlass lombok/core/LombokConfiguration$3
instanceKlass lombok/core/configuration/FileSystemSourceCache$1
instanceKlass lombok/core/configuration/ConfigurationProblemReporter$1
instanceKlass lombok/core/configuration/ConfigurationProblemReporter
instanceKlass lombok/core/configuration/ConfigurationParser
instanceKlass lombok/core/configuration/ConfigurationFileToSource
instanceKlass lombok/core/configuration/FileSystemSourceCache
instanceKlass lombok/core/LombokConfiguration$1
instanceKlass lombok/core/configuration/ConfigurationResolverFactory
instanceKlass lombok/core/configuration/ConfigurationResolver
instanceKlass lombok/core/LombokConfiguration
instanceKlass lombok/core/ImportList
instanceKlass lombok/javac/JavacAST$ErrorLog
instanceKlass lombok/javac/HandlerLibrary$VisitorContainer
instanceKlass lombok/experimental/WithBy
instanceKlass lombok/With
instanceKlass lombok/Value
instanceKlass lombok/javac/JavacASTAdapter
instanceKlass lombok/experimental/UtilityClass
instanceKlass lombok/ToString
instanceKlass lombok/Synchronized
instanceKlass lombok/experimental/SuperBuilder
instanceKlass lombok/javac/handlers/JavacSingularsRecipes$StatementMaker
instanceKlass lombok/javac/handlers/JavacSingularsRecipes$ExpressionMaker
instanceKlass lombok/javac/handlers/HandleBuilder$BuilderJob
instanceKlass lombok/experimental/StandardException
instanceKlass lombok/SneakyThrows
instanceKlass lombok/Singular
instanceKlass lombok/Setter
instanceKlass lombok/core/PrintAST
instanceKlass lombok/NonNull
instanceKlass lombok/extern/slf4j/XSlf4j
instanceKlass lombok/extern/slf4j/Slf4j
instanceKlass lombok/extern/log4j/Log4j
instanceKlass lombok/extern/log4j/Log4j2
instanceKlass lombok/extern/java/Log
instanceKlass lombok/extern/jbosslog/JBossLog
instanceKlass lombok/extern/flogger/Flogger
instanceKlass lombok/CustomLog
instanceKlass lombok/extern/apachecommons/CommonsLog
instanceKlass lombok/Locked$Write
instanceKlass lombok/Locked$Read
instanceKlass lombok/Locked
instanceKlass lombok/extern/jackson/Jacksonized
instanceKlass lombok/experimental/Helper
instanceKlass lombok/Getter
instanceKlass lombok/experimental/FieldNameConstants
instanceKlass lombok/core/LombokImmutableList
instanceKlass lombok/core/JavaIdentifiers
instanceKlass lombok/experimental/ExtensionMethod
instanceKlass lombok/EqualsAndHashCode
instanceKlass lombok/experimental/Delegate
instanceKlass lombok/Data
instanceKlass lombok/RequiredArgsConstructor
instanceKlass lombok/NoArgsConstructor
instanceKlass lombok/AllArgsConstructor
instanceKlass lombok/Cleanup
instanceKlass lombok/Builder$Default
instanceKlass lombok/Builder
instanceKlass lombok/javac/handlers/HandleConstructor
instanceKlass lombok/core/LombokInternalAliasing
instanceKlass lombok/core/AlreadyHandledAnnotations
instanceKlass lombok/javac/ResolutionResetNeeded
instanceKlass lombok/core/HandlerPriority
instanceKlass lombok/javac/HandlerLibrary$AnnotationHandlerContainer
instanceKlass lombok/experimental/Accessors
instanceKlass lombok/javac/JavacAnnotationHandler
instanceKlass lombok/core/SpiLoadUtil$1$1
instanceKlass lombok/core/SpiLoadUtil$1
instanceKlass lombok/core/SpiLoadUtil
instanceKlass lombok/core/configuration/ConfigurationKeysLoader
instanceKlass lombok/core/configuration/CheckerFrameworkVersion
instanceKlass lombok/core/configuration/MappedConfigEnum
instanceKlass lombok/core/configuration/TypeName
instanceKlass lombok/core/configuration/LogDeclaration
instanceKlass lombok/core/configuration/IdentifierName
instanceKlass lombok/core/configuration/ConfigurationDataType$6
instanceKlass lombok/core/configuration/ConfigurationDataType$7
instanceKlass lombok/core/configuration/NullAnnotationLibrary
instanceKlass lombok/core/configuration/ConfigurationValueType
instanceKlass lombok/core/configuration/ConfigurationDataType$5
instanceKlass lombok/core/configuration/ConfigurationDataType$4
instanceKlass lombok/core/configuration/ConfigurationDataType$3
instanceKlass lombok/core/configuration/ConfigurationDataType$2
instanceKlass lombok/core/configuration/ConfigurationDataType$1
instanceKlass lombok/core/configuration/ConfigurationValueParser
instanceKlass lombok/core/configuration/ConfigurationDataType
instanceKlass lombok/core/configuration/ConfigurationKey
instanceKlass lombok/ConfigurationKeys
instanceKlass lombok/core/configuration/ConfigurationKeysLoader$LoaderLoader
instanceKlass lombok/core/TypeLibrary
instanceKlass lombok/javac/HandlerLibrary
instanceKlass lombok/javac/JavacASTVisitor
instanceKlass lombok/javac/JavacTransformer
instanceKlass lombok/core/LombokNode
instanceKlass lombok/core/AST
instanceKlass lombok/javac/handlers/JavacHandlerUtil
instanceKlass lombok/javac/JavacTreeMaker$FieldId
instanceKlass lombok/javac/JavacTreeMaker$MethodId
instanceKlass lombok/javac/JavacTreeMaker
instanceKlass lombok/javac/JavacTreeMaker$SchroedingerType
instanceKlass lombok/javac/Javac
instanceKlass lombok/javac/apt/Java9Compiler
instanceKlass lombok/javac/apt/LombokFileObjects$Compiler
instanceKlass lombok/javac/apt/LombokFileObject
instanceKlass lombok/javac/apt/LombokFileObjects
instanceKlass lombok/javac/apt/MessagerDiagnosticsReceiver
instanceKlass lombok/permit/dummy/Parent
instanceKlass lombok/core/CleanupRegistry
instanceKlass lombok/permit/Permit$Fake
instanceKlass lombok/permit/Permit
instanceKlass lombok/core/DiagnosticsReceiver
instanceKlass lombok/launch/AnnotationProcessorHider$AstModificationNotifierData
instanceKlass lombok/core/AnnotationProcessor$ProcessorDescriptor
instanceKlass lombok/launch/ClassFileMetaData
instanceKlass lombok/launch/PackageShader
instanceKlass lombok/launch/Main
instanceKlass  @bci org/apache/maven/plugin/compiler/AbstractCompilerMojo isDependencyChanged ()Z 191 <appendix> member <vmtarget> ; # org/apache/maven/plugin/compiler/AbstractCompilerMojo$$Lambda+0x00000000284ec228
instanceKlass org/apache/maven/plugin/compiler/TestCompilerMojo$$FastClassByGuice$$199043105
instanceKlass org/apache/maven/plugins/resources/TestResourcesMojo$$FastClassByGuice$$197199300
instanceKlass org/apache/maven/shared/utils/io/DirectoryScanResult
instanceKlass  @bci com/sun/tools/javac/file/Locations close ()V 13 <appendix> member <vmtarget> ; # com/sun/tools/javac/file/Locations$$Lambda+0x00000000284eabf0
instanceKlass  @bci com/sun/tools/javac/util/Log reportOutstandingNotes ()V 54 <appendix> member <vmtarget> ; # com/sun/tools/javac/util/Log$$Lambda+0x00000000284ea7b0
instanceKlass  @bci com/sun/tools/javac/util/Log reportOutstandingNotes ()V 43 <appendix> argL0 ; # com/sun/tools/javac/util/Log$$Lambda+0x00000000284ea568
instanceKlass  @bci com/sun/tools/javac/util/Log reportOutstandingNotes ()V 33 <appendix> argL0 ; # com/sun/tools/javac/util/Log$$Lambda+0x00000000284ea320
instanceKlass  @bci com/sun/tools/javac/util/Log reportOutstandingNotes ()V 23 <appendix> argL0 ; # com/sun/tools/javac/util/Log$$Lambda+0x00000000284ea0d8
instanceKlass  @bci com/sun/tools/javac/util/Log reportOutstandingNotes ()V 13 <appendix> member <vmtarget> ; # com/sun/tools/javac/util/Log$$Lambda+0x00000000284e9e78
instanceKlass  @bci com/sun/tools/javac/comp/LambdaToMethod$LambdaTranslationContext addSymbol (Lcom/sun/tools/javac/code/Symbol$VarSymbol;Lcom/sun/tools/javac/comp/LambdaToMethod$LambdaTranslationContext$LambdaSymbolKind;)Lcom/sun/tools/javac/code/Symbol$VarSymbol; 7 <appendix> member <vmtarget> ; # com/sun/tools/javac/comp/LambdaToMethod$LambdaTranslationContext$$Lambda+0x00000000284e9c28
instanceKlass com/sun/tools/javac/comp/DeferredAttr$DeferredType$SpeculativeCache$Entry
instanceKlass com/sun/tools/javac/comp/DeferredAttr$DeferredAttrNode
instanceKlass  @bci com/sun/tools/javac/comp/Check$RequiresIdentityVisitor visitClassType (Lcom/sun/tools/javac/code/Type$ClassType;Ljava/util/Set;)Ljava/lang/Void; 42 <appendix> member <vmtarget> ; # com/sun/tools/javac/comp/Check$RequiresIdentityVisitor$$Lambda+0x00000000284e8870
instanceKlass com/sun/tools/javac/code/Type$5
instanceKlass com/sun/tools/javac/jvm/ClassWriter$StackMapTableFrame
instanceKlass com/sun/tools/javac/jvm/Code$StackMapFrame
instanceKlass com/sun/tools/javac/jvm/Code$Chain
instanceKlass  @bci com/sun/tools/javac/jvm/Items$MemberItem store ()V 14 <appendix> argL0 ; # com/sun/tools/javac/jvm/Items$MemberItem$$Lambda+0x00000000284e3600
instanceKlass com/sun/tools/javac/comp/Flow$1
instanceKlass java/lang/runtime/ExactConversionsSupport
instanceKlass com/sun/tools/javac/comp/Operators$1
instanceKlass  @bci com/sun/tools/javac/comp/Attr condType (Lcom/sun/tools/javac/util/List;Lcom/sun/tools/javac/util/List;)Lcom/sun/tools/javac/code/Type; 32 <appendix> member <vmtarget> ; # com/sun/tools/javac/comp/Attr$$Lambda+0x00000000284e2b30
instanceKlass com/sun/tools/javac/comp/ArgumentAttr$LocalCacheContext
instanceKlass  @bci com/sun/tools/javac/code/Symbol$VarSymbol setLazyConstValue (Lcom/sun/tools/javac/comp/Env;Lcom/sun/tools/javac/comp/Env;Lcom/sun/tools/javac/comp/Attr;Lcom/sun/tools/javac/tree/JCTree$JCVariableDecl;)V 7 <appendix> member <vmtarget> ; # com/sun/tools/javac/code/Symbol$VarSymbol$$Lambda+0x00000000284e26e0
instanceKlass  @bci com/sun/tools/javac/comp/Operators$UnaryOperatorHelper doLookup (Lcom/sun/tools/javac/code/Type;)Lcom/sun/tools/javac/code/Symbol$OperatorSymbol; 3 <appendix> member <vmtarget> ; # com/sun/tools/javac/comp/Operators$UnaryOperatorHelper$$Lambda+0x00000000284e2480
instanceKlass  @bci com/sun/tools/javac/comp/Operators resolveUnary (Lcom/sun/tools/javac/util/JCDiagnostic$DiagnosticPosition;Lcom/sun/tools/javac/tree/JCTree$Tag;Lcom/sun/tools/javac/code/Type;)Lcom/sun/tools/javac/code/Symbol$OperatorSymbol; 22 <appendix> member <vmtarget> ; # com/sun/tools/javac/comp/Operators$$Lambda+0x00000000284e2250
instanceKlass  @bci com/sun/tools/javac/comp/Operators resolveUnary (Lcom/sun/tools/javac/util/JCDiagnostic$DiagnosticPosition;Lcom/sun/tools/javac/tree/JCTree$Tag;Lcom/sun/tools/javac/code/Type;)Lcom/sun/tools/javac/code/Symbol$OperatorSymbol; 13 <appendix> member <vmtarget> ; # com/sun/tools/javac/comp/Operators$$Lambda+0x00000000284e2000
instanceKlass  @bci com/sun/tools/javac/comp/Operators resolveUnary (Lcom/sun/tools/javac/util/JCDiagnostic$DiagnosticPosition;Lcom/sun/tools/javac/tree/JCTree$Tag;Lcom/sun/tools/javac/code/Type;)Lcom/sun/tools/javac/code/Symbol$OperatorSymbol; 7 <appendix> member <vmtarget> ; # com/sun/tools/javac/comp/Operators$$Lambda+0x00000000284e7c80
instanceKlass  @bci com/sun/tools/javac/comp/Operators makeOperator (Lcom/sun/tools/javac/util/Name;Lcom/sun/tools/javac/util/List;Lcom/sun/tools/javac/comp/Operators$OperatorType;[I)Lcom/sun/tools/javac/code/Symbol$OperatorSymbol; 9 <appendix> member <vmtarget> ; # com/sun/tools/javac/comp/Operators$$Lambda+0x00000000284e7100
instanceKlass  @bci com/sun/tools/javac/comp/Operators$OperatorHelper initOperators ()[Lcom/sun/tools/javac/code/Symbol$OperatorSymbol; 17 <appendix> argL0 ; # com/sun/tools/javac/comp/Operators$OperatorHelper$$Lambda+0x00000000284e6ed8
instanceKlass  @bci com/sun/tools/javac/comp/Operators$OperatorHelper initOperators ()[Lcom/sun/tools/javac/code/Symbol$OperatorSymbol; 7 <appendix> argL0 ; # com/sun/tools/javac/comp/Operators$OperatorHelper$$Lambda+0x00000000284e6c90
instanceKlass  @bci com/sun/tools/javac/comp/Operators$OperatorHelper doLookup (Ljava/util/function/Predicate;)Lcom/sun/tools/javac/code/Symbol$OperatorSymbol; 5 <appendix> member <vmtarget> ; # com/sun/tools/javac/comp/Operators$OperatorHelper$$Lambda+0x00000000284e6a60
instanceKlass  @bci com/sun/tools/javac/comp/Operators$BinaryOperatorHelper doLookup (Lcom/sun/tools/javac/code/Type;Lcom/sun/tools/javac/code/Type;)Lcom/sun/tools/javac/code/Symbol$OperatorSymbol; 4 <appendix> member <vmtarget> ; # com/sun/tools/javac/comp/Operators$BinaryOperatorHelper$$Lambda+0x00000000284e6400
instanceKlass  @bci com/sun/tools/javac/comp/Operators resolveBinary (Lcom/sun/tools/javac/util/JCDiagnostic$DiagnosticPosition;Lcom/sun/tools/javac/tree/JCTree$Tag;Lcom/sun/tools/javac/code/Type;Lcom/sun/tools/javac/code/Type;)Lcom/sun/tools/javac/code/Symbol$OperatorSymbol; 28 <appendix> member <vmtarget> ; # com/sun/tools/javac/comp/Operators$$Lambda+0x00000000284e5d80
instanceKlass  @bci com/sun/tools/javac/comp/Operators resolveBinary (Lcom/sun/tools/javac/util/JCDiagnostic$DiagnosticPosition;Lcom/sun/tools/javac/tree/JCTree$Tag;Lcom/sun/tools/javac/code/Type;Lcom/sun/tools/javac/code/Type;)Lcom/sun/tools/javac/code/Symbol$OperatorSymbol; 17 <appendix> member <vmtarget> ; # com/sun/tools/javac/comp/Operators$$Lambda+0x00000000284e5b30
instanceKlass  @bci com/sun/tools/javac/comp/Operators resolveBinary (Lcom/sun/tools/javac/util/JCDiagnostic$DiagnosticPosition;Lcom/sun/tools/javac/tree/JCTree$Tag;Lcom/sun/tools/javac/code/Type;Lcom/sun/tools/javac/code/Type;)Lcom/sun/tools/javac/code/Symbol$OperatorSymbol; 9 <appendix> member <vmtarget> ; # com/sun/tools/javac/comp/Operators$$Lambda+0x00000000284e58d0
instanceKlass  @bci com/sun/tools/javac/comp/Attr bindingEnv (Lcom/sun/tools/javac/comp/Env;Lcom/sun/tools/javac/tree/JCTree;Lcom/sun/tools/javac/util/List;)Lcom/sun/tools/javac/comp/Env; 47 <appendix> member <vmtarget> ; # com/sun/tools/javac/comp/Attr$$Lambda+0x00000000284e5690
instanceKlass  @bci com/sun/tools/javac/code/Lint suppressionsFrom (Lcom/sun/tools/javac/code/Attribute$Compound;)Ljava/util/EnumSet; 102 <appendix> member <vmtarget> ; # com/sun/tools/javac/code/Lint$$Lambda+0x00000000284e5450
instanceKlass  @bci com/sun/tools/javac/code/Lint suppressionsFrom (Lcom/sun/tools/javac/code/Attribute$Compound;)Ljava/util/EnumSet; 88 <appendix> argL0 ; # com/sun/tools/javac/code/Lint$$Lambda+0x00000000284e51f8
instanceKlass  @bci com/sun/tools/javac/code/Lint suppressionsFrom (Lcom/sun/tools/javac/code/Attribute$Compound;)Ljava/util/EnumSet; 80 <appendix> argL0 ; # com/sun/tools/javac/code/Lint$$Lambda+0x00000000284e4fb0
instanceKlass  @bci com/sun/tools/javac/code/Lint suppressionsFrom (Lcom/sun/tools/javac/code/Attribute$Compound;)Ljava/util/EnumSet; 72 <appendix> argL0 ; # com/sun/tools/javac/code/Lint$$Lambda+0x00000000284e4d68
instanceKlass  @bci com/sun/tools/javac/code/Lint suppressionsFrom (Lcom/sun/tools/javac/code/Attribute$Compound;)Ljava/util/EnumSet; 64 <appendix> argL0 ; # com/sun/tools/javac/code/Lint$$Lambda+0x00000000284e4b10
instanceKlass com/sun/tools/javac/jvm/PoolConstant$LoadableConstant$BasicConstant
instanceKlass  @bci com/sun/tools/javac/jvm/Gen visitNewClass (Lcom/sun/tools/javac/tree/JCTree$JCNewClass;)V 49 <appendix> argL0 ; # com/sun/tools/javac/jvm/Gen$$Lambda+0x00000000284e4688
instanceKlass  @bci com/sun/tools/javac/jvm/Gen visitTypeCast (Lcom/sun/tools/javac/tree/JCTree$JCTypeCast;)V 116 <appendix> argL0 ; # com/sun/tools/javac/jvm/Gen$$Lambda+0x00000000284e4460
instanceKlass  @bci com/sun/tools/javac/jvm/PoolConstant$Dynamic$PoolKey hashCode ()I 1 <appendix> argL1 argL0 member <vmtarget> ; # com/sun/tools/javac/jvm/PoolConstant$Dynamic$PoolKey$$HasherSpecializer+0x00000000284e4250
instanceKlass  @bci com/sun/tools/javac/jvm/PoolConstant$Dynamic$BsmKey <init> (Lcom/sun/tools/javac/code/Types;Lcom/sun/tools/javac/jvm/PoolConstant$LoadableConstant;[Lcom/sun/tools/javac/jvm/PoolConstant$LoadableConstant;)V 31 <appendix> member <vmtarget> ; # com/sun/tools/javac/jvm/PoolConstant$Dynamic$BsmKey$$Lambda+0x00000000284e4000
instanceKlass com/sun/tools/javac/jvm/PoolConstant$Dynamic$BsmKey
instanceKlass  @bci com/sun/tools/javac/comp/LambdaToMethod makeIndyCall (Lcom/sun/tools/javac/util/JCDiagnostic$DiagnosticPosition;Lcom/sun/tools/javac/code/Type;Lcom/sun/tools/javac/util/Name;Lcom/sun/tools/javac/util/List;Lcom/sun/tools/javac/code/Type$MethodType;Lcom/sun/tools/javac/util/List;Lcom/sun/tools/javac/util/Name;)Lcom/sun/tools/javac/tree/JCTree$JCExpression; 53 <appendix> member <vmtarget> ; # com/sun/tools/javac/comp/LambdaToMethod$$Lambda+0x00000000284df548
instanceKlass  @bci com/sun/tools/javac/comp/LambdaToMethod visitLambda (Lcom/sun/tools/javac/tree/JCTree$JCLambda;)V 62 <appendix> member <vmtarget> ; # com/sun/tools/javac/comp/LambdaToMethod$$Lambda+0x00000000284dec00
instanceKlass  @bci com/sun/tools/javac/comp/LambdaToMethod visitLambda (Lcom/sun/tools/javac/tree/JCTree$JCLambda;)V 51 <appendix> member <vmtarget> ; # com/sun/tools/javac/comp/LambdaToMethod$$Lambda+0x00000000284de9c0
instanceKlass  @bci com/sun/tools/javac/comp/LambdaToMethod visitLambda (Lcom/sun/tools/javac/tree/JCTree$JCLambda;)V 39 <appendix> member <vmtarget> ; # com/sun/tools/javac/comp/LambdaToMethod$$Lambda+0x00000000284de790
instanceKlass com/sun/tools/javac/comp/LambdaToMethod$LambdaTranslationContext
instanceKlass com/sun/tools/javac/comp/LambdaToMethod$KlassInfo
instanceKlass  @bci com/sun/tools/javac/code/Types$DescriptorCache findDescriptorInternal (Lcom/sun/tools/javac/code/Symbol$TypeSymbol;Lcom/sun/tools/javac/code/Scope$CompoundScope;)Lcom/sun/tools/javac/code/Types$DescriptorCache$FunctionDescriptor; 207 <appendix> member <vmtarget> ; # com/sun/tools/javac/code/Types$DescriptorCache$$Lambda+0x00000000284dd0b8
instanceKlass  @bci com/sun/tools/javac/code/Types$DescriptorCache findDescriptorInternal (Lcom/sun/tools/javac/code/Symbol$TypeSymbol;Lcom/sun/tools/javac/code/Scope$CompoundScope;)Lcom/sun/tools/javac/code/Types$DescriptorCache$FunctionDescriptor; 194 <appendix> member <vmtarget> ; # com/sun/tools/javac/code/Types$DescriptorCache$$Lambda+0x00000000284dce68
instanceKlass  @bci com/sun/tools/javac/code/Types$DescriptorCache findDescriptorInternal (Lcom/sun/tools/javac/code/Symbol$TypeSymbol;Lcom/sun/tools/javac/code/Scope$CompoundScope;)Lcom/sun/tools/javac/code/Types$DescriptorCache$FunctionDescriptor; 182 <appendix> member <vmtarget> ; # com/sun/tools/javac/code/Types$DescriptorCache$$Lambda+0x00000000284dcc08
instanceKlass  @bci com/sun/tools/javac/comp/Check checkOverride (Lcom/sun/tools/javac/tree/JCTree;Lcom/sun/tools/javac/code/Symbol$MethodSymbol;Lcom/sun/tools/javac/code/Symbol$MethodSymbol;Lcom/sun/tools/javac/code/Symbol$ClassSymbol;)V 798 <appendix> member <vmtarget> ; # com/sun/tools/javac/comp/Check$$Lambda+0x00000000284dc9d8
instanceKlass  @bci com/sun/tools/javac/comp/Attr checkAccessibleTypes (Lcom/sun/tools/javac/util/JCDiagnostic$DiagnosticPosition;Lcom/sun/tools/javac/comp/Env;Lcom/sun/tools/javac/comp/InferenceContext;Lcom/sun/tools/javac/util/List;)V 17 <appendix> member <vmtarget> ; # com/sun/tools/javac/comp/Attr$$Lambda+0x00000000284dc7a8
instanceKlass  @bci com/sun/tools/javac/comp/Attr check (Lcom/sun/tools/javac/tree/JCTree;Lcom/sun/tools/javac/code/Type;Lcom/sun/tools/javac/code/Kinds$KindSelector;Lcom/sun/tools/javac/comp/Attr$ResultInfo;)Lcom/sun/tools/javac/code/Type; 163 <appendix> member <vmtarget> ; # com/sun/tools/javac/comp/Attr$$Lambda+0x00000000284dc578
instanceKlass  @bci com/sun/tools/javac/comp/Attr setFunctionalInfo (Lcom/sun/tools/javac/comp/Env;Lcom/sun/tools/javac/tree/JCTree$JCFunctionalExpression;Lcom/sun/tools/javac/code/Type;Lcom/sun/tools/javac/code/Type;Lcom/sun/tools/javac/code/Type;Lcom/sun/tools/javac/comp/Check$CheckContext;)V 38 <appendix> form vmentry <vmtarget> ; # java/lang/invoke/LambdaForm$DMH+0x00000000284e0400
instanceKlass  @bci com/sun/tools/javac/comp/Attr setFunctionalInfo (Lcom/sun/tools/javac/comp/Env;Lcom/sun/tools/javac/tree/JCTree$JCFunctionalExpression;Lcom/sun/tools/javac/code/Type;Lcom/sun/tools/javac/code/Type;Lcom/sun/tools/javac/code/Type;Lcom/sun/tools/javac/comp/Check$CheckContext;)V 38 <appendix> member <vmtarget> ; # com/sun/tools/javac/comp/Attr$$Lambda+0x00000000284dc348
instanceKlass  @cpi com/sun/tools/javac/comp/Attr 5451 form vmentry <vmtarget> ; # java/lang/invoke/LambdaForm$DMH+0x00000000284e0000
instanceKlass com/sun/tools/javac/comp/ArgumentAttr$2
instanceKlass com/sun/tools/javac/comp/Attr$TargetInfo
instanceKlass  @bci com/sun/tools/javac/comp/Infer instantiateFunctionalInterface (Lcom/sun/tools/javac/util/JCDiagnostic$DiagnosticPosition;Lcom/sun/tools/javac/code/Type;Lcom/sun/tools/javac/util/List;Lcom/sun/tools/javac/comp/Check$CheckContext;)Lcom/sun/tools/javac/code/Type; 262 <appendix> member <vmtarget> ; # com/sun/tools/javac/comp/Infer$$Lambda+0x00000000284db690
instanceKlass  @bci com/sun/tools/javac/comp/ArgumentAttr$ExplicitLambdaType argtypes ()Lcom/sun/tools/javac/util/List; 5 <appendix> member <vmtarget> ; # com/sun/tools/javac/comp/ArgumentAttr$ExplicitLambdaType$$Lambda+0x00000000284db460
instanceKlass  @bci com/sun/tools/javac/code/Types removeWildcards (Lcom/sun/tools/javac/code/Type;)Lcom/sun/tools/javac/code/Type; 7 <appendix> argL0 ; # com/sun/tools/javac/code/Types$$Lambda+0x00000000284db208
instanceKlass com/sun/tools/javac/code/Types$DescriptorCache$Entry
instanceKlass com/sun/tools/javac/code/Types$DescriptorCache$FunctionDescriptor
instanceKlass com/sun/tools/javac/code/Types$MethodFilter
instanceKlass com/sun/tools/javac/code/Types$CandidatesCache$Entry
instanceKlass com/sun/tools/javac/code/Types$DescriptorFilter
instanceKlass  @bci com/sun/tools/javac/comp/DeferredAttr attribSpeculativeLambda (Lcom/sun/tools/javac/tree/JCTree$JCLambda;Lcom/sun/tools/javac/comp/Env;Lcom/sun/tools/javac/comp/Attr$ResultInfo;)Lcom/sun/tools/javac/tree/JCTree$JCLambda; 142 <appendix> argL0 ; # com/sun/tools/javac/comp/DeferredAttr$$Lambda+0x00000000284d96f8
instanceKlass  @bci com/sun/tools/javac/comp/DeferredAttr attribSpeculativeLambda (Lcom/sun/tools/javac/tree/JCTree$JCLambda;Lcom/sun/tools/javac/comp/Env;Lcom/sun/tools/javac/comp/Attr$ResultInfo;)Lcom/sun/tools/javac/tree/JCTree$JCLambda; 132 <appendix> argL0 ; # com/sun/tools/javac/comp/DeferredAttr$$Lambda+0x00000000284d94a0
instanceKlass  @bci com/sun/tools/javac/comp/ArgumentAttr visitLambda (Lcom/sun/tools/javac/tree/JCTree$JCLambda;)V 14 <appendix> member <vmtarget> ; # com/sun/tools/javac/comp/ArgumentAttr$$Lambda+0x00000000284d9070
instanceKlass com/sun/tools/javac/comp/Resolve$MostSpecificCheck
instanceKlass  @bci com/sun/tools/javac/jvm/Code fillLocalVarPosition (Lcom/sun/tools/javac/jvm/Code$LocalVar;)V 117 <appendix> member <vmtarget> ; # com/sun/tools/javac/jvm/Code$$Lambda+0x00000000284d8678
instanceKlass  @bci com/sun/tools/javac/jvm/Code fillLocalVarPosition (Lcom/sun/tools/javac/jvm/Code$LocalVar;)V 95 <appendix> argL0 ; # com/sun/tools/javac/jvm/Code$$Lambda+0x00000000284d8450
instanceKlass java/util/stream/Nodes$IntArrayNode
instanceKlass java/util/stream/Node$Builder$OfInt
instanceKlass java/util/stream/Sink$OfInt
instanceKlass  @bci java/util/stream/IntPipeline toArray ()[I 1 <appendix> argL0 ; # java/util/stream/IntPipeline$$Lambda+0x00000000283535a8
instanceKlass  @bci com/sun/tools/javac/jvm/Code fillLocalVarPosition (Lcom/sun/tools/javac/jvm/Code$LocalVar;)V 75 <appendix> argL0 ; # com/sun/tools/javac/jvm/Code$$Lambda+0x00000000284d8228
instanceKlass  @bci com/sun/tools/javac/jvm/Code fillLocalVarPosition (Lcom/sun/tools/javac/jvm/Code$LocalVar;)V 51 <appendix> argL0 ; # com/sun/tools/javac/jvm/Code$$Lambda+0x00000000284d8000
instanceKlass  @bci com/sun/tools/javac/jvm/Code fillLocalVarPosition (Lcom/sun/tools/javac/jvm/Code$LocalVar;)V 41 <appendix> argL0 ; # com/sun/tools/javac/jvm/Code$$Lambda+0x00000000284d1c50
instanceKlass  @bci com/sun/tools/javac/jvm/Items$StaticItem load ()Lcom/sun/tools/javac/jvm/Items$Item; 14 <appendix> argL0 ; # com/sun/tools/javac/jvm/Items$StaticItem$$Lambda+0x00000000284d1a28
instanceKlass  @bci com/sun/tools/javac/jvm/Items$MemberItem load ()Lcom/sun/tools/javac/jvm/Items$Item; 14 <appendix> argL0 ; # com/sun/tools/javac/jvm/Items$MemberItem$$Lambda+0x00000000284d1800
instanceKlass java/util/function/ToIntBiFunction
instanceKlass  @bci com/sun/tools/javac/comp/InferenceContext boundedVars ()Lcom/sun/tools/javac/util/List; 1 <appendix> argL0 ; # com/sun/tools/javac/comp/InferenceContext$$Lambda+0x00000000284d3260
instanceKlass java/util/EnumMap$EntryIterator$Entry
instanceKlass java/util/EnumMap$EnumMapIterator
instanceKlass  @bci com/sun/tools/javac/code/Type$UndetVar substBounds (Lcom/sun/tools/javac/util/List;Lcom/sun/tools/javac/util/List;Lcom/sun/tools/javac/code/Types;)V 19 <appendix> member <vmtarget> ; # com/sun/tools/javac/code/Type$UndetVar$$Lambda+0x00000000284d3020
instanceKlass  @cpi com/sun/tools/javac/code/Type$UndetVar 405 form vmentry <vmtarget> ; # java/lang/invoke/LambdaForm$DMH+0x00000000284d1000
instanceKlass com/sun/tools/javac/comp/Infer$BoundFilter
instanceKlass com/sun/tools/javac/util/GraphUtils$Tarjan
instanceKlass com/sun/tools/javac/util/GraphUtils
instanceKlass com/sun/tools/javac/util/GraphUtils$AbstractNode
instanceKlass com/sun/tools/javac/util/GraphUtils$DottableNode
instanceKlass com/sun/tools/javac/util/GraphUtils$Node
instanceKlass  @bci com/sun/tools/javac/comp/InferenceContext restvars ()Lcom/sun/tools/javac/util/List; 1 <appendix> argL0 ; # com/sun/tools/javac/comp/InferenceContext$$Lambda+0x00000000284d61a0
instanceKlass com/sun/tools/javac/comp/Infer$GraphSolver$InferenceGraph
instanceKlass  @bci com/sun/tools/javac/code/Types closureCollector (ZLjava/util/function/BiPredicate;)Ljava/util/stream/Collector; 18 <appendix> argL0 ; # com/sun/tools/javac/code/Types$$Lambda+0x00000000284d5d18
instanceKlass  @bci com/sun/tools/javac/code/Types closureCollector (ZLjava/util/function/BiPredicate;)Ljava/util/stream/Collector; 13 <appendix> argL0 ; # com/sun/tools/javac/code/Types$$Lambda+0x00000000284d5ac8
instanceKlass  @bci com/sun/tools/javac/code/Types closureCollector (ZLjava/util/function/BiPredicate;)Ljava/util/stream/Collector; 8 <appendix> argL0 ; # com/sun/tools/javac/code/Types$$Lambda+0x00000000284d5890
instanceKlass  @bci com/sun/tools/javac/code/Types closureCollector (ZLjava/util/function/BiPredicate;)Ljava/util/stream/Collector; 3 <adapter> ; # java/lang/invoke/LambdaForm$MH+0x00000000284d0c00
instanceKlass  @bci com/sun/tools/javac/code/Types closureCollector (ZLjava/util/function/BiPredicate;)Ljava/util/stream/Collector; 3 <appendix> form vmentry <vmtarget> ; # java/lang/invoke/LambdaForm$DMH+0x00000000284d0800
instanceKlass  @bci com/sun/tools/javac/code/Types closureCollector (ZLjava/util/function/BiPredicate;)Ljava/util/stream/Collector; 3 <appendix> member <vmtarget> ; # com/sun/tools/javac/code/Types$$Lambda+0x00000000284d5660
instanceKlass com/sun/tools/javac/code/Types$ClosureHolder
instanceKlass  @bci com/sun/tools/javac/comp/Infer$CheckUpperBounds apply (Lcom/sun/tools/javac/comp/InferenceContext;Lcom/sun/tools/javac/util/Warner;)V 40 <appendix> member <vmtarget> ; # com/sun/tools/javac/comp/Infer$CheckUpperBounds$$Lambda+0x00000000284d51d0
instanceKlass  @cpi com/sun/tools/javac/comp/Infer$CheckUpperBounds 177 form vmentry <vmtarget> ; # java/lang/invoke/LambdaForm$DMH+0x00000000284d0400
instanceKlass com/sun/tools/javac/comp/Infer$GraphSolver
instanceKlass com/sun/tools/javac/comp/Infer$LeafSolver
instanceKlass  @bci com/sun/tools/javac/comp/Check checkType (Lcom/sun/tools/javac/util/JCDiagnostic$DiagnosticPosition;Lcom/sun/tools/javac/code/Type;Lcom/sun/tools/javac/code/Type;Lcom/sun/tools/javac/comp/Check$CheckContext;)Lcom/sun/tools/javac/code/Type; 40 <appendix> member <vmtarget> ; # com/sun/tools/javac/comp/Check$$Lambda+0x00000000284cfd60
instanceKlass  @cpi com/sun/tools/javac/comp/Check 4227 form vmentry <vmtarget> ; # java/lang/invoke/LambdaForm$DMH+0x00000000284d0000
instanceKlass  @bci com/sun/tools/javac/comp/DeferredAttr$FilterScanner <init> (Ljava/util/Set;)V 6 <appendix> member <vmtarget> ; # com/sun/tools/javac/comp/DeferredAttr$FilterScanner$$Lambda+0x00000000284cfb00
instanceKlass com/sun/tools/javac/comp/Infer$FreeTypeListener
instanceKlass  @bci java/util/ArrayDeque copyElements (Ljava/util/Collection;)V 2 <appendix> member <vmtarget> ; # java/util/ArrayDeque$$Lambda+0x0000000028351bc8
instanceKlass  @bci com/sun/tools/javac/comp/Infer$CheckBounds <init> (Lcom/sun/tools/javac/comp/Infer;Lcom/sun/tools/javac/code/Type$UndetVar;Lcom/sun/tools/javac/code/Type;Lcom/sun/tools/javac/code/Type$UndetVar$InferenceBound;)V 4 <appendix> argL0 ; # com/sun/tools/javac/comp/Infer$CheckBounds$$Lambda+0x00000000284cce20
instanceKlass com/sun/tools/javac/comp/Infer$IncorporationAction
instanceKlass com/sun/tools/javac/comp/DeferredAttr$DeferredType$SpeculativeCache
instanceKlass  @bci com/sun/tools/javac/code/DeferredCompletionFailureHandler$2 uninstall ()V 9 <appendix> argL0 ; # com/sun/tools/javac/code/DeferredCompletionFailureHandler$2$$Lambda+0x00000000284cad90
instanceKlass  @bci com/sun/tools/javac/comp/DeferredAttr$DeferredAttrDiagHandler <init> (Lcom/sun/tools/javac/util/Log;Lcom/sun/tools/javac/tree/JCTree;)V 8 <appendix> member <vmtarget> ; # com/sun/tools/javac/comp/DeferredAttr$DeferredAttrDiagHandler$$Lambda+0x00000000284cab30
instanceKlass  @bci com/sun/tools/javac/comp/ArgumentAttr processArg (Lcom/sun/tools/javac/tree/JCTree$JCExpression;Ljava/util/function/Function;)V 16 <appendix> member <vmtarget> ; # com/sun/tools/javac/comp/ArgumentAttr$$Lambda+0x00000000284ca4a8
instanceKlass com/sun/tools/javac/comp/ArgumentAttr$UniquePos
instanceKlass  @bci com/sun/tools/javac/comp/ArgumentAttr visitApply (Lcom/sun/tools/javac/tree/JCTree$JCMethodInvocation;)V 14 <appendix> member <vmtarget> ; # com/sun/tools/javac/comp/ArgumentAttr$$Lambda+0x00000000284ca040
instanceKlass com/sun/tools/javac/jvm/ClassWriter$1
instanceKlass java/nio/file/Path$1
instanceKlass com/sun/tools/javac/jvm/PoolWriter$1
instanceKlass com/sun/tools/javac/jvm/PoolConstant$NameAndType
instanceKlass  @bci com/sun/tools/javac/model/FilteredMemberList iterator ()Ljava/util/Iterator; 4 <appendix> argL0 ; # com/sun/tools/javac/model/FilteredMemberList$$Lambda+0x00000000284c8cc0
instanceKlass com/sun/tools/javac/jvm/Code$LocalVar$Range
instanceKlass com/sun/tools/javac/jvm/Items
instanceKlass com/sun/tools/javac/jvm/Code$LocalVar
instanceKlass com/sun/tools/javac/jvm/Code$State
instanceKlass com/sun/tools/javac/jvm/Gen$GenContext
instanceKlass com/sun/tools/javac/jvm/Gen$3
instanceKlass com/sun/tools/javac/comp/Lower$4
instanceKlass  @bci com/sun/tools/javac/comp/Lower visitApply (Lcom/sun/tools/javac/tree/JCTree$JCMethodInvocation;)V 581 <appendix> argL0 ; # com/sun/tools/javac/comp/Lower$$Lambda+0x00000000284c55c8
instanceKlass  @bci com/sun/tools/javac/comp/Flow$FlowAnalyzer visitApply (Lcom/sun/tools/javac/tree/JCTree$JCMethodInvocation;)V 81 <appendix> member <vmtarget> ; # com/sun/tools/javac/comp/Flow$FlowAnalyzer$$Lambda+0x00000000284c4170
instanceKlass  @bci com/sun/tools/javac/comp/Flow$FlowAnalyzer visitClassDef (Lcom/sun/tools/javac/tree/JCTree$JCClassDecl;)V 146 <appendix> member <vmtarget> ; # com/sun/tools/javac/comp/Flow$FlowAnalyzer$$Lambda+0x00000000284c3f30
instanceKlass  @bci com/sun/tools/javac/comp/Flow$AssignAnalyzer visitApply (Lcom/sun/tools/javac/tree/JCTree$JCMethodInvocation;)V 52 <appendix> member <vmtarget> ; # com/sun/tools/javac/comp/Flow$AssignAnalyzer$$Lambda+0x00000000284c3628
instanceKlass  @bci com/sun/tools/javac/comp/Flow$AssignAnalyzer visitClassDef (Lcom/sun/tools/javac/tree/JCTree$JCClassDecl;)V 165 <appendix> member <vmtarget> ; # com/sun/tools/javac/comp/Flow$AssignAnalyzer$$Lambda+0x00000000284c33e8
instanceKlass com/sun/tools/javac/util/Bits
instanceKlass com/sun/tools/javac/comp/Flow$BaseAnalyzer$PendingExit
instanceKlass  @bci com/sun/tools/javac/comp/Flow$AliveAnalyzer visitClassDef (Lcom/sun/tools/javac/tree/JCTree$JCClassDecl;)V 98 <appendix> member <vmtarget> ; # com/sun/tools/javac/comp/Flow$AliveAnalyzer$$Lambda+0x00000000284c12c8
instanceKlass  @bci com/sun/tools/javac/comp/Flow$AliveAnalyzer visitClassDef (Lcom/sun/tools/javac/tree/JCTree$JCClassDecl;)V 86 <appendix> member <vmtarget> ; # com/sun/tools/javac/comp/Flow$AliveAnalyzer$$Lambda+0x00000000284c1088
instanceKlass  @bci com/sun/tools/javac/code/LintMapper$LintRange$1 visitVarDef (Lcom/sun/tools/javac/tree/JCTree$JCVariableDecl;)V 7 <appendix> member <vmtarget> ; # com/sun/tools/javac/code/LintMapper$LintRange$1$$Lambda+0x00000000284bf8c8
instanceKlass  @bci com/sun/tools/javac/code/LintMapper$LintRange$1 visitMethodDef (Lcom/sun/tools/javac/tree/JCTree$JCMethodDecl;)V 7 <appendix> member <vmtarget> ; # com/sun/tools/javac/code/LintMapper$LintRange$1$$Lambda+0x00000000284bf688
instanceKlass  @bci com/sun/tools/javac/code/LintMapper$LintRange$1 visitClassDef (Lcom/sun/tools/javac/tree/JCTree$JCClassDecl;)V 7 <appendix> member <vmtarget> ; # com/sun/tools/javac/code/LintMapper$LintRange$1$$Lambda+0x00000000284bf448
instanceKlass com/sun/tools/javac/comp/Resolve$19
instanceKlass com/sun/tools/javac/comp/Resolve$MethodCheckContext
instanceKlass  @bci com/sun/tools/javac/code/Types$MembersClosureCache$MembersScope combine (Ljava/util/function/Predicate;)Ljava/util/function/Predicate; 1 <appendix> member <vmtarget> ; # com/sun/tools/javac/code/Types$MembersClosureCache$MembersScope$$Lambda+0x00000000284bcde8
instanceKlass com/sun/tools/javac/comp/Resolve$6
instanceKlass  @bci com/sun/tools/javac/comp/Resolve superclasses (Lcom/sun/tools/javac/code/Type;)Ljava/lang/Iterable; 2 <appendix> member <vmtarget> ; # com/sun/tools/javac/comp/Resolve$$Lambda+0x00000000284bc920
instanceKlass  @bci com/sun/tools/javac/comp/Check checkOverrideClashes (Lcom/sun/tools/javac/util/JCDiagnostic$DiagnosticPosition;Lcom/sun/tools/javac/code/Type;Lcom/sun/tools/javac/code/Symbol$MethodSymbol;)V 45 <appendix> member <vmtarget> ; # com/sun/tools/javac/comp/Check$$Lambda+0x00000000284bc278
instanceKlass com/sun/tools/javac/comp/Check$ClashFilter
instanceKlass com/sun/tools/javac/code/Symbol$1
instanceKlass  @bci com/sun/tools/javac/code/Scope$CompoundScope lambda$getSymbols$0 (Ljava/util/function/Predicate;Lcom/sun/tools/javac/code/Scope$LookupKind;)Ljava/util/Iterator; 6 <appendix> member <vmtarget> ; # com/sun/tools/javac/code/Scope$CompoundScope$$Lambda+0x000000002849fa68
instanceKlass  @bci com/sun/tools/javac/code/Scope$CompoundScope getSymbols (Ljava/util/function/Predicate;Lcom/sun/tools/javac/code/Scope$LookupKind;)Ljava/lang/Iterable; 3 <appendix> member <vmtarget> ; # com/sun/tools/javac/code/Scope$CompoundScope$$Lambda+0x000000002849f818
instanceKlass com/sun/tools/javac/comp/Check$DefaultMethodClashFilter
instanceKlass  @bci com/sun/tools/javac/comp/Check checkRequiresIdentity (Lcom/sun/tools/javac/tree/JCTree;Lcom/sun/tools/javac/code/Lint;)V 13 <appendix> member <vmtarget> ; # com/sun/tools/javac/comp/Check$$TypeSwitch+0x000000002849f398
instanceKlass  @bci com/sun/tools/javac/comp/Attr attribClass (Lcom/sun/tools/javac/code/Symbol$ClassSymbol;)V 919 <appendix> argL0 ; # com/sun/tools/javac/comp/Attr$$Lambda+0x000000002849ece8
instanceKlass  @bci com/sun/tools/javac/comp/Attr attribClass (Lcom/sun/tools/javac/code/Symbol$ClassSymbol;)V 909 <appendix> argL0 ; # com/sun/tools/javac/comp/Attr$$Lambda+0x000000002849ea90
instanceKlass  @bci com/sun/tools/javac/code/Lint suppressionsFrom (Ljava/util/stream/Stream;)Ljava/util/EnumSet; 37 <appendix> member <vmtarget> ; # com/sun/tools/javac/code/Lint$$Lambda+0x000000002849e850
instanceKlass  @bci com/sun/tools/javac/code/Lint suppressionsFrom (Ljava/util/stream/Stream;)Ljava/util/EnumSet; 21 <appendix> member <vmtarget> ; # com/sun/tools/javac/code/Lint$$Lambda+0x000000002849e600
instanceKlass  @bci com/sun/tools/javac/code/Lint suppressionsFrom (Ljava/util/stream/Stream;)Ljava/util/EnumSet; 10 <appendix> member <vmtarget> ; # com/sun/tools/javac/code/Lint$$Lambda+0x000000002849e3a0
# instanceKlass java/lang/invoke/LambdaForm$MH+0x00000000284bb800
# instanceKlass java/lang/invoke/LambdaForm$MH+0x00000000284bb400
# instanceKlass java/lang/invoke/LambdaForm$MH+0x00000000284bb000
# instanceKlass java/lang/invoke/LambdaForm$MH+0x00000000284bac00
# instanceKlass java/lang/invoke/LambdaForm$MH+0x00000000284ba800
# instanceKlass java/lang/invoke/LambdaForm$MH+0x00000000284ba400
# instanceKlass java/lang/invoke/LambdaForm$MH+0x00000000284ba000
# instanceKlass java/lang/invoke/LambdaForm$MH+0x00000000284b9400
instanceKlass  @bci com/sun/tools/javac/code/Symtab lambda$getAllClasses$0 ()Ljava/util/Iterator; 9 <appendix> argL0 ; # com/sun/tools/javac/code/Symtab$$Lambda+0x000000002849e158
instanceKlass  @bci com/sun/tools/javac/code/Symtab getAllClasses ()Ljava/lang/Iterable; 1 <appendix> member <vmtarget> ; # com/sun/tools/javac/code/Symtab$$Lambda+0x000000002849df08
instanceKlass com/sun/tools/javac/processing/JavacProcessingEnvironment$ImplicitCompleter
instanceKlass  @bci com/sun/tools/javac/util/Log$DeferredDiagnosticHandler reportDeferredDiagnostics (Ljava/util/function/Predicate;)V 45 <appendix> member <vmtarget> ; # com/sun/tools/javac/util/Log$DeferredDiagnosticHandler$$Lambda+0x000000002849da80
instanceKlass  @bci com/sun/tools/javac/util/Log$DeferredDiagnosticHandler reportDeferredDiagnostics (Ljava/util/function/Predicate;)V 24 <appendix> member <vmtarget> ; # com/sun/tools/javac/util/Log$DeferredDiagnosticHandler$$Lambda+0x000000002849d840
instanceKlass  @bci com/sun/tools/javac/processing/JavacProcessingEnvironment$Round unrecoverableError ()Z 28 <appendix> member <vmtarget> ; # com/sun/tools/javac/processing/JavacProcessingEnvironment$Round$$Lambda+0x000000002849d5e0
instanceKlass  @bci com/sun/tools/javac/util/JCDiagnostic$Factory normalize (Lcom/sun/tools/javac/util/JCDiagnostic$DiagnosticInfo;)Lcom/sun/tools/javac/util/JCDiagnostic$DiagnosticInfo; 46 <appendix> member <vmtarget> ; # com/sun/tools/javac/util/JCDiagnostic$Factory$$Lambda+0x000000002849d390
instanceKlass com/sun/tools/javac/resources/CompilerProperties$LintWarnings
# instanceKlass java/lang/invoke/LambdaForm$MH+0x00000000284b9000
# instanceKlass java/lang/invoke/LambdaForm$MH+0x00000000284b8c00
# instanceKlass java/lang/invoke/LambdaForm$MH+0x00000000284b8800
# instanceKlass java/lang/invoke/LambdaForm$MH+0x00000000284b8400
# instanceKlass java/lang/invoke/LambdaForm$MH+0x00000000284b8000
# instanceKlass java/lang/invoke/LambdaForm$MH+0x00000000284b3c00
# instanceKlass java/lang/invoke/LambdaForm$MH+0x00000000284b3800
instanceKlass com/sun/tools/javac/tree/Pretty$1
# instanceKlass java/lang/invoke/LambdaForm$MH+0x00000000284b3400
# instanceKlass java/lang/invoke/LambdaForm$MH+0x00000000284b3000
# instanceKlass java/lang/invoke/LambdaForm$MH+0x00000000284b2c00
# instanceKlass java/lang/invoke/LambdaForm$MH+0x00000000284b2800
# instanceKlass java/lang/invoke/LambdaForm$MH+0x00000000284b2400
# instanceKlass java/lang/invoke/LambdaForm$MH+0x00000000284b2000
# instanceKlass java/lang/invoke/LambdaForm$MH+0x00000000284b1c00
# instanceKlass java/lang/invoke/LambdaForm$MH+0x00000000284b1800
# instanceKlass java/lang/invoke/LambdaForm$MH+0x00000000284b1400
# instanceKlass java/lang/invoke/LambdaForm$MH+0x00000000284b1000
# instanceKlass java/lang/invoke/LambdaForm$DMH+0x00000000284b0c00
# instanceKlass java/lang/invoke/LambdaForm$MH+0x00000000284b0800
# instanceKlass java/lang/invoke/LambdaForm$MH+0x00000000284b0400
instanceKlass  @bci jdk/internal/reflect/DirectMethodHandleAccessor invokeImpl (Ljava/lang/Object;[Ljava/lang/Object;)Ljava/lang/Object; 92 <adapter> ; # java/lang/invoke/LambdaForm$MH+0x00000000284b0000
# instanceKlass java/lang/invoke/LambdaForm$MH+0x00000000284adc00
# instanceKlass java/lang/invoke/LambdaForm$MH+0x00000000284ad800
# instanceKlass java/lang/invoke/LambdaForm$MH+0x00000000284ad400
# instanceKlass java/lang/invoke/LambdaForm$DMH+0x00000000284ad000
# instanceKlass java/lang/invoke/LambdaForm$MH+0x00000000284acc00
# instanceKlass java/lang/invoke/LambdaForm$MH+0x00000000284ac800
instanceKlass com/sun/tools/javac/tree/TreeMaker$2
# instanceKlass java/lang/invoke/LambdaForm$MH+0x00000000284ac400
# instanceKlass java/lang/invoke/LambdaForm$MH+0x00000000284ac000
# instanceKlass java/lang/invoke/LambdaForm$MH+0x00000000284abc00
# instanceKlass java/lang/invoke/LambdaForm$MH+0x00000000284ab800
# instanceKlass java/lang/invoke/LambdaForm$MH+0x00000000284ab400
# instanceKlass java/lang/invoke/LambdaForm$DMH+0x00000000284ab000
# instanceKlass java/lang/invoke/LambdaForm$MH+0x00000000284aac00
# instanceKlass java/lang/invoke/LambdaForm$MH+0x00000000284aa800
# instanceKlass java/lang/invoke/LambdaForm$MH+0x00000000284aa400
# instanceKlass java/lang/invoke/LambdaForm$MH+0x00000000284aa000
# instanceKlass java/lang/invoke/LambdaForm$MH+0x00000000284a9c00
instanceKlass com/sun/tools/javac/code/DeferredCompletionFailureHandler$DeferredCompleter
# instanceKlass java/lang/invoke/LambdaForm$MH+0x00000000284a9800
# instanceKlass java/lang/invoke/LambdaForm$MH+0x00000000284a9400
# instanceKlass java/lang/invoke/LambdaForm$MH+0x00000000284a9000
# instanceKlass java/lang/invoke/LambdaForm$MH+0x00000000284a8c00
# instanceKlass java/lang/invoke/LambdaForm$DMH+0x00000000284a8800
# instanceKlass java/lang/invoke/LambdaForm$MH+0x00000000284a8400
# instanceKlass java/lang/invoke/LambdaForm$MH+0x00000000284a8000
instanceKlass com/sun/tools/javac/comp/Annotate$AnnotationContext
instanceKlass com/sun/tools/javac/comp/Annotate$Queues
# instanceKlass java/lang/invoke/LambdaForm$MH+0x00000000284a7c00
# instanceKlass java/lang/invoke/LambdaForm$MH+0x00000000284a7800
# instanceKlass java/lang/invoke/LambdaForm$MH+0x00000000284a7400
# instanceKlass java/lang/invoke/LambdaForm$DMH+0x00000000284a7000
# instanceKlass java/lang/invoke/LambdaForm$MH+0x00000000284a6c00
# instanceKlass java/lang/invoke/LambdaForm$MH+0x00000000284a6800
# instanceKlass java/lang/invoke/LambdaForm$MH+0x00000000284a6400
# instanceKlass java/lang/invoke/LambdaForm$DMH+0x00000000284a6000
# instanceKlass java/lang/invoke/LambdaForm$MH+0x00000000284a5c00
# instanceKlass java/lang/invoke/LambdaForm$MH+0x00000000284a5800
# instanceKlass java/lang/invoke/LambdaForm$MH+0x00000000284a5400
# instanceKlass java/lang/invoke/LambdaForm$MH+0x00000000284a5000
# instanceKlass java/lang/invoke/LambdaForm$DMH+0x00000000284a4c00
# instanceKlass java/lang/invoke/LambdaForm$MH+0x00000000284a4800
instanceKlass java/lang/invoke/MethodHandleImpl$CasesHolder
instanceKlass java/lang/invoke/MethodHandleImpl$LoopClauses
# instanceKlass java/lang/invoke/LambdaForm$MH+0x00000000284a4400
# instanceKlass java/lang/invoke/LambdaForm$DMH+0x00000000284a4000
# instanceKlass java/lang/invoke/LambdaForm$MH+0x00000000284a3c00
# instanceKlass java/lang/invoke/LambdaForm$MH+0x00000000284a3800
# instanceKlass java/lang/invoke/LambdaForm$MH+0x00000000284a3400
# instanceKlass java/lang/invoke/LambdaForm$MH+0x00000000284a3000
# instanceKlass java/lang/invoke/LambdaForm$DMH+0x00000000284a2c00
# instanceKlass java/lang/invoke/LambdaForm$MH+0x00000000284a2800
# instanceKlass java/lang/invoke/LambdaForm$MH+0x00000000284a2400
# instanceKlass java/lang/invoke/LambdaForm$DMH+0x00000000284a2000
# instanceKlass java/lang/invoke/LambdaForm$MH+0x00000000284a1c00
# instanceKlass java/lang/invoke/LambdaForm$BMH+0x00000000284a1800
# instanceKlass java/lang/invoke/LambdaForm$DMH+0x00000000284a1400
# instanceKlass java/lang/invoke/LambdaForm$MH+0x00000000284a1000
# instanceKlass java/lang/invoke/LambdaForm$BMH+0x00000000284a0c00
# instanceKlass java/lang/invoke/LambdaForm$DMH+0x00000000284a0800
# instanceKlass java/lang/invoke/LambdaForm$DMH+0x00000000284a0400
# instanceKlass java/lang/invoke/LambdaForm$DMH+0x00000000284a0000
instanceKlass  @bci java/util/regex/Pattern SingleI (II)Ljava/util/regex/Pattern$BmpCharPredicate; 2 <appendix> member <vmtarget> ; # java/util/regex/Pattern$$Lambda+0x0000000028350ef0
# instanceKlass java/lang/invoke/LambdaForm$MH+0x0000000028495800
# instanceKlass java/lang/invoke/LambdaForm$MH+0x0000000028495400
# instanceKlass java/lang/invoke/LambdaForm$MH+0x0000000028495000
# instanceKlass java/lang/invoke/LambdaForm$MH+0x0000000028494c00
# instanceKlass java/lang/invoke/LambdaForm$MH+0x0000000028494800
# instanceKlass java/lang/invoke/LambdaForm$MH+0x0000000028494400
# instanceKlass java/lang/invoke/LambdaForm$MH+0x0000000028494000
instanceKlass sun/nio/fs/WindowsUriSupport
instanceKlass java/util/function/UnaryOperator
instanceKlass  @bci java/lang/Class methodToString (Ljava/lang/String;[Ljava/lang/Class;)Ljava/lang/String; 42 <appendix> argL0 ; # java/lang/Class$$Lambda+0x0000000028350878
instanceKlass com/sun/tools/javac/util/WarningAggregator
instanceKlass java/util/IdentityHashMap$EntryIterator$Entry
instanceKlass com/sun/tools/javac/model/JavacElements$1
instanceKlass javax/annotation/processing/SupportedOptions
instanceKlass com/sun/tools/javac/util/MatchingUtils
instanceKlass javax/annotation/processing/SupportedAnnotationTypes
instanceKlass java/text/BreakIterator
instanceKlass com/sun/tools/javac/api/JavacScope
instanceKlass com/sun/source/util/DocTreePath
instanceKlass  @bci java/lang/reflect/Field set (Ljava/lang/Object;Ljava/lang/Object;)V 63 <appendix> member <vmtarget> ; # java/lang/reflect/Field$$Lambda+0x000000002834f150
instanceKlass java/lang/reflect/Field$FieldSetter
# instanceKlass java/lang/invoke/LambdaForm$MH+0x0000000028470400
# instanceKlass java/lang/invoke/LambdaForm$MH+0x0000000028470000
instanceKlass com/sun/source/util/TaskEvent
instanceKlass javax/lang/model/type/TypeVisitor
instanceKlass javax/tools/ForwardingJavaFileManager
# instanceKlass java/lang/invoke/LambdaForm$MH+0x000000002846bc00
# instanceKlass java/lang/invoke/LambdaForm$MH+0x000000002846b800
# instanceKlass java/lang/invoke/LambdaForm$MH+0x000000002846b400
instanceKlass java/lang/invoke/LambdaFormEditor$1
instanceKlass java/lang/Class$EnclosingMethodInfo
# instanceKlass java/lang/invoke/LambdaForm$MH+0x000000002846b000
instanceKlass java/util/stream/SliceOps
instanceKlass  @bci sun/misc/Unsafe lambda$beforeMemoryAccessSlow$0 (Ljava/util/stream/Stream;)Ljava/util/List; 1 <appendix> argL0 ; # sun/misc/Unsafe$$Lambda+0x000000002834d950
instanceKlass java/lang/StackStreamFactory$FrameBuffer
instanceKlass java/lang/StackStreamFactory
instanceKlass  @bci sun/misc/Unsafe beforeMemoryAccessSlow ()V 26 <appendix> argL0 ; # sun/misc/Unsafe$$Lambda+0x000000002834bed8
instanceKlass sun/misc/Unsafe$StackWalkerHolder
instanceKlass sun/misc/Unsafe
instanceKlass java/util/zip/ZipFile$ZipEntryIterator
instanceKlass java/util/WeakHashMap$HashIterator
instanceKlass java/net/URLDecoder
instanceKlass com/sun/tools/javac/processing/JavacProcessingEnvironment$ProcessorState
instanceKlass com/sun/tools/javac/processing/JavacRoundEnvironment
instanceKlass javax/lang/model/util/AbstractElementVisitor6
instanceKlass javax/lang/model/element/ElementVisitor
instanceKlass  @bci com/sun/tools/javac/processing/JavacProcessingEnvironment$Round <init> (Lcom/sun/tools/javac/processing/JavacProcessingEnvironment;ILjava/util/Set;Lcom/sun/tools/javac/util/Log$DeferredDiagnosticHandler;)V 24 <appendix> argL0 ; # com/sun/tools/javac/processing/JavacProcessingEnvironment$Round$$Lambda+0x00000000284612f0
instanceKlass  @bci com/sun/tools/javac/processing/JavacProcessingEnvironment$Round <init> (Lcom/sun/tools/javac/processing/JavacProcessingEnvironment;ILjava/util/Set;Lcom/sun/tools/javac/util/Log$DeferredDiagnosticHandler;)V 15 <appendix> argL0 ; # com/sun/tools/javac/processing/JavacProcessingEnvironment$Round$$Lambda+0x0000000028461098
instanceKlass com/sun/tools/javac/processing/JavacProcessingEnvironment$Round
instanceKlass com/sun/tools/javac/code/TypeAnnotations$TypeAnnotationPositions$1
instanceKlass  @bci com/sun/tools/javac/code/TypeAnnotations annotationTargetType (Lcom/sun/tools/javac/tree/JCTree;Lcom/sun/tools/javac/code/Attribute$Compound;Lcom/sun/tools/javac/code/Symbol;)Lcom/sun/tools/javac/code/TypeAnnotations$AnnotationType; 64 <appendix> member <vmtarget> ; # com/sun/tools/javac/code/TypeAnnotations$$Lambda+0x0000000028460450
instanceKlass  @bci com/sun/tools/javac/code/TypeAnnotations annotationTargetType (Lcom/sun/tools/javac/tree/JCTree;Lcom/sun/tools/javac/code/Attribute$Compound;Lcom/sun/tools/javac/code/Symbol;)Lcom/sun/tools/javac/code/TypeAnnotations$AnnotationType; 50 <appendix> member <vmtarget> ; # com/sun/tools/javac/code/TypeAnnotations$$Lambda+0x0000000028460000
instanceKlass  @bci com/sun/tools/javac/code/TypeAnnotations annotationTargets (Lcom/sun/tools/javac/code/Symbol$TypeSymbol;)Lcom/sun/tools/javac/util/List; 56 <appendix> argL0 ; # com/sun/tools/javac/code/TypeAnnotations$$Lambda+0x000000002845db30
instanceKlass  @bci com/sun/tools/javac/jvm/ClassReader$TypeAnnotationSymbolVisitor classExtends (I)Ljava/util/function/Predicate; 1 <appendix> member <vmtarget> ; # com/sun/tools/javac/jvm/ClassReader$TypeAnnotationSymbolVisitor$$Lambda+0x000000002845d468
instanceKlass com/sun/tools/javac/code/Types$TypePair
instanceKlass  @bci com/sun/tools/javac/code/Symtab getClassField (Lcom/sun/tools/javac/code/Type;Lcom/sun/tools/javac/code/Types;)Lcom/sun/tools/javac/code/Symbol$VarSymbol; 16 <appendix> member <vmtarget> ; # com/sun/tools/javac/code/Symtab$$Lambda+0x000000002845d000
instanceKlass com/sun/tools/javac/code/Types$UniqueType
instanceKlass  @bci com/sun/tools/javac/jvm/ClassReader$TypeAnnotationSymbolVisitor thrownType (I)Ljava/util/function/Predicate; 1 <appendix> member <vmtarget> ; # com/sun/tools/javac/jvm/ClassReader$TypeAnnotationSymbolVisitor$$Lambda+0x000000002845fac0
instanceKlass com/sun/tools/javac/code/Flags
instanceKlass  @bci com/sun/tools/javac/code/Type constValue ()Ljava/lang/Object; 3 <appendix> argL0 ; # com/sun/tools/javac/code/Type$$Lambda+0x000000002845f668
instanceKlass  @bci com/sun/tools/javac/code/Types$TypeMapping visit (Lcom/sun/tools/javac/util/List;Ljava/lang/Object;)Lcom/sun/tools/javac/util/List; 3 <appendix> member <vmtarget> ; # com/sun/tools/javac/code/Types$TypeMapping$$Lambda+0x000000002845f418
instanceKlass com/sun/tools/javac/comp/Resolve$MethodResolutionContext$Candidate
instanceKlass com/sun/tools/javac/code/Types$ImplementationCache$Entry
instanceKlass  @bci com/sun/tools/javac/code/Types membersClosure (Lcom/sun/tools/javac/code/Type;Z)Lcom/sun/tools/javac/code/Scope$CompoundScope; 15 <appendix> member <vmtarget> ; # com/sun/tools/javac/code/Types$$Lambda+0x000000002845e918
instanceKlass com/sun/tools/javac/comp/Resolve$LookupFilter
instanceKlass com/sun/tools/javac/comp/Resolve$MethodResolutionContext
instanceKlass com/sun/tools/javac/code/Types$26
instanceKlass  @bci com/sun/tools/javac/jvm/ClassReader$TypeAnnotationSymbolVisitor typeParameterBound (Lcom/sun/tools/javac/code/TargetType;II)Ljava/util/function/Predicate; 3 <adapter> ; # java/lang/invoke/LambdaForm$MH+0x000000002845cc00
instanceKlass  @bci com/sun/tools/javac/jvm/ClassReader$TypeAnnotationSymbolVisitor typeParameterBound (Lcom/sun/tools/javac/code/TargetType;II)Ljava/util/function/Predicate; 3 <appendix> form vmentry <vmtarget> ; # java/lang/invoke/LambdaForm$DMH+0x000000002845c800
instanceKlass  @bci com/sun/tools/javac/jvm/ClassReader$TypeAnnotationSymbolVisitor typeParameterBound (Lcom/sun/tools/javac/code/TargetType;II)Ljava/util/function/Predicate; 3 <appendix> member <vmtarget> ; # com/sun/tools/javac/jvm/ClassReader$TypeAnnotationSymbolVisitor$$Lambda+0x000000002845b2f8
instanceKlass  @cpi com/sun/tools/javac/jvm/ClassReader$TypeAnnotationSymbolVisitor 358 form vmentry <vmtarget> ; # java/lang/invoke/LambdaForm$DMH+0x000000002845c400
instanceKlass  @bci com/sun/tools/javac/jvm/ClassReader$TypeAnnotationSymbolVisitor methodFormalParameter (I)Ljava/util/function/Predicate; 1 <appendix> member <vmtarget> ; # com/sun/tools/javac/jvm/ClassReader$TypeAnnotationSymbolVisitor$$Lambda+0x000000002845b0a0
instanceKlass  @cpi com/sun/tools/javac/jvm/ClassReader$TypeAnnotationSymbolVisitor 361 form vmentry <vmtarget> ; # java/lang/invoke/LambdaForm$DMH+0x000000002845c000
instanceKlass com/sun/tools/javac/code/TypeAnnotationPosition$TypePathEntry
instanceKlass  @bci com/sun/tools/javac/jvm/ClassReader$TypeAnnotationStructuralTypeMapping rewriteTypeParams (Lcom/sun/tools/javac/util/List;Lcom/sun/tools/javac/util/List;)Lcom/sun/tools/javac/util/List; 19 <appendix> member <vmtarget> ; # com/sun/tools/javac/jvm/ClassReader$TypeAnnotationStructuralTypeMapping$$Lambda+0x000000002845a5d0
instanceKlass java/util/Spliterators$2Adapter
instanceKlass java/util/PrimitiveIterator$OfInt
instanceKlass java/util/PrimitiveIterator
instanceKlass java/util/Spliterators$AbstractIntSpliterator
instanceKlass  @bci com/sun/tools/javac/jvm/ClassReader$TypeAnnotationStructuralTypeMapping rewriteTypeParams (Lcom/sun/tools/javac/util/List;Lcom/sun/tools/javac/util/List;)Lcom/sun/tools/javac/util/List; 1 <appendix> argL0 ; # com/sun/tools/javac/jvm/ClassReader$TypeAnnotationStructuralTypeMapping$$Lambda+0x000000002845a388
instanceKlass java/util/function/IntUnaryOperator
instanceKlass  @bci com/sun/tools/javac/jvm/ClassReader$TypeAnnotationSymbolVisitor addTypeAnnotations (Lcom/sun/tools/javac/code/Type;Ljava/util/function/Predicate;)Lcom/sun/tools/javac/code/Type; 127 <appendix> argL0 ; # com/sun/tools/javac/jvm/ClassReader$TypeAnnotationSymbolVisitor$$Lambda+0x0000000028459df8
instanceKlass  @bci com/sun/tools/javac/jvm/ClassReader$TypeAnnotationSymbolVisitor addTypeAnnotations (Lcom/sun/tools/javac/code/Type;Lcom/sun/tools/javac/code/TargetType;)Lcom/sun/tools/javac/code/Type; 3 <appendix> member <vmtarget> ; # com/sun/tools/javac/jvm/ClassReader$TypeAnnotationSymbolVisitor$$Lambda+0x0000000028459b98
instanceKlass com/sun/tools/javac/comp/TypeEnter$1
instanceKlass  @bci com/sun/tools/javac/comp/Check checkUniqueImport (Lcom/sun/tools/javac/util/JCDiagnostic$DiagnosticPosition;Lcom/sun/tools/javac/code/Scope;Lcom/sun/tools/javac/code/Scope;Lcom/sun/tools/javac/code/Scope;Lcom/sun/tools/javac/code/Symbol;Z)Z 2 <appendix> member <vmtarget> ; # com/sun/tools/javac/comp/Check$$Lambda+0x0000000028459470
instanceKlass  @bci com/sun/tools/javac/comp/Check checkImportsUnique (Lcom/sun/tools/javac/tree/JCTree$JCCompilationUnit;)V 90 <appendix> argL0 ; # com/sun/tools/javac/comp/Check$$Lambda+0x0000000028459218
instanceKlass  @bci com/sun/tools/javac/comp/TypeEnter complete (Lcom/sun/tools/javac/code/Symbol;)V 191 <appendix> argL0 ; # com/sun/tools/javac/comp/TypeEnter$$Lambda+0x0000000028458ff0
instanceKlass  @bci com/sun/tools/javac/code/TypeAnnotations validateTypeAnnotationsSignatures (Lcom/sun/tools/javac/comp/Env;Lcom/sun/tools/javac/tree/JCTree$JCClassDecl;)V 7 <appendix> member <vmtarget> ; # com/sun/tools/javac/code/TypeAnnotations$$Lambda+0x0000000028458dc0
instanceKlass  @bci com/sun/tools/javac/code/TypeAnnotations organizeTypeAnnotationsSignatures (Lcom/sun/tools/javac/comp/Env;Lcom/sun/tools/javac/tree/JCTree$JCClassDecl;)V 7 <appendix> member <vmtarget> ; # com/sun/tools/javac/code/TypeAnnotations$$Lambda+0x0000000028458b90
instanceKlass  @bci com/sun/tools/javac/jvm/ClassReader$11 read (Lcom/sun/tools/javac/code/Symbol;I)V 79 <appendix> member <vmtarget> ; # com/sun/tools/javac/jvm/ClassReader$11$$Lambda+0x0000000028458960
instanceKlass com/sun/tools/javac/util/Iterators$1
instanceKlass  @bci com/sun/tools/javac/code/Scope$FilterImportScope lambda$getSymbolsByName$0 (Lcom/sun/tools/javac/util/List;)Ljava/util/Iterator; 10 <appendix> member <vmtarget> ; # com/sun/tools/javac/code/Scope$FilterImportScope$$Lambda+0x0000000028458498
instanceKlass  @bci com/sun/tools/javac/code/Scope$FilterImportScope lambda$getSymbolsByName$0 (Lcom/sun/tools/javac/util/List;)Ljava/util/Iterator; 1 <appendix> argL0 ; # com/sun/tools/javac/code/Scope$FilterImportScope$$Lambda+0x0000000028458250
instanceKlass  @bci com/sun/tools/javac/code/Scope$FilterImportScope getSymbolsByName (Lcom/sun/tools/javac/util/Name;Ljava/util/function/Predicate;Lcom/sun/tools/javac/code/Scope$LookupKind;)Ljava/lang/Iterable; 62 <appendix> member <vmtarget> ; # com/sun/tools/javac/code/Scope$FilterImportScope$$Lambda+0x0000000028458000
instanceKlass  @bci com/sun/tools/javac/code/Scope$CompoundScope lambda$getSymbolsByName$0 (Lcom/sun/tools/javac/util/Name;Ljava/util/function/Predicate;Lcom/sun/tools/javac/code/Scope$LookupKind;)Ljava/util/Iterator; 7 <appendix> member <vmtarget> ; # com/sun/tools/javac/code/Scope$CompoundScope$$Lambda+0x0000000028454400
instanceKlass  @bci com/sun/tools/javac/code/Scope$CompoundScope getSymbolsByName (Lcom/sun/tools/javac/util/Name;Ljava/util/function/Predicate;Lcom/sun/tools/javac/code/Scope$LookupKind;)Ljava/lang/Iterable; 4 <appendix> member <vmtarget> ; # com/sun/tools/javac/code/Scope$CompoundScope$$Lambda+0x0000000028454c80
instanceKlass  @bci com/sun/tools/javac/comp/Annotate queueScanTreeAndTypeAnnotate (Lcom/sun/tools/javac/tree/JCTree;Lcom/sun/tools/javac/comp/Env;Lcom/sun/tools/javac/code/Symbol;)V 10 <appendix> member <vmtarget> ; # com/sun/tools/javac/comp/Annotate$$Lambda+0x0000000028454a50
instanceKlass  @bci com/sun/tools/javac/comp/TypeEnter defaultConstructor (Lcom/sun/tools/javac/tree/TreeMaker;Lcom/sun/tools/javac/comp/TypeEnter$DefaultConstructorHelper;)Lcom/sun/tools/javac/tree/JCTree; 144 <appendix> member <vmtarget> ; # com/sun/tools/javac/comp/TypeEnter$$Lambda+0x0000000028454800
instanceKlass com/sun/tools/javac/comp/TypeEnter$BasicConstructorHelper
instanceKlass  @bci com/sun/tools/javac/comp/Annotate annotateLater (Lcom/sun/tools/javac/util/List;Lcom/sun/tools/javac/comp/Env;Lcom/sun/tools/javac/code/Symbol;)V 30 <appendix> member <vmtarget> ; # com/sun/tools/javac/comp/Annotate$$Lambda+0x0000000028455948
instanceKlass  @bci com/sun/tools/javac/comp/Annotate annotateLater (Lcom/sun/tools/javac/util/List;Lcom/sun/tools/javac/comp/Env;Lcom/sun/tools/javac/code/Symbol;)V 17 <appendix> member <vmtarget> ; # com/sun/tools/javac/comp/Annotate$$Lambda+0x0000000028455718
instanceKlass com/sun/tools/javac/code/SymbolMetadata
instanceKlass  @bci com/sun/tools/javac/code/Scope$NamedImportScope lambda$getSymbolsByName$0 ([Lcom/sun/tools/javac/code/Scope;Lcom/sun/tools/javac/util/Name;Ljava/util/function/Predicate;Lcom/sun/tools/javac/code/Scope$LookupKind;)Ljava/util/Iterator; 7 <appendix> member <vmtarget> ; # com/sun/tools/javac/code/Scope$NamedImportScope$$Lambda+0x0000000028457a48
instanceKlass  @bci com/sun/tools/javac/code/Scope$NamedImportScope getSymbolsByName (Lcom/sun/tools/javac/util/Name;Ljava/util/function/Predicate;Lcom/sun/tools/javac/code/Scope$LookupKind;)Ljava/lang/Iterable; 29 <appendix> member <vmtarget> ; # com/sun/tools/javac/code/Scope$NamedImportScope$$Lambda+0x00000000284577f8
instanceKlass com/sun/tools/javac/code/Scope$ScopeImpl$2
instanceKlass  @bci com/sun/tools/javac/code/Scope$ScopeImpl getSymbolsByName (Lcom/sun/tools/javac/util/Name;Ljava/util/function/Predicate;Lcom/sun/tools/javac/code/Scope$LookupKind;)Ljava/lang/Iterable; 4 <appendix> member <vmtarget> ; # com/sun/tools/javac/code/Scope$ScopeImpl$$Lambda+0x0000000028457338
instanceKlass com/sun/tools/javac/jvm/ClassReader$CompleterDeproxy
instanceKlass  @bci com/sun/tools/javac/jvm/ClassReader parameter (IILcom/sun/tools/javac/code/Type;Lcom/sun/tools/javac/code/Symbol$MethodSymbol;Ljava/util/Set;)Lcom/sun/tools/javac/code/Symbol$VarSymbol; 155 <appendix> member <vmtarget> ; # com/sun/tools/javac/jvm/ClassReader$$Lambda+0x00000000284569b0
instanceKlass  @bci com/sun/tools/javac/jvm/ClassReader parameter (IILcom/sun/tools/javac/code/Type;Lcom/sun/tools/javac/code/Symbol$MethodSymbol;Ljava/util/Set;)Lcom/sun/tools/javac/code/Symbol$VarSymbol; 83 <appendix> member <vmtarget> ; # com/sun/tools/javac/jvm/ClassReader$$Lambda+0x0000000028456210
instanceKlass com/sun/tools/javac/jvm/Code$1
instanceKlass com/sun/tools/javac/jvm/ClassReader$AnnotationDeproxy
instanceKlass com/sun/tools/javac/jvm/ClassReader$ProxyVisitor
instanceKlass com/sun/tools/javac/jvm/ClassReader$TypeAnnotationProxy
instanceKlass com/sun/tools/javac/code/TypeAnnotationPosition
instanceKlass com/sun/tools/javac/jvm/ClassReader$28
instanceKlass  @bci com/sun/tools/javac/jvm/PoolReader getType (I)Lcom/sun/tools/javac/code/Type; 14 <appendix> member <vmtarget> ; # com/sun/tools/javac/jvm/PoolReader$$Lambda+0x00000000284512a0
instanceKlass  @cpi com/sun/tools/javac/jvm/PoolReader 361 form vmentry <vmtarget> ; # java/lang/invoke/LambdaForm$DMH+0x0000000028454000
instanceKlass com/sun/tools/javac/util/Name$NameMapper
instanceKlass  @bci com/sun/tools/javac/code/Scope$ScopeImpl remove (Lcom/sun/tools/javac/code/Symbol;)V 21 <appendix> member <vmtarget> ; # com/sun/tools/javac/code/Scope$ScopeImpl$$Lambda+0x0000000028450e38
instanceKlass  @bci com/sun/tools/javac/jvm/ClassReader readInnerClasses (Lcom/sun/tools/javac/code/Symbol$ClassSymbol;)V 67 <appendix> member <vmtarget> ; # com/sun/tools/javac/jvm/ClassReader$$Lambda+0x0000000028450c08
instanceKlass  @bci com/sun/tools/javac/jvm/ClassReader readInnerClasses (Lcom/sun/tools/javac/code/Symbol$ClassSymbol;)V 41 <appendix> member <vmtarget> ; # com/sun/tools/javac/jvm/ClassReader$$Lambda+0x00000000284509d8
instanceKlass com/sun/tools/javac/jvm/ClassReader$SourceFileObject
instanceKlass  @bci com/sun/tools/javac/code/ClassFinder classFileNotFound (Lcom/sun/tools/javac/code/Symbol$ClassSymbol;)Lcom/sun/tools/javac/code/Symbol$CompletionFailure; 4 <appendix> member <vmtarget> ; # com/sun/tools/javac/code/ClassFinder$$Lambda+0x0000000028450230
instanceKlass  @bci com/sun/tools/javac/code/ClassFinder loadClass (Lcom/sun/tools/javac/code/Symbol$ModuleSymbol;Lcom/sun/tools/javac/util/Name;)Lcom/sun/tools/javac/code/Symbol$ClassSymbol; 28 <appendix> member <vmtarget> ; # com/sun/tools/javac/code/ClassFinder$$Lambda+0x0000000028450000
instanceKlass com/sun/tools/javac/comp/MatchBindingsComputer$1
instanceKlass  @bci com/sun/tools/javac/comp/Check checkDeprecated (Lcom/sun/tools/javac/util/JCDiagnostic$DiagnosticPosition;Lcom/sun/tools/javac/code/Symbol;Lcom/sun/tools/javac/code/Symbol;)V 2 <appendix> member <vmtarget> ; # com/sun/tools/javac/comp/Check$$Lambda+0x0000000028448a00
instanceKlass com/sun/tools/javac/comp/Attr$13
instanceKlass  @bci com/sun/tools/javac/code/Symtab lookupPackage (Lcom/sun/tools/javac/code/Symbol$ModuleSymbol;Lcom/sun/tools/javac/util/Name;Z)Lcom/sun/tools/javac/code/Symbol$PackageSymbol; 112 <appendix> member <vmtarget> ; # com/sun/tools/javac/code/Symtab$$Lambda+0x0000000028449920
instanceKlass  @bci com/sun/tools/javac/code/Symtab lookupPackage (Lcom/sun/tools/javac/code/Symbol$ModuleSymbol;Lcom/sun/tools/javac/util/Name;Z)Lcom/sun/tools/javac/code/Symbol$PackageSymbol; 101 <appendix> argL0 ; # com/sun/tools/javac/code/Symtab$$Lambda+0x00000000284496d8
instanceKlass java/nio/file/FileTreeWalker$1
instanceKlass com/sun/tools/javac/code/Scope$FilterImportScope$SymbolImporter
instanceKlass com/sun/tools/javac/platform/JDKPlatformProvider$PlatformDescriptionImpl$1$1
instanceKlass  @bci com/sun/tools/javac/platform/JDKPlatformProvider$PlatformDescriptionImpl$1 list (Ljavax/tools/JavaFileManager$Location;Ljava/lang/String;Ljava/util/Set;Z)Ljava/lang/Iterable; 33 <appendix> member <vmtarget> ; # com/sun/tools/javac/platform/JDKPlatformProvider$PlatformDescriptionImpl$1$$Lambda+0x000000002844b818
instanceKlass  @bci com/sun/tools/javac/comp/TypeEnter$ImportsPhase resolveImports (Lcom/sun/tools/javac/tree/JCTree$JCCompilationUnit;Lcom/sun/tools/javac/comp/Env;)V 58 <appendix> member <vmtarget> ; # com/sun/tools/javac/comp/TypeEnter$ImportsPhase$$Lambda+0x000000002844b5e8
instanceKlass  @bci com/sun/tools/javac/comp/TypeEnter$ImportsPhase resolveImports (Lcom/sun/tools/javac/tree/JCTree$JCCompilationUnit;Lcom/sun/tools/javac/comp/Env;)V 46 <appendix> member <vmtarget> ; # com/sun/tools/javac/comp/TypeEnter$ImportsPhase$$Lambda+0x000000002844b3b8
instanceKlass com/sun/tools/javac/code/Scope$ImportFilter
instanceKlass com/sun/tools/javac/comp/Check$6
instanceKlass com/sun/tools/javac/comp/AttrContext
instanceKlass  @bci com/sun/tools/javac/comp/Enter visitTopLevel (Lcom/sun/tools/javac/tree/JCTree$JCCompilationUnit;)V 287 <appendix> member <vmtarget> ; # com/sun/tools/javac/comp/Enter$$Lambda+0x000000002844fb88
instanceKlass  @cpi com/sun/tools/javac/comp/Operators$BinaryOperatorHelper 128 form vmentry <vmtarget> ; # java/lang/invoke/LambdaForm$DMH+0x0000000028448400
instanceKlass  @bci com/sun/tools/javac/comp/Enter visitTopLevel (Lcom/sun/tools/javac/tree/JCTree$JCCompilationUnit;)V 273 <appendix> member <vmtarget> ; # com/sun/tools/javac/comp/Enter$$Lambda+0x000000002844f928
instanceKlass com/sun/tools/javac/code/Scope$ScopeImpl$1
instanceKlass  @bci com/sun/tools/javac/code/Scope$ScopeImpl getSymbols (Ljava/util/function/Predicate;Lcom/sun/tools/javac/code/Scope$LookupKind;)Ljava/lang/Iterable; 3 <appendix> member <vmtarget> ; # com/sun/tools/javac/code/Scope$ScopeImpl$$Lambda+0x000000002844f460
instanceKlass com/sun/tools/javac/code/ClassFinder$2
instanceKlass  @bci java/nio/file/Files asUncheckedRunnable (Ljava/io/Closeable;)Ljava/lang/Runnable; 1 <appendix> member <vmtarget> ; # java/nio/file/Files$$Lambda+0x0000000028348b88
instanceKlass java/nio/file/Files$2
instanceKlass com/sun/tools/javac/code/ClassFinder$1
instanceKlass  @bci com/sun/tools/javac/code/ClassFinder list (Ljavax/tools/JavaFileManager$Location;Lcom/sun/tools/javac/code/Symbol$PackageSymbol;Ljava/lang/String;Ljava/util/Set;)Ljava/lang/Iterable; 26 <appendix> member <vmtarget> ; # com/sun/tools/javac/code/ClassFinder$$Lambda+0x000000002844e940
instanceKlass  @bci com/sun/tools/javac/file/JavacFileManager pathsAndContainers (Ljavax/tools/JavaFileManager$Location;Lcom/sun/tools/javac/file/RelativePath$RelativeDirectory;)Ljava/util/List; 22 <appendix> member <vmtarget> ; # com/sun/tools/javac/file/JavacFileManager$$Lambda+0x000000002844e6f0
instanceKlass  @bci com/sun/tools/javac/file/JavacFileManager indexPathsAndContainersByRelativeDirectory (Ljavax/tools/JavaFileManager$Location;)Ljava/util/Map; 213 <appendix> argL0 ; # com/sun/tools/javac/file/JavacFileManager$$Lambda+0x000000002844e4b8
instanceKlass  @bci com/sun/tools/javac/file/JavacFileManager indexPathsAndContainersByRelativeDirectory (Ljavax/tools/JavaFileManager$Location;)Ljava/util/Map; 167 <appendix> member <vmtarget> ; # com/sun/tools/javac/file/JavacFileManager$$Lambda+0x000000002844e268
instanceKlass java/util/concurrent/locks/AbstractQueuedLongSynchronizer$Node
instanceKlass  @bci jdk/nio/zipfs/ZipFileSystem createVersionedLinks (I)Ljava/util/function/Function; 50 <appendix> member <vmtarget> ; # jdk/nio/zipfs/ZipFileSystem$$Lambda+0x00000000283e21d0
instanceKlass  @bci jdk/nio/zipfs/ZipFileSystem lambda$createVersionedLinks$0 (Ljava/util/HashMap;Ljdk/nio/zipfs/ZipFileSystem$IndexNode;)V 8 <appendix> member <vmtarget> ; # jdk/nio/zipfs/ZipFileSystem$$Lambda+0x00000000283e1f90
instanceKlass  @bci jdk/nio/zipfs/ZipFileSystem createVersionedLinks (I)Ljava/util/function/Function; 39 <appendix> member <vmtarget> ; # jdk/nio/zipfs/ZipFileSystem$$Lambda+0x00000000283e1d50
instanceKlass  @bci jdk/nio/zipfs/ZipFileSystem determineReleaseVersion (Ljava/util/Map;)Ljava/util/Optional; 64 <appendix> member <vmtarget> ; # jdk/nio/zipfs/ZipFileSystem$$TypeSwitch+0x00000000283e1b40
instanceKlass java/nio/file/Files$3
instanceKlass java/nio/file/SimpleFileVisitor
instanceKlass java/nio/file/FileVisitor
instanceKlass com/sun/tools/javac/file/JavacFileManager$ArchiveContainer
instanceKlass com/sun/tools/javac/file/JavacFileManager$PathAndContainer
instanceKlass  @bci com/sun/tools/javac/file/JavacFileManager pathsAndContainers (Ljavax/tools/JavaFileManager$Location;Lcom/sun/tools/javac/file/RelativePath$RelativeDirectory;)Ljava/util/List; 6 <appendix> member <vmtarget> ; # com/sun/tools/javac/file/JavacFileManager$$Lambda+0x000000002844d918
instanceKlass  @bci com/sun/tools/javac/code/ClassFinder fillIn (Lcom/sun/tools/javac/code/Symbol$PackageSymbol;)V 27 <appendix> member <vmtarget> ; # com/sun/tools/javac/code/ClassFinder$$Lambda+0x000000002844d6e8
instanceKlass  @bci com/sun/tools/javac/comp/Modules completeModule (Lcom/sun/tools/javac/code/Symbol$ModuleSymbol;)V 327 <appendix> member <vmtarget> ; # com/sun/tools/javac/comp/Modules$$Lambda+0x000000002844d4b8
instanceKlass  @bci com/sun/tools/javac/comp/Modules initVisiblePackages (Lcom/sun/tools/javac/code/Symbol$ModuleSymbol;Ljava/util/Collection;)V 103 <appendix> member <vmtarget> ; # com/sun/tools/javac/comp/Modules$$Lambda+0x000000002844d278
instanceKlass  @bci java/util/stream/Collectors joining (Ljava/lang/CharSequence;Ljava/lang/CharSequence;Ljava/lang/CharSequence;)Ljava/util/stream/Collector; 22 <appendix> argL0 ; # java/util/stream/Collectors$$Lambda+0x800000049
instanceKlass  @bci java/util/stream/Collectors joining (Ljava/lang/CharSequence;Ljava/lang/CharSequence;Ljava/lang/CharSequence;)Ljava/util/stream/Collector; 17 <appendix> argL0 ; # java/util/stream/Collectors$$Lambda+0x800000047
instanceKlass  @bci java/util/stream/Collectors joining (Ljava/lang/CharSequence;Ljava/lang/CharSequence;Ljava/lang/CharSequence;)Ljava/util/stream/Collector; 12 <appendix> argL0 ; # java/util/stream/Collectors$$Lambda+0x800000044
instanceKlass  @bci java/util/stream/Collectors joining (Ljava/lang/CharSequence;Ljava/lang/CharSequence;Ljava/lang/CharSequence;)Ljava/util/stream/Collector; 7 <appendix> member <vmtarget> ; # java/util/stream/Collectors$$Lambda+0x80000004c
instanceKlass  @bci com/sun/tools/javac/comp/Modules setupAllModules ()V 966 <appendix> argL0 ; # com/sun/tools/javac/comp/Modules$$Lambda+0x000000002844d030
instanceKlass  @bci com/sun/tools/javac/comp/Modules setupAllModules ()V 956 <appendix> argL0 ; # com/sun/tools/javac/comp/Modules$$Lambda+0x000000002844cdd8
instanceKlass  @bci com/sun/tools/javac/code/Lint getDefaults ()Ljava/util/EnumSet; 36 <appendix> member <vmtarget> ; # com/sun/tools/javac/code/Lint$$Lambda+0x000000002844cb98
instanceKlass  @bci com/sun/tools/javac/code/Lint getDefaults ()Ljava/util/EnumSet; 20 <appendix> member <vmtarget> ; # com/sun/tools/javac/code/Lint$$Lambda+0x000000002844c938
instanceKlass  @bci com/sun/tools/javac/code/Lint initializeRootIfNeeded ()V 16 <appendix> member <vmtarget> ; # com/sun/tools/javac/code/Lint$$Lambda+0x000000002844c708
instanceKlass  @bci com/sun/tools/javac/comp/Modules lambda$setupAllModules$2 (Lcom/sun/tools/javac/code/Symbol$ModuleSymbol;)Z 11 <appendix> argL0 ; # com/sun/tools/javac/comp/Modules$$Lambda+0x000000002844c4b0
instanceKlass  @bci com/sun/tools/javac/comp/Modules setupAllModules ()V 393 <appendix> argL0 ; # com/sun/tools/javac/comp/Modules$$Lambda+0x000000002844c258
instanceKlass  @bci com/sun/tools/javac/comp/Modules setupAllModules ()V 322 <appendix> argL0 ; # com/sun/tools/javac/comp/Modules$$Lambda+0x000000002844c000
instanceKlass  @bci com/sun/tools/javac/comp/Modules setupAllModules ()V 278 <appendix> argL0 ; # com/sun/tools/javac/comp/Modules$$Lambda+0x0000000028447b78
instanceKlass  @bci com/sun/tools/javac/comp/Modules setupAllModules ()V 272 <appendix> member <vmtarget> ; # com/sun/tools/javac/comp/Modules$$Lambda+0x0000000028447918
instanceKlass  @bci com/sun/tools/javac/comp/Modules completeModule (Lcom/sun/tools/javac/code/Symbol$ModuleSymbol;)V 10 <appendix> member <vmtarget> ; # com/sun/tools/javac/comp/Modules$$Lambda+0x00000000284476d8
instanceKlass com/sun/tools/javac/jvm/ClassReader$UsesProvidesCompleter
instanceKlass  @bci com/sun/tools/javac/jvm/ClassReader readClass (Lcom/sun/tools/javac/code/Symbol$ClassSymbol;)V 419 <appendix> member <vmtarget> ; # com/sun/tools/javac/jvm/ClassReader$$Lambda+0x0000000028447268
instanceKlass  @bci com/sun/tools/javac/util/List collector ()Ljava/util/stream/Collector; 15 <appendix> argL0 ; # com/sun/tools/javac/util/List$$Lambda+0x0000000028447020
instanceKlass  @bci com/sun/tools/javac/util/List collector ()Ljava/util/stream/Collector; 10 <appendix> argL0 ; # com/sun/tools/javac/util/List$$Lambda+0x0000000028446dd0
instanceKlass  @bci com/sun/tools/javac/util/List collector ()Ljava/util/stream/Collector; 5 <appendix> argL0 ; # com/sun/tools/javac/util/List$$Lambda+0x0000000028446b98
instanceKlass  @bci com/sun/tools/javac/util/List collector ()Ljava/util/stream/Collector; 0 <appendix> argL0 ; # com/sun/tools/javac/util/List$$Lambda+0x0000000028446970
instanceKlass  @bci com/sun/tools/javac/code/Symbol$ClassSymbol getPermittedSubclasses ()Lcom/sun/tools/javac/util/List; 9 <appendix> argL0 ; # com/sun/tools/javac/code/Symbol$ClassSymbol$$Lambda+0x0000000028446728
instanceKlass com/sun/tools/javac/jvm/ClassReader$InterimProvidesDirective
instanceKlass  @bci com/sun/tools/javac/jvm/ClassReader$24 read (Lcom/sun/tools/javac/code/Symbol;I)V 977 <appendix> member <vmtarget> ; # com/sun/tools/javac/jvm/ClassReader$24$$Lambda+0x00000000284460c8
instanceKlass  @bci com/sun/tools/javac/jvm/ClassReader$24 read (Lcom/sun/tools/javac/code/Symbol;I)V 919 <appendix> member <vmtarget> ; # com/sun/tools/javac/jvm/ClassReader$24$$Lambda+0x0000000028445e98
instanceKlass com/sun/tools/javac/jvm/ClassReader$InterimUsesDirective
instanceKlass  @bci com/sun/tools/javac/jvm/ClassReader$24 read (Lcom/sun/tools/javac/code/Symbol;I)V 830 <appendix> member <vmtarget> ; # com/sun/tools/javac/jvm/ClassReader$24$$Lambda+0x0000000028445a50
instanceKlass javax/lang/model/element/ModuleElement$ExportsDirective
instanceKlass  @bci com/sun/tools/javac/jvm/ClassReader$24 read (Lcom/sun/tools/javac/code/Symbol;I)V 175 <appendix> member <vmtarget> ; # com/sun/tools/javac/jvm/ClassReader$24$$Lambda+0x0000000028445150
instanceKlass  @cpi com/sun/tools/javac/jvm/ClassReader$24 373 form vmentry <vmtarget> ; # java/lang/invoke/LambdaForm$DMH+0x0000000028448000
instanceKlass  @bci com/sun/tools/javac/jvm/ClassReader$24 read (Lcom/sun/tools/javac/code/Symbol;I)V 63 <appendix> member <vmtarget> ; # com/sun/tools/javac/jvm/ClassReader$24$$Lambda+0x0000000028444f20
instanceKlass com/sun/tools/javac/jvm/PoolReader$Utf8Mapper
instanceKlass com/sun/tools/javac/jvm/PoolReader$ImmutablePoolHelper
instanceKlass com/sun/tools/javac/jvm/PoolReader
instanceKlass com/sun/tools/javac/comp/Modules$3
instanceKlass com/sun/tools/javac/code/ModuleFinder$1
instanceKlass javax/tools/ForwardingFileObject
instanceKlass javax/tools/StandardLocation$LazyPatternHolder
instanceKlass com/sun/tools/javac/file/JavacFileManager$DirectoryContainer
instanceKlass  @bci com/sun/tools/javac/comp/Modules initModules (Lcom/sun/tools/javac/util/List;)V 30 <appendix> member <vmtarget> ; # com/sun/tools/javac/comp/Modules$$Lambda+0x00000000284439b8
instanceKlass com/sun/tools/javac/parser/JavacParser$LambdaClassifier
instanceKlass com/sun/tools/javac/parser/Scanner$1
instanceKlass com/sun/tools/javac/parser/JavadocTokenizer$OffsetMap
instanceKlass com/sun/tools/javac/util/JCDiagnostic$SimpleDiagnosticPosition
instanceKlass com/sun/tools/javac/code/LintMapper$FileInfo
instanceKlass com/sun/tools/javac/util/Position$LineMapImpl
instanceKlass com/sun/tools/javac/util/Position$LineMap
instanceKlass com/sun/tools/javac/util/Position
instanceKlass  @bci com/sun/tools/javac/tree/TreeMaker TopLevel (Lcom/sun/tools/javac/util/List;)Lcom/sun/tools/javac/tree/JCTree$JCCompilationUnit; 117 <appendix> member <vmtarget> ; # com/sun/tools/javac/tree/TreeMaker$$Lambda+0x000000002843dae0
instanceKlass com/sun/tools/javac/tree/TreeInfo$2
instanceKlass com/sun/tools/javac/tree/TreeInfo
instanceKlass  @bci com/sun/tools/javac/parser/JavacParser arguments ()Lcom/sun/tools/javac/util/List; 80 <appendix> argL0 ; # com/sun/tools/javac/parser/JavacParser$$Lambda+0x000000002843f7e8
instanceKlass com/sun/tools/javac/parser/JavacParser$2
instanceKlass  @bci com/sun/tools/javac/parser/JavacParser accept (Lcom/sun/tools/javac/parser/Tokens$TokenKind;)V 2 <appendix> argL0 ; # com/sun/tools/javac/parser/JavacParser$$Lambda+0x000000002843ef40
instanceKlass com/sun/tools/javac/resources/CompilerProperties$Errors
instanceKlass com/sun/tools/javac/util/IntHashTable
instanceKlass com/sun/tools/javac/parser/LazyDocCommentTable
instanceKlass  @bci com/sun/tools/javac/parser/JavacParser <init> (Lcom/sun/tools/javac/parser/ParserFactory;Lcom/sun/tools/javac/parser/Lexer;ZZZZ)V 70 <appendix> argL0 ; # com/sun/tools/javac/parser/JavacParser$$Lambda+0x000000002843e600
instanceKlass com/sun/tools/javac/parser/JavacParser$ErrorRecoveryAction
instanceKlass com/sun/tools/javac/parser/JavacParser$AbstractEndPosTable
instanceKlass com/sun/tools/javac/tree/EndPosTable
instanceKlass com/sun/tools/javac/parser/JavacParser
instanceKlass com/sun/tools/javac/parser/Scanner
instanceKlass com/sun/source/tree/LineMap
instanceKlass com/sun/tools/javac/file/BaseFileManager$ContentCacheEntry
instanceKlass com/sun/tools/javac/util/ArrayUtils
instanceKlass com/sun/tools/javac/util/DiagnosticSource
instanceKlass com/sun/tools/javac/main/JavaCompiler$InitialFileParser
instanceKlass com/sun/tools/javac/main/JavaCompiler$InitialFileParserIntf
instanceKlass  @bci com/sun/tools/javac/util/Log$DeferredDiagnosticHandler <init> (Lcom/sun/tools/javac/util/Log;Ljava/util/function/Predicate;Z)V 28 <appendix> argL0 ; # com/sun/tools/javac/util/Log$DeferredDiagnosticHandler$$Lambda+0x0000000028438748
instanceKlass javax/annotation/processing/AbstractProcessor
instanceKlass com/sun/tools/javac/processing/JavacProcessingEnvironment$DiscoveredProcessors$ProcessorStateIterator
instanceKlass com/sun/tools/javac/processing/JavacProcessingEnvironment$DiscoveredProcessors
instanceKlass com/sun/tools/javac/util/Iterators$CompoundIterator
instanceKlass  @bci com/sun/tools/javac/processing/JavacProcessingEnvironment initProcessorIterator (Ljava/lang/Iterable;)V 234 <appendix> argL0 ; # com/sun/tools/javac/processing/JavacProcessingEnvironment$$Lambda+0x0000000028437d38
instanceKlass  @bci java/util/stream/ReferencePipeline toArray ()[Ljava/lang/Object; 1 <appendix> argL0 ; # java/util/stream/ReferencePipeline$$Lambda+0x00000000283475e8
instanceKlass  @bci com/sun/tools/javac/processing/JavacProcessingEnvironment initProcessorIterator (Ljava/lang/Iterable;)V 202 <appendix> argL0 ; # com/sun/tools/javac/processing/JavacProcessingEnvironment$$Lambda+0x0000000028437af0
instanceKlass com/sun/tools/javac/platform/PlatformDescription$PluginInfo
instanceKlass javax/annotation/processing/Processor
instanceKlass  @bci com/sun/tools/javac/util/Log$DiagnosticHandler flushLintWaiters ()V 10 <appendix> member <vmtarget> ; # com/sun/tools/javac/util/Log$DiagnosticHandler$$Lambda+0x0000000028437688
instanceKlass com/sun/tools/javac/file/JavacFileManager$3
instanceKlass  @bci com/sun/tools/javac/file/JavacFileManager asFiles (Ljava/lang/Iterable;)Ljava/lang/Iterable; 7 <appendix> member <vmtarget> ; # com/sun/tools/javac/file/JavacFileManager$$Lambda+0x00000000284371c8
instanceKlass com/sun/tools/javac/model/JavacTypes
instanceKlass com/sun/tools/javac/processing/JavacMessager
instanceKlass com/sun/tools/javac/processing/JavacFiler
instanceKlass com/sun/tools/javac/util/ForwardingDiagnosticFormatter$ForwardingConfiguration
instanceKlass com/sun/tools/javac/code/Types$DefaultSymbolVisitor
instanceKlass com/sun/tools/javac/util/ForwardingDiagnosticFormatter
instanceKlass  @bci com/sun/tools/javac/util/Options isExplicitlyDisabled (Lcom/sun/tools/javac/main/Option;Lcom/sun/tools/javac/code/Lint$LintCategory;)Z 16 <appendix> member <vmtarget> ; # com/sun/tools/javac/util/Options$$Lambda+0x00000000284341d8
instanceKlass  @bci com/sun/tools/javac/util/Options isExplicitlyEnabled (Lcom/sun/tools/javac/main/Option;Lcom/sun/tools/javac/code/Lint$LintCategory;)Z 16 <appendix> member <vmtarget> ; # com/sun/tools/javac/util/Options$$Lambda+0x0000000028433f78
instanceKlass  @bci com/sun/tools/javac/main/JavaCompiler <init> (Lcom/sun/tools/javac/util/Context;)V 596 <appendix> argL0 ; # com/sun/tools/javac/main/JavaCompiler$$Lambda+0x0000000028433d50
instanceKlass  @bci com/sun/tools/javac/main/JavaCompiler <init> (Lcom/sun/tools/javac/util/Context;)V 408 <appendix> member <vmtarget> ; # com/sun/tools/javac/main/JavaCompiler$$Lambda+0x0000000028433b20
instanceKlass com/sun/tools/javac/code/ModuleFinder$ModuleNameFromSourceReader
instanceKlass  @bci com/sun/tools/javac/main/JavaCompiler <init> (Lcom/sun/tools/javac/util/Context;)V 395 <appendix> member <vmtarget> ; # com/sun/tools/javac/main/JavaCompiler$$Lambda+0x00000000284336e8
instanceKlass com/sun/tools/javac/comp/Modules$PackageNameFinder
instanceKlass com/sun/tools/javac/api/MultiTaskListener
instanceKlass com/sun/tools/javac/comp/ThisEscapeAnalyzer$Ref
instanceKlass com/sun/tools/javac/comp/WarningAnalyzer
instanceKlass com/sun/tools/javac/parser/UnicodeReader
instanceKlass com/sun/tools/javac/parser/ScannerFactory
instanceKlass com/sun/tools/javac/parser/Tokens$Token
instanceKlass com/sun/tools/javac/parser/Tokens
instanceKlass com/sun/tools/javac/tree/DCTree
instanceKlass com/sun/tools/javac/tree/DocTreeMaker$SentenceBreaker
instanceKlass com/sun/tools/javac/parser/ReferenceParser
instanceKlass com/sun/tools/javac/model/JavacElements
instanceKlass com/sun/tools/javac/api/JavacTrees$DocCommentTreeTransformer
instanceKlass com/sun/source/util/DocSourcePositions
instanceKlass com/sun/tools/javac/tree/DocCommentTable
instanceKlass com/sun/source/tree/Scope
instanceKlass com/sun/source/util/SourcePositions
instanceKlass com/sun/source/doctree/SeeTree
instanceKlass com/sun/source/doctree/EscapeTree
instanceKlass com/sun/source/doctree/ProvidesTree
instanceKlass com/sun/source/doctree/HiddenTree
instanceKlass com/sun/source/doctree/EntityTree
instanceKlass com/sun/source/doctree/EndElementTree
instanceKlass com/sun/source/doctree/CommentTree
instanceKlass com/sun/source/doctree/SerialFieldTree
instanceKlass com/sun/source/doctree/ParamTree
instanceKlass com/sun/source/doctree/UnknownBlockTagTree
instanceKlass com/sun/source/doctree/SpecTree
instanceKlass com/sun/source/doctree/UnknownInlineTagTree
instanceKlass com/sun/source/doctree/AuthorTree
instanceKlass com/sun/source/doctree/ThrowsTree
instanceKlass com/sun/source/doctree/SummaryTree
instanceKlass com/sun/source/doctree/SystemPropertyTree
instanceKlass com/sun/source/doctree/IdentifierTree
instanceKlass com/sun/source/doctree/DocTypeTree
instanceKlass com/sun/source/doctree/AttributeTree
instanceKlass com/sun/source/doctree/ErroneousTree
instanceKlass com/sun/source/doctree/TextTree
instanceKlass com/sun/source/doctree/RawTextTree
instanceKlass com/sun/source/doctree/LinkTree
instanceKlass com/sun/source/doctree/LiteralTree
instanceKlass com/sun/source/doctree/SerialDataTree
instanceKlass com/sun/source/doctree/StartElementTree
instanceKlass com/sun/source/doctree/DocRootTree
instanceKlass com/sun/source/doctree/SerialTree
instanceKlass com/sun/source/doctree/SnippetTree
instanceKlass com/sun/source/doctree/SinceTree
instanceKlass com/sun/source/doctree/IndexTree
instanceKlass com/sun/source/doctree/DeprecatedTree
instanceKlass com/sun/tools/javac/parser/Tokens$Comment
instanceKlass com/sun/source/doctree/DocCommentTree
instanceKlass com/sun/source/doctree/UsesTree
instanceKlass com/sun/source/doctree/VersionTree
instanceKlass com/sun/source/doctree/ValueTree
instanceKlass com/sun/source/doctree/ReferenceTree
instanceKlass com/sun/source/doctree/ReturnTree
instanceKlass com/sun/source/doctree/BlockTagTree
instanceKlass com/sun/source/doctree/InheritDocTree
instanceKlass com/sun/source/doctree/InlineTagTree
instanceKlass com/sun/source/doctree/DocTree
instanceKlass com/sun/tools/javac/tree/DocTreeMaker
instanceKlass com/sun/source/util/DocTreeFactory
instanceKlass com/sun/tools/javac/parser/Lexer
instanceKlass com/sun/tools/javac/parser/ParserFactory
instanceKlass  @bci com/sun/tools/javac/code/ClassFinder <init> (Lcom/sun/tools/javac/util/Context;)V 330 <appendix> argL0 ; # com/sun/tools/javac/code/ClassFinder$$Lambda+0x0000000028426548
instanceKlass jdk/internal/jrtfs/SystemImage$2
instanceKlass  @bci jdk/internal/jrtfs/SystemImage <clinit> ()V 0 <appendix> argL0 ; # jdk/internal/jrtfs/SystemImage$$Lambda+0x0000000028346cd8
instanceKlass jdk/internal/jrtfs/SystemImage
instanceKlass jdk/internal/jrtfs/JrtPath
instanceKlass com/sun/tools/javac/file/JRTIndex
instanceKlass com/sun/tools/javac/jvm/ClassReader$AttributeReader
instanceKlass com/sun/tools/javac/code/Preview$1
instanceKlass com/sun/tools/javac/comp/Analyzer$2
instanceKlass com/sun/tools/javac/comp/Analyzer$1
instanceKlass com/sun/tools/javac/comp/Analyzer$StatementAnalyzer
instanceKlass com/sun/tools/javac/comp/Analyzer$DeferredAnalysisHelper
instanceKlass com/sun/tools/javac/comp/Analyzer
instanceKlass  @bci com/sun/tools/javac/code/Symtab <init> (Lcom/sun/tools/javac/util/Context;)V 2310 <appendix> member <vmtarget> ; # com/sun/tools/javac/code/Symtab$$Lambda+0x000000002841eec0
instanceKlass com/sun/tools/javac/code/Symtab$2
instanceKlass com/sun/tools/javac/code/Symtab$1
instanceKlass  @bci com/sun/tools/javac/code/Symtab doEnterClass (Lcom/sun/tools/javac/code/Symbol$ModuleSymbol;Lcom/sun/tools/javac/code/Symbol$ClassSymbol;)V 8 <appendix> argL0 ; # com/sun/tools/javac/code/Symtab$$Lambda+0x000000002841e198
instanceKlass  @bci com/sun/tools/javac/code/Symtab getClass (Lcom/sun/tools/javac/code/Symbol$ModuleSymbol;Lcom/sun/tools/javac/util/Name;)Lcom/sun/tools/javac/code/Symbol$ClassSymbol; 7 <appendix> member <vmtarget> ; # com/sun/tools/javac/code/Symtab$$Lambda+0x000000002841df68
instanceKlass  @bci com/sun/tools/javac/code/Symtab enterPackage (Lcom/sun/tools/javac/code/Symbol$ModuleSymbol;Lcom/sun/tools/javac/util/Name;)Lcom/sun/tools/javac/code/Symbol$PackageSymbol; 29 <appendix> member <vmtarget> ; # com/sun/tools/javac/code/Symtab$$Lambda+0x000000002841dd38
instanceKlass com/sun/tools/javac/jvm/JNIWriter
instanceKlass com/sun/tools/javac/jvm/Code
instanceKlass com/sun/tools/javac/jvm/PoolWriter$WriteablePoolHelper
instanceKlass com/sun/tools/javac/code/Types$SignatureGenerator
instanceKlass com/sun/tools/javac/jvm/PoolWriter
instanceKlass  @bci com/sun/tools/javac/jvm/PoolConstant$Dynamic$PoolKey hashCode ()I 1 <appendix> form vmentry <vmtarget> ; # java/lang/invoke/LambdaForm$MH+0x000000002841ac00
# instanceKlass java/lang/invoke/LambdaForm$MH+0x000000002841a800
# instanceKlass java/lang/invoke/LambdaForm$MH+0x000000002841a400
instanceKlass  @bci com/sun/tools/javac/comp/Lower$TypePairs hashCode ()I 1 <appendix> argL1 argL0 member <vmtarget> ; # com/sun/tools/javac/comp/Lower$TypePairs$$HasherSpecializer+0x0000000028417788
instanceKlass  @bci java/lang/runtime/ObjectMethods lambda$makeHashCode$0 (I[Ljava/lang/invoke/MethodHandle;[Ljava/lang/String;Ljava/util/List;Ljava/lang/classfile/ClassBuilder;)V 99 <appendix> form vmentry <vmtarget> ; # java/lang/invoke/LambdaForm$DMH+0x000000002841a000
instanceKlass  @bci java/lang/runtime/ObjectMethods lambda$makeHashCode$0 (I[Ljava/lang/invoke/MethodHandle;[Ljava/lang/String;Ljava/util/List;Ljava/lang/classfile/ClassBuilder;)V 99 <appendix> member <vmtarget> ; # java/lang/runtime/ObjectMethods$$Lambda+0x00000000283461c0
instanceKlass  @cpi java/lang/runtime/ObjectMethods 683 form vmentry <vmtarget> ; # java/lang/invoke/LambdaForm$DMH+0x0000000028419c00
instanceKlass  @bci java/lang/runtime/ObjectMethods makeHashCode (Ljava/lang/invoke/MethodHandles$Lookup;Ljava/lang/Class;Ljava/util/List;)Ljava/lang/invoke/MethodHandle; 150 <adapter> ; # java/lang/invoke/LambdaForm$MH+0x0000000028419800
# instanceKlass java/lang/invoke/LambdaForm$DMH+0x0000000028419400
instanceKlass  @bci java/lang/runtime/ObjectMethods makeHashCode (Ljava/lang/invoke/MethodHandles$Lookup;Ljava/lang/Class;Ljava/util/List;)Ljava/lang/invoke/MethodHandle; 150 <appendix> form vmentry <vmtarget> ; # java/lang/invoke/LambdaForm$DMH+0x0000000028419000
instanceKlass  @bci java/lang/runtime/ObjectMethods makeHashCode (Ljava/lang/invoke/MethodHandles$Lookup;Ljava/lang/Class;Ljava/util/List;)Ljava/lang/invoke/MethodHandle; 150 <appendix> member <vmtarget> ; # java/lang/runtime/ObjectMethods$$Lambda+0x0000000028345f80
instanceKlass  @cpi java/lang/runtime/ObjectMethods 678 form vmentry <vmtarget> ; # java/lang/invoke/LambdaForm$DMH+0x0000000028418c00
instanceKlass java/lang/classfile/ClassFile$ClassHierarchyResolverOption
instanceKlass java/lang/classfile/ClassHierarchyResolver$4
instanceKlass  @bci com/sun/tools/javac/jvm/PoolConstant$Dynamic$PoolKey hashCode ()I 1 <appendix> argL2 argL2 argL2 form vmentry <vmtarget> ; # java/lang/invoke/LambdaForm$MH+0x0000000028418800
instanceKlass  @bci java/lang/runtime/ObjectMethods bootstrap (Ljava/lang/invoke/MethodHandles$Lookup;Ljava/lang/String;Ljava/lang/invoke/TypeDescriptor;Ljava/lang/Class;Ljava/lang/String;[Ljava/lang/invoke/MethodHandle;)Ljava/lang/Object; 37 <appendix> argL0 ; # java/lang/runtime/ObjectMethods$$Lambda+0x800000019
# instanceKlass java/lang/invoke/LambdaForm$MH+0x0000000028418400
instanceKlass java/lang/invoke/MethodHandleImpl$2
instanceKlass java/lang/runtime/ObjectMethods
instanceKlass  @bci com/sun/tools/javac/util/Options lambda$getBoolean$0 (Ljava/lang/String;Z)Ljava/lang/Boolean; 21 <appendix> argL0 ; # com/sun/tools/javac/util/Options$$Lambda+0x0000000028417328
instanceKlass  @bci com/sun/tools/javac/util/Options lambda$getBoolean$0 (Ljava/lang/String;Z)Ljava/lang/Boolean; 13 <appendix> member <vmtarget> ; # com/sun/tools/javac/util/Options$$Lambda+0x00000000284170d8
instanceKlass  @bci com/sun/tools/javac/util/Options getBoolean (Ljava/lang/String;Z)Z 4 <appendix> member <vmtarget> ; # com/sun/tools/javac/util/Options$$Lambda+0x0000000028416ea8
instanceKlass com/sun/tools/javac/comp/ConstFold
instanceKlass  @bci com/sun/tools/javac/comp/Operators initBinaryOperators ()V 1049 <appendix> argL0 ; # com/sun/tools/javac/comp/Operators$$Lambda+0x0000000028415be0
instanceKlass  @bci com/sun/tools/javac/comp/Operators initBinaryOperators ()V 951 <appendix> argL0 ; # com/sun/tools/javac/comp/Operators$$Lambda+0x0000000028415988
instanceKlass  @bci com/sun/tools/javac/comp/Operators initBinaryOperators ()V 855 <appendix> argL0 ; # com/sun/tools/javac/comp/Operators$$Lambda+0x0000000028415730
instanceKlass  @bci com/sun/tools/javac/comp/Operators$BinaryNumericOperator <init> (Lcom/sun/tools/javac/comp/Operators;Lcom/sun/tools/javac/tree/JCTree$Tag;)V 3 <appendix> argL0 ; # com/sun/tools/javac/comp/Operators$BinaryNumericOperator$$Lambda+0x0000000028415258
instanceKlass  @bci com/sun/tools/javac/comp/Operators$BinaryOperatorHelper addBinaryOperator (Lcom/sun/tools/javac/comp/Operators$OperatorType;Lcom/sun/tools/javac/comp/Operators$OperatorType;Lcom/sun/tools/javac/comp/Operators$OperatorType;[I)Lcom/sun/tools/javac/comp/Operators$BinaryOperatorHelper; 11 <appendix> form vmentry <vmtarget> ; # java/lang/invoke/LambdaForm$DMH+0x0000000028418000
instanceKlass  @bci com/sun/tools/javac/comp/Operators$BinaryOperatorHelper addBinaryOperator (Lcom/sun/tools/javac/comp/Operators$OperatorType;Lcom/sun/tools/javac/comp/Operators$OperatorType;Lcom/sun/tools/javac/comp/Operators$OperatorType;[I)Lcom/sun/tools/javac/comp/Operators$BinaryOperatorHelper; 11 <appendix> member <vmtarget> ; # com/sun/tools/javac/comp/Operators$BinaryOperatorHelper$$Lambda+0x0000000028414da8
instanceKlass  @bci com/sun/tools/javac/comp/Operators initUnaryOperators ()V 180 <appendix> argL0 ; # com/sun/tools/javac/comp/Operators$$Lambda+0x0000000028413f50
instanceKlass  @bci com/sun/tools/javac/comp/Operators$UnaryOperatorHelper addUnaryOperator (Lcom/sun/tools/javac/comp/Operators$OperatorType;Lcom/sun/tools/javac/comp/Operators$OperatorType;[I)Lcom/sun/tools/javac/comp/Operators$UnaryOperatorHelper; 9 <appendix> member <vmtarget> ; # com/sun/tools/javac/comp/Operators$UnaryOperatorHelper$$Lambda+0x0000000028413d20
instanceKlass  @bci com/sun/tools/javac/comp/Operators$OperatorType <clinit> ()V 192 <appendix> argL0 ; # com/sun/tools/javac/comp/Operators$OperatorType$$Lambda+0x00000000284138d8
instanceKlass  @bci com/sun/tools/javac/comp/Operators$OperatorType <clinit> ()V 173 <appendix> argL0 ; # com/sun/tools/javac/comp/Operators$OperatorType$$Lambda+0x0000000028413690
instanceKlass  @bci com/sun/tools/javac/comp/Operators$OperatorType <clinit> ()V 154 <appendix> argL0 ; # com/sun/tools/javac/comp/Operators$OperatorType$$Lambda+0x0000000028413448
instanceKlass  @bci com/sun/tools/javac/comp/Operators$OperatorType <clinit> ()V 135 <appendix> argL0 ; # com/sun/tools/javac/comp/Operators$OperatorType$$Lambda+0x0000000028413200
instanceKlass  @bci com/sun/tools/javac/comp/Operators$OperatorType <clinit> ()V 116 <appendix> argL0 ; # com/sun/tools/javac/comp/Operators$OperatorType$$Lambda+0x0000000028412fb8
instanceKlass  @bci com/sun/tools/javac/comp/Operators$OperatorType <clinit> ()V 97 <appendix> argL0 ; # com/sun/tools/javac/comp/Operators$OperatorType$$Lambda+0x0000000028412d70
instanceKlass  @bci com/sun/tools/javac/comp/Operators$OperatorType <clinit> ()V 79 <appendix> argL0 ; # com/sun/tools/javac/comp/Operators$OperatorType$$Lambda+0x0000000028412b28
instanceKlass  @bci com/sun/tools/javac/comp/Operators$OperatorType <clinit> ()V 61 <appendix> argL0 ; # com/sun/tools/javac/comp/Operators$OperatorType$$Lambda+0x00000000284128e0
instanceKlass  @bci com/sun/tools/javac/comp/Operators$OperatorType <clinit> ()V 43 <appendix> argL0 ; # com/sun/tools/javac/comp/Operators$OperatorType$$Lambda+0x0000000028412698
instanceKlass  @bci com/sun/tools/javac/comp/Operators$OperatorType <clinit> ()V 25 <appendix> argL0 ; # com/sun/tools/javac/comp/Operators$OperatorType$$Lambda+0x0000000028412450
instanceKlass  @bci com/sun/tools/javac/comp/Operators$OperatorType <clinit> ()V 7 <appendix> argL0 ; # com/sun/tools/javac/comp/Operators$OperatorType$$Lambda+0x0000000028412208
instanceKlass  @bci com/sun/tools/javac/comp/Operators$UnaryNumericOperator <init> (Lcom/sun/tools/javac/comp/Operators;Lcom/sun/tools/javac/tree/JCTree$Tag;)V 3 <appendix> argL0 ; # com/sun/tools/javac/comp/Operators$UnaryNumericOperator$$Lambda+0x0000000028411d60
instanceKlass  @bci com/sun/tools/javac/code/Symbol$MethodSymbol <clinit> ()V 0 <appendix> argL0 ; # com/sun/tools/javac/code/Symbol$MethodSymbol$$Lambda+0x0000000028411488
instanceKlass com/sun/tools/javac/comp/Operators$OperatorHelper
instanceKlass com/sun/tools/javac/comp/Operators
instanceKlass com/sun/tools/javac/comp/Lower$EnumMapping
instanceKlass com/sun/tools/javac/jvm/PoolConstant$Dynamic
instanceKlass com/sun/tools/javac/jvm/StringConcat
instanceKlass com/sun/tools/javac/jvm/Gen$GenFinalizer
instanceKlass com/sun/tools/javac/jvm/Items$Item
instanceKlass com/sun/tools/javac/jvm/ClassWriter$AttributeWriter
instanceKlass com/sun/tools/javac/jvm/ClassFile
instanceKlass  @bci com/sun/tools/javac/util/Options isSet (Lcom/sun/tools/javac/main/Option;Ljava/lang/String;)Z 4 <appendix> member <vmtarget> ; # com/sun/tools/javac/util/Options$$Lambda+0x0000000028409828
instanceKlass com/sun/tools/javac/code/Preview
instanceKlass com/sun/tools/javac/code/ModuleFinder$ModuleLocationIterator
instanceKlass com/sun/tools/javac/code/ModuleFinder
instanceKlass com/sun/tools/javac/comp/ExhaustivenessComputer$PatternDescription
instanceKlass com/sun/tools/javac/comp/ExhaustivenessComputer
instanceKlass com/sun/tools/javac/comp/Flow
instanceKlass com/sun/tools/javac/comp/Infer$GraphStrategy
instanceKlass com/sun/tools/javac/comp/InferenceContext
instanceKlass com/sun/tools/javac/comp/Infer$IncorporationEngine
instanceKlass com/sun/tools/javac/code/Type$UndetVar$UndetVarListener
instanceKlass javax/lang/model/element/TypeParameterElement
instanceKlass com/sun/tools/javac/comp/Infer
instanceKlass com/sun/tools/javac/util/Dependencies
instanceKlass com/sun/tools/javac/comp/TypeEnvs
instanceKlass com/sun/tools/javac/code/TypeAnnotations
instanceKlass  @bci com/sun/tools/javac/comp/TypeEnter$ImportsPhase <init> (Lcom/sun/tools/javac/comp/TypeEnter;)V 28 <appendix> member <vmtarget> ; # com/sun/tools/javac/comp/TypeEnter$ImportsPhase$$Lambda+0x0000000028404358
instanceKlass com/sun/tools/javac/comp/TypeEnter$DefaultConstructorHelper
instanceKlass com/sun/tools/javac/util/GraphUtils$DependencyKind
instanceKlass com/sun/tools/javac/comp/TypeEnter$Phase
instanceKlass com/sun/tools/javac/comp/TypeEnter
instanceKlass  @bci com/sun/tools/javac/code/Types <init> (Lcom/sun/tools/javac/util/Context;)V 360 <appendix> argL0 ; # com/sun/tools/javac/code/Types$$Lambda+0x0000000028401c68
instanceKlass com/sun/tools/javac/code/Types$CandidatesCache
instanceKlass com/sun/tools/javac/code/Types$ImplementationCache
instanceKlass com/sun/tools/javac/code/Types$3
instanceKlass com/sun/tools/javac/code/Types$DescriptorCache
instanceKlass com/sun/tools/javac/code/Types
instanceKlass com/sun/tools/javac/tree/TreeMaker$AnnotationBuilder
instanceKlass com/sun/tools/javac/code/Attribute$Visitor
instanceKlass com/sun/tools/javac/tree/TreeMaker
instanceKlass com/sun/tools/javac/tree/JCTree$Factory
instanceKlass com/sun/tools/javac/comp/DeferredAttr$4
instanceKlass com/sun/tools/javac/tree/TreeCopier
instanceKlass com/sun/tools/javac/comp/DeferredAttr$DeferredAttrContext
instanceKlass com/sun/tools/javac/comp/DeferredAttr$DeferredStuckPolicy
instanceKlass com/sun/tools/javac/comp/AttrRecover
instanceKlass com/sun/tools/javac/comp/Resolve$ReferenceLookupResult
instanceKlass com/sun/tools/javac/api/Formattable$LocalizedString
instanceKlass com/sun/tools/javac/comp/Resolve$10
instanceKlass com/sun/tools/javac/comp/Resolve$9
instanceKlass com/sun/tools/javac/comp/Resolve$8
instanceKlass  @bci com/sun/tools/javac/comp/Resolve onDemandImportScopeRecovery (Z)Lcom/sun/tools/javac/comp/Resolve$RecoveryLoadClass; 2 <appendix> form vmentry <vmtarget> ; # java/lang/invoke/LambdaForm$DMH+0x00000000283f4000
instanceKlass  @bci com/sun/tools/javac/comp/Resolve onDemandImportScopeRecovery (Z)Lcom/sun/tools/javac/comp/Resolve$RecoveryLoadClass; 2 <appendix> member <vmtarget> ; # com/sun/tools/javac/comp/Resolve$$Lambda+0x00000000283f1298
instanceKlass  @bci com/sun/tools/javac/comp/Resolve <init> (Lcom/sun/tools/javac/util/Context;)V 86 <appendix> member <vmtarget> ; # com/sun/tools/javac/comp/Resolve$$Lambda+0x00000000283f1068
instanceKlass com/sun/tools/javac/comp/Resolve$7
instanceKlass  @bci com/sun/tools/javac/comp/Resolve <init> (Lcom/sun/tools/javac/util/Context;)V 64 <appendix> argL0 ; # com/sun/tools/javac/comp/Resolve$$Lambda+0x00000000283f0c08
instanceKlass com/sun/tools/javac/comp/Env
instanceKlass com/sun/tools/javac/comp/Resolve$AbstractMethodCheck
instanceKlass com/sun/tools/javac/comp/Resolve$2
instanceKlass com/sun/tools/javac/comp/Resolve$LookupHelper
instanceKlass com/sun/tools/javac/code/Scope$ScopeListener
instanceKlass com/sun/tools/javac/comp/Resolve$ReferenceChooser
instanceKlass com/sun/tools/javac/comp/Resolve$LogResolveHelper
instanceKlass com/sun/tools/javac/comp/Resolve$RecoveryLoadClass
instanceKlass com/sun/tools/javac/comp/Resolve
instanceKlass  @bci com/sun/tools/javac/comp/Check <init> (Lcom/sun/tools/javac/util/Context;)V 62 <appendix> argL0 ; # com/sun/tools/javac/comp/Check$$Lambda+0x00000000283e7c70
instanceKlass com/sun/tools/javac/comp/Check$1
instanceKlass com/sun/tools/javac/util/Warner
instanceKlass com/sun/tools/javac/comp/Check
instanceKlass com/sun/tools/javac/comp/Modules$1
instanceKlass  @bci com/sun/tools/javac/comp/Modules <clinit> ()V 0 <appendix> argL0 ; # com/sun/tools/javac/comp/Modules$$Lambda+0x00000000283e5578
instanceKlass com/sun/tools/javac/util/Iterators
instanceKlass com/sun/tools/javac/code/Directive
instanceKlass javax/lang/model/element/ModuleElement$RequiresDirective
instanceKlass javax/lang/model/element/ModuleElement$Directive
instanceKlass  @bci com/sun/tools/javac/code/Symtab enterModule (Lcom/sun/tools/javac/util/Name;)Lcom/sun/tools/javac/code/Symbol$ModuleSymbol; 37 <appendix> member <vmtarget> ; # com/sun/tools/javac/code/Symtab$$Lambda+0x00000000283df7c0
instanceKlass com/sun/tools/javac/code/Scope$ScopeListenerList
instanceKlass com/sun/tools/javac/code/Scope$Entry
instanceKlass com/sun/tools/javac/comp/Annotate$AnnotationTypeMetadata
instanceKlass  @bci com/sun/tools/javac/code/Symtab addRootPackageFor (Lcom/sun/tools/javac/code/Symbol$ModuleSymbol;)V 36 <appendix> member <vmtarget> ; # com/sun/tools/javac/code/Symtab$$Lambda+0x00000000283de090
instanceKlass  @bci com/sun/tools/javac/code/Symtab doEnterPackage (Lcom/sun/tools/javac/code/Symbol$ModuleSymbol;Lcom/sun/tools/javac/code/Symbol$PackageSymbol;)V 8 <appendix> argL0 ; # com/sun/tools/javac/code/Symtab$$Lambda+0x00000000283dde48
instanceKlass com/sun/tools/javac/api/Formattable
instanceKlass com/sun/tools/javac/code/Kinds$KindSelector
instanceKlass com/sun/tools/javac/code/MissingInfoHandler
instanceKlass com/sun/tools/javac/code/TypeMetadata
instanceKlass javax/lang/model/type/NullType
instanceKlass com/sun/tools/javac/code/Symtab
instanceKlass com/sun/tools/javac/comp/MatchBindingsComputer$MatchBindings
instanceKlass com/sun/source/util/SimpleTreeVisitor
instanceKlass com/sun/tools/javac/comp/Check$NestedCheckContext
instanceKlass javax/lang/model/type/UnionType
instanceKlass javax/lang/model/element/RecordComponentElement
instanceKlass com/sun/tools/javac/comp/Resolve$MethodCheck
instanceKlass javax/lang/model/type/IntersectionType
instanceKlass com/sun/tools/javac/comp/Attr$ResultInfo
instanceKlass com/sun/tools/javac/code/Types$DefaultTypeVisitor
instanceKlass com/sun/tools/javac/comp/Annotate$2
instanceKlass com/sun/tools/javac/comp/Check$CheckContext
instanceKlass javax/lang/model/element/AnnotationMirror
instanceKlass com/sun/tools/javac/comp/Annotate
instanceKlass com/sun/tools/javac/util/ByteBuffer
instanceKlass com/sun/tools/javac/code/Attribute
instanceKlass javax/lang/model/element/AnnotationValue
instanceKlass com/sun/tools/javac/comp/Annotate$AnnotationTypeCompleter
instanceKlass javax/lang/model/type/PrimitiveType
instanceKlass com/sun/tools/javac/jvm/ClassReader
instanceKlass  @bci com/sun/tools/javac/code/ClassFinder <init> (Lcom/sun/tools/javac/util/Context;)V 23 <appendix> member <vmtarget> ; # com/sun/tools/javac/code/ClassFinder$$Lambda+0x00000000283c5110
instanceKlass com/sun/tools/javac/code/Scope
instanceKlass com/sun/tools/javac/code/ClassFinder
instanceKlass com/sun/tools/javac/util/Convert
instanceKlass com/sun/tools/javac/util/Name
instanceKlass javax/lang/model/element/Name
instanceKlass com/sun/tools/javac/util/Name$Table
instanceKlass com/sun/tools/javac/util/Names
instanceKlass com/sun/tools/javac/code/Symbol$Completer$1
instanceKlass  @bci com/sun/tools/javac/main/JavaCompiler <init> (Lcom/sun/tools/javac/util/Context;)V 6 <appendix> member <vmtarget> ; # com/sun/tools/javac/main/JavaCompiler$$Lambda+0x00000000283c1e78
instanceKlass javax/lang/model/element/ModuleElement
instanceKlass javax/lang/model/element/PackageElement
instanceKlass com/sun/tools/javac/main/JavaCompiler
instanceKlass javax/lang/model/element/TypeElement
instanceKlass javax/lang/model/element/QualifiedNameable
instanceKlass com/sun/source/tree/ParameterizedTypeTree
instanceKlass com/sun/source/tree/UnionTypeTree
instanceKlass com/sun/source/tree/IntersectionTypeTree
instanceKlass com/sun/source/tree/AnnotationTree
instanceKlass com/sun/source/tree/SynchronizedTree
instanceKlass com/sun/source/tree/ReturnTree
instanceKlass com/sun/source/tree/PatternCaseLabelTree
instanceKlass com/sun/source/tree/WhileLoopTree
instanceKlass com/sun/source/tree/NewArrayTree
instanceKlass com/sun/source/tree/TypeParameterTree
instanceKlass com/sun/source/tree/LiteralTree
instanceKlass com/sun/source/tree/SwitchTree
instanceKlass com/sun/source/tree/ConstantCaseLabelTree
instanceKlass com/sun/source/tree/BindingPatternTree
instanceKlass com/sun/source/tree/BinaryTree
instanceKlass com/sun/source/tree/ContinueTree
instanceKlass com/sun/source/tree/RequiresTree
instanceKlass com/sun/source/tree/DefaultCaseLabelTree
instanceKlass com/sun/source/tree/CaseLabelTree
instanceKlass com/sun/source/tree/ErroneousTree
instanceKlass com/sun/source/tree/AnyPatternTree
instanceKlass com/sun/source/tree/AssertTree
instanceKlass com/sun/source/tree/SwitchExpressionTree
instanceKlass com/sun/source/tree/AnnotatedTypeTree
instanceKlass com/sun/source/tree/ModifiersTree
instanceKlass com/sun/source/tree/ForLoopTree
instanceKlass com/sun/source/tree/NewClassTree
instanceKlass com/sun/source/tree/TypeCastTree
instanceKlass com/sun/source/tree/ProvidesTree
instanceKlass com/sun/source/tree/ExportsTree
instanceKlass com/sun/source/tree/ModuleTree
instanceKlass com/sun/source/tree/ConditionalExpressionTree
instanceKlass com/sun/source/tree/DoWhileLoopTree
instanceKlass com/sun/source/tree/VariableTree
instanceKlass com/sun/source/tree/PackageTree
instanceKlass com/sun/source/tree/EnhancedForLoopTree
instanceKlass com/sun/source/tree/PrimitiveTypeTree
instanceKlass com/sun/source/tree/MemberReferenceTree
instanceKlass com/sun/source/tree/InstanceOfTree
instanceKlass com/sun/source/tree/ParenthesizedTree
instanceKlass com/sun/source/tree/CompoundAssignmentTree
instanceKlass com/sun/source/tree/MemberSelectTree
instanceKlass com/sun/source/tree/DeconstructionPatternTree
instanceKlass com/sun/source/tree/PatternTree
instanceKlass com/sun/source/tree/AssignmentTree
instanceKlass com/sun/source/tree/LabeledStatementTree
instanceKlass com/sun/source/tree/MethodTree
instanceKlass com/sun/source/tree/ImportTree
instanceKlass com/sun/source/tree/LambdaExpressionTree
instanceKlass com/sun/source/tree/ClassTree
instanceKlass com/sun/source/tree/ArrayAccessTree
instanceKlass com/sun/source/tree/ArrayTypeTree
instanceKlass com/sun/source/tree/EmptyStatementTree
instanceKlass com/sun/source/tree/ExpressionStatementTree
instanceKlass com/sun/source/tree/IdentifierTree
instanceKlass com/sun/source/tree/MethodInvocationTree
instanceKlass com/sun/source/tree/UnaryTree
instanceKlass com/sun/source/tree/UsesTree
instanceKlass com/sun/source/tree/YieldTree
instanceKlass com/sun/source/tree/BlockTree
instanceKlass com/sun/source/tree/ThrowTree
instanceKlass com/sun/source/tree/TryTree
instanceKlass com/sun/source/tree/BreakTree
instanceKlass com/sun/source/tree/OpensTree
instanceKlass com/sun/source/tree/DirectiveTree
instanceKlass com/sun/source/tree/IfTree
instanceKlass com/sun/source/tree/StatementTree
instanceKlass com/sun/source/tree/CaseTree
instanceKlass com/sun/source/tree/CatchTree
instanceKlass com/sun/source/tree/WildcardTree
instanceKlass  @bci java/util/regex/Pattern ALL ()Ljava/util/regex/Pattern$CharPredicate; 0 <appendix> argL0 ; # java/util/regex/Pattern$$Lambda+0x0000000028345280
instanceKlass javax/annotation/processing/RoundEnvironment
instanceKlass javax/annotation/processing/Messager
instanceKlass com/sun/tools/javac/processing/JavacProcessingEnvironment$ServiceIterator
instanceKlass javax/annotation/processing/Filer
instanceKlass com/sun/tools/javac/tree/JCTree$Visitor
instanceKlass com/sun/tools/javac/processing/JavacProcessingEnvironment
instanceKlass javax/annotation/processing/ProcessingEnvironment
instanceKlass java/lang/StringConcatHelper$StringConcatBase
instanceKlass java/lang/invoke/StringConcatFactory$InlineHiddenClassStrategy$2
instanceKlass java/lang/invoke/StringConcatFactory$InlineHiddenClassStrategy$1
instanceKlass java/lang/invoke/StringConcatFactory$InlineHiddenClassStrategy
instanceKlass  @bci com/sun/tools/javac/main/Arguments validate ()Z 1266 <appendix> member <vmtarget> ; # com/sun/tools/javac/main/Arguments$$Lambda+0x00000000283a3a50
instanceKlass  @bci com/sun/tools/javac/main/Arguments validate ()Z 1176 <appendix> member <vmtarget> ; # com/sun/tools/javac/main/Arguments$$Lambda+0x00000000283a3820
instanceKlass com/sun/tools/javac/util/Pair
instanceKlass  @bci com/sun/tools/javac/code/DeferredCompletionFailureHandler$1 uninstall ()V 9 <appendix> argL0 ; # com/sun/tools/javac/code/DeferredCompletionFailureHandler$1$$Lambda+0x00000000283a33d0
instanceKlass  @bci com/sun/tools/javac/api/JavacTaskImpl doCall ()Lcom/sun/tools/javac/main/Main$Result; 2 <appendix> member <vmtarget> ; # com/sun/tools/javac/api/JavacTaskImpl$$Lambda+0x00000000283a31a0
instanceKlass  @bci com/sun/tools/javac/code/DeferredCompletionFailureHandler$1 install ()V 9 <appendix> argL0 ; # com/sun/tools/javac/code/DeferredCompletionFailureHandler$1$$Lambda+0x00000000283a2d18
instanceKlass com/sun/tools/javac/code/DeferredCompletionFailureHandler$FlipSymbolDescription
instanceKlass com/sun/tools/javac/code/DeferredCompletionFailureHandler$3
instanceKlass com/sun/tools/javac/code/DeferredCompletionFailureHandler$2
instanceKlass com/sun/tools/javac/code/Symbol$Completer
instanceKlass com/sun/tools/javac/code/DeferredCompletionFailureHandler$1
instanceKlass com/sun/tools/javac/code/DeferredCompletionFailureHandler$Handler
instanceKlass com/sun/tools/javac/code/DeferredCompletionFailureHandler
instanceKlass com/sun/tools/javac/parser/Parser
instanceKlass com/sun/tools/javac/api/JavacTaskImpl$Filter
instanceKlass  @bci com/sun/tools/javac/util/Options get (Ljava/lang/String;)Ljava/lang/String; 3 <appendix> member <vmtarget> ; # com/sun/tools/javac/util/Options$$Lambda+0x00000000283a06f8
instanceKlass  @bci com/sun/tools/javac/util/Options isSet (Ljava/lang/String;)Z 3 <appendix> member <vmtarget> ; # com/sun/tools/javac/util/Options$$Lambda+0x00000000283a04c8
instanceKlass com/sun/tools/javac/main/DelegatingJavaFileManager
instanceKlass jdk/nio/zipfs/ZipUtils
instanceKlass  @bci com/sun/tools/javac/platform/JDKPlatformProvider$PlatformDescriptionImpl getFileManager ()Ljavax/tools/JavaFileManager; 542 <appendix> argL0 ; # com/sun/tools/javac/platform/JDKPlatformProvider$PlatformDescriptionImpl$$Lambda+0x000000002839b718
instanceKlass com/sun/tools/javac/resources/CompilerProperties$Fragments
instanceKlass com/sun/tools/javac/platform/JDKPlatformProvider$PlatformDescriptionImpl
instanceKlass  @bci com/sun/tools/javac/platform/PlatformUtils lookupPlatformDescription (Ljava/lang/String;)Lcom/sun/tools/javac/platform/PlatformDescription; 82 <appendix> member <vmtarget> ; # com/sun/tools/javac/platform/PlatformUtils$$Lambda+0x0000000028397598
instanceKlass  @bci com/sun/tools/javac/platform/PlatformUtils lambda$lookupPlatformDescription$0 (Ljava/lang/String;Lcom/sun/tools/javac/platform/PlatformProvider;)Z 21 <appendix> member <vmtarget> ; # com/sun/tools/javac/platform/PlatformUtils$$Lambda+0x0000000028397338
instanceKlass java/util/TreeMap$TreeMapSpliterator
instanceKlass jdk/nio/zipfs/ZipDirectoryStream$1
instanceKlass jdk/nio/zipfs/ZipDirectoryStream
instanceKlass  @bci jdk/nio/zipfs/ZipFileSystem <init> (Ljdk/nio/zipfs/ZipFileSystemProvider;Ljava/nio/file/Path;Ljava/util/Map;)V 595 <appendix> member <vmtarget> ; # jdk/nio/zipfs/ZipFileSystem$$Lambda+0x000000002839cdb8
instanceKlass java/nio/file/attribute/PosixFileAttributeView
instanceKlass java/nio/file/attribute/FileOwnerAttributeView
instanceKlass jdk/nio/zipfs/ZipFileAttributeView
instanceKlass jdk/nio/zipfs/ZipPath
instanceKlass jdk/nio/zipfs/ZipFileSystem$END
instanceKlass jdk/nio/zipfs/ZipConstants
instanceKlass jdk/nio/zipfs/ZipCoder
instanceKlass jdk/nio/zipfs/ZipFileAttributes
instanceKlass jdk/nio/zipfs/ZipFileSystem$IndexNode
instanceKlass  @bci com/sun/tools/javac/platform/JDKPlatformProvider <clinit> ()V 31 <appendix> argL0 ; # com/sun/tools/javac/platform/JDKPlatformProvider$$Lambda+0x0000000028396e78
instanceKlass com/sun/tools/javac/platform/PlatformDescription
instanceKlass com/sun/tools/javac/platform/JDKPlatformProvider
instanceKlass  @bci com/sun/tools/javac/platform/PlatformUtils lookupPlatformDescription (Ljava/lang/String;)Lcom/sun/tools/javac/platform/PlatformDescription; 65 <appendix> member <vmtarget> ; # com/sun/tools/javac/platform/PlatformUtils$$Lambda+0x00000000283967c8
instanceKlass com/sun/tools/javac/platform/PlatformProvider
instanceKlass com/sun/tools/javac/platform/PlatformUtils
instanceKlass  @bci com/sun/tools/javac/util/Options isSet (Lcom/sun/tools/javac/main/Option;)Z 3 <appendix> member <vmtarget> ; # com/sun/tools/javac/util/Options$$Lambda+0x0000000028395f18
instanceKlass  @bci com/sun/tools/javac/main/Arguments checkOptionAllowed (ZLcom/sun/tools/javac/main/Arguments$ErrorReporter;[Lcom/sun/tools/javac/main/Option;)V 33 <appendix> member <vmtarget> ; # com/sun/tools/javac/main/Arguments$$Lambda+0x0000000028395cd8
instanceKlass  @bci com/sun/tools/javac/main/Arguments checkOptionAllowed (ZLcom/sun/tools/javac/main/Arguments$ErrorReporter;[Lcom/sun/tools/javac/main/Option;)V 17 <appendix> member <vmtarget> ; # com/sun/tools/javac/main/Arguments$$Lambda+0x0000000028395a78
instanceKlass  @cpi com/sun/tools/javac/jvm/Items$StaticItem 112 form vmentry <vmtarget> ; # java/lang/invoke/LambdaForm$DMH+0x0000000028399400
instanceKlass  @bci com/sun/tools/javac/main/Arguments handleReleaseOptions (Ljava/util/function/Predicate;)Z 22 <appendix> member <vmtarget> ; # com/sun/tools/javac/main/Arguments$$Lambda+0x0000000028395848
instanceKlass com/sun/tools/javac/main/Arguments$ErrorReporter
instanceKlass  @bci com/sun/tools/javac/util/Options get (Lcom/sun/tools/javac/main/Option;)Ljava/lang/String; 3 <appendix> member <vmtarget> ; # com/sun/tools/javac/util/Options$$Lambda+0x0000000028395410
instanceKlass  @bci com/sun/tools/javac/main/Arguments processArgs (Ljava/lang/Iterable;Ljava/util/Set;Lcom/sun/tools/javac/main/OptionHelper;ZZ)Z 24 <adapter> ; # java/lang/invoke/LambdaForm$MH+0x0000000028399000
# instanceKlass java/lang/invoke/LambdaForm$DMH+0x0000000028398c00
instanceKlass  @bci com/sun/tools/javac/main/Arguments processArgs (Ljava/lang/Iterable;Ljava/util/Set;Lcom/sun/tools/javac/main/OptionHelper;ZZ)Z 24 <appendix> form vmentry <vmtarget> ; # java/lang/invoke/LambdaForm$DMH+0x0000000028398800
instanceKlass  @bci com/sun/tools/javac/main/Arguments processArgs (Ljava/lang/Iterable;Ljava/util/Set;Lcom/sun/tools/javac/main/OptionHelper;ZZ)Z 24 <appendix> member <vmtarget> ; # com/sun/tools/javac/main/Arguments$$Lambda+0x00000000283951b0
instanceKlass  @cpi com/sun/tools/javac/main/Arguments 1126 form vmentry <vmtarget> ; # java/lang/invoke/LambdaForm$DMH+0x0000000028398400
instanceKlass java/util/AbstractMap$SimpleEntry
instanceKlass jdk/internal/jimage/ImageBufferCache$2
instanceKlass jdk/internal/jimage/ImageBufferCache
instanceKlass java/nio/channels/AsynchronousFileChannel
instanceKlass java/nio/channels/AsynchronousChannel
instanceKlass java/nio/file/FileStore
instanceKlass com/sun/tools/javac/util/StringUtils
instanceKlass  @bci com/sun/tools/javac/file/CacheFSInfo isFile (Ljava/nio/file/Path;)Z 5 <appendix> argL0 ; # com/sun/tools/javac/file/CacheFSInfo$$Lambda+0x0000000028394d58
instanceKlass  @cpi com/sun/tools/javac/file/CacheFSInfo 178 form vmentry <vmtarget> ; # java/lang/invoke/LambdaForm$DMH+0x0000000028398000
instanceKlass  @bci com/sun/tools/javac/file/CacheFSInfo getAttributes (Ljava/nio/file/Path;)Ljava/util/Optional; 6 <appendix> member <vmtarget> ; # com/sun/tools/javac/file/CacheFSInfo$$Lambda+0x0000000028394b08
instanceKlass com/sun/tools/javac/file/BaseFileManager$3
instanceKlass com/sun/tools/doclint/DocLint$1
instanceKlass com/sun/source/tree/CompilationUnitTree
instanceKlass com/sun/source/util/TreePath
instanceKlass javax/lang/model/util/Types
instanceKlass javax/lang/model/util/Elements
instanceKlass com/sun/source/util/Trees
instanceKlass com/sun/source/util/TreeScanner
instanceKlass com/sun/source/tree/TreeVisitor
instanceKlass  @bci com/sun/tools/doclint/DocLint newDocLint ()Lcom/sun/tools/doclint/DocLint; 17 <appendix> argL0 ; # com/sun/tools/doclint/DocLint$$Lambda+0x0000000028390460
instanceKlass java/util/ServiceLoader$ProviderSpliterator
instanceKlass com/sun/tools/doclint/DocLint
instanceKlass com/sun/source/util/Plugin
instanceKlass com/sun/tools/javac/util/ListBuffer$1
instanceKlass com/sun/tools/javac/main/Arguments
instanceKlass com/sun/tools/javac/api/ClientCodeWrapper$WrappedDiagnosticListener
instanceKlass com/sun/tools/javac/api/ClientCodeWrapper$Trusted
instanceKlass com/sun/tools/javac/api/ClientCodeWrapper$WrappedJavaFileManager
instanceKlass com/sun/source/util/TaskListener
instanceKlass com/sun/tools/javac/api/ClientCodeWrapper
instanceKlass com/sun/tools/javac/file/PathFileObject
instanceKlass  @bci com/sun/tools/javac/file/CacheFSInfo getCanonicalFile (Ljava/nio/file/Path;)Ljava/nio/file/Path; 6 <appendix> member <vmtarget> ; # com/sun/tools/javac/file/CacheFSInfo$$Lambda+0x000000002838c928
instanceKlass  @bci com/sun/tools/javac/file/BaseFileManager setContext (Lcom/sun/tools/javac/util/Context;)V 44 <appendix> member <vmtarget> ; # com/sun/tools/javac/file/BaseFileManager$$Lambda+0x000000002838c240
instanceKlass  @bci com/sun/tools/javac/util/Log <init> (Lcom/sun/tools/javac/util/Context;Ljava/util/Map;)V 198 <appendix> member <vmtarget> ; # com/sun/tools/javac/util/Log$$Lambda+0x000000002838c000
instanceKlass com/sun/tools/javac/code/LintMapper
instanceKlass  @bci com/sun/tools/javac/util/JCDiagnostic$Factory <init> (Lcom/sun/tools/javac/util/Context;)V 23 <appendix> member <vmtarget> ; # com/sun/tools/javac/util/JCDiagnostic$Factory$$Lambda+0x00000000283879f0
instanceKlass com/sun/tools/javac/util/JCDiagnostic
instanceKlass  @bci com/sun/tools/javac/util/Options whenReady (Ljava/util/function/Consumer;)V 20 <appendix> member <vmtarget> ; # com/sun/tools/javac/util/Options$$Lambda+0x0000000028387270
instanceKlass  @bci com/sun/tools/javac/util/JavacMessages <init> (Lcom/sun/tools/javac/util/Context;)V 45 <appendix> member <vmtarget> ; # com/sun/tools/javac/util/JavacMessages$$Lambda+0x0000000028387030
instanceKlass com/sun/tools/javac/util/Options
instanceKlass javax/lang/model/type/NoType
instanceKlass javax/lang/model/type/TypeVariable
instanceKlass javax/lang/model/type/ArrayType
instanceKlass javax/lang/model/element/VariableElement
instanceKlass javax/lang/model/type/WildcardType
instanceKlass javax/lang/model/element/ExecutableElement
instanceKlass javax/lang/model/element/Parameterizable
instanceKlass javax/lang/model/type/ExecutableType
instanceKlass javax/lang/model/type/ErrorType
instanceKlass com/sun/tools/javac/jvm/PoolConstant$LoadableConstant
instanceKlass javax/lang/model/type/DeclaredType
instanceKlass javax/lang/model/type/ReferenceType
instanceKlass javax/lang/model/type/TypeMirror
instanceKlass com/sun/tools/javac/code/AnnoConstruct
instanceKlass javax/lang/model/element/Element
instanceKlass javax/lang/model/AnnotatedConstruct
instanceKlass com/sun/tools/javac/jvm/PoolConstant
instanceKlass com/sun/tools/javac/util/AbstractDiagnosticFormatter$SimpleConfiguration
instanceKlass com/sun/source/tree/ExpressionTree
instanceKlass com/sun/tools/javac/tree/JCTree
instanceKlass com/sun/source/tree/Tree
instanceKlass com/sun/tools/javac/api/DiagnosticFormatter$Configuration
instanceKlass com/sun/tools/javac/code/Printer
instanceKlass com/sun/tools/javac/code/Symbol$Visitor
instanceKlass com/sun/tools/javac/code/Type$Visitor
instanceKlass java/util/ResourceBundle$CacheKeyReference
instanceKlass java/util/ResourceBundle$CacheKey
instanceKlass com/sun/tools/javac/util/List$2
instanceKlass  @bci com/sun/tools/javac/util/JavacMessages add (Ljava/lang/String;)V 2 <appendix> member <vmtarget> ; # com/sun/tools/javac/util/JavacMessages$$Lambda+0x000000002833d600
instanceKlass com/sun/tools/javac/util/JavacMessages$ResourceBundleHelper
instanceKlass com/sun/tools/javac/util/JavacMessages
instanceKlass com/sun/tools/javac/api/Messages
instanceKlass com/sun/tools/javac/util/JCDiagnostic$Factory
instanceKlass  @bci com/sun/tools/javac/file/JavacFileManager <init> (Lcom/sun/tools/javac/util/Context;ZLjava/nio/charset/Charset;)V 11 <appendix> argL0 ; # com/sun/tools/javac/file/JavacFileManager$$Lambda+0x000000002833b030
instanceKlass java/util/JumboEnumSet$EnumSetIterator
instanceKlass com/sun/tools/javac/file/Locations$ModuleTable
instanceKlass  @bci com/sun/tools/javac/file/Locations$ModuleSourcePathLocationHandler <init> (Lcom/sun/tools/javac/file/Locations;)V 28 <appendix> argL0 ; # com/sun/tools/javac/file/Locations$ModuleSourcePathLocationHandler$$Lambda+0x000000002833a5d0
instanceKlass  @bci com/sun/tools/javac/file/Locations <init> ()V 5 <appendix> argL0 ; # com/sun/tools/javac/file/Locations$$Lambda+0x0000000028339720
instanceKlass javax/tools/StandardJavaFileManager$PathFactory
instanceKlass com/sun/tools/javac/file/Locations$LocationHandler
instanceKlass com/sun/tools/javac/file/Locations
instanceKlass com/sun/tools/javac/file/JavacFileManager$1
instanceKlass  @bci com/sun/tools/javac/main/Option getOptions (Lcom/sun/tools/javac/main/Option$OptionGroup;)Ljava/util/Set; 17 <appendix> argL0 ; # com/sun/tools/javac/main/Option$$Lambda+0x0000000028338260
instanceKlass  @bci com/sun/tools/javac/main/Option getOptions (Lcom/sun/tools/javac/main/Option$OptionGroup;)Ljava/util/Set; 7 <appendix> member <vmtarget> ; # com/sun/tools/javac/main/Option$$Lambda+0x0000000028338000
instanceKlass  @bci com/sun/tools/javac/main/Option getXLintChoices ()Ljava/util/Set; 42 <appendix> member <vmtarget> ; # com/sun/tools/javac/main/Option$$Lambda+0x00000000283379c0
instanceKlass  @bci com/sun/tools/javac/main/Option getXLintChoices ()Ljava/util/Set; 26 <appendix> argL0 ; # com/sun/tools/javac/main/Option$$Lambda+0x0000000028337778
instanceKlass  @bci com/sun/tools/javac/code/Lint$LintCategory <init> (Ljava/lang/String;ILjava/lang/String;ZZ[Ljava/lang/String;)V 66 <appendix> member <vmtarget> ; # com/sun/tools/javac/code/Lint$LintCategory$$Lambda+0x00000000283370e8
instanceKlass com/sun/tools/javac/code/Lint
instanceKlass com/sun/tools/javac/util/Assert
instanceKlass com/sun/tools/javac/file/RelativePath
instanceKlass javax/tools/JavaFileObject
instanceKlass javax/tools/FileObject
instanceKlass javax/tools/JavaFileManager$Location
instanceKlass com/sun/tools/javac/file/JavacFileManager$Container
instanceKlass com/sun/tools/javac/util/JCDiagnostic$DiagnosticInfo
instanceKlass com/sun/tools/javac/main/OptionHelper
instanceKlass  @bci com/sun/tools/javac/file/CacheFSInfo preRegister (Lcom/sun/tools/javac/util/Context;)V 3 <appendix> argL0 ; # com/sun/tools/javac/file/CacheFSInfo$$Lambda+0x000000002832e810
instanceKlass com/sun/tools/javac/file/FSInfo
instanceKlass com/sun/tools/javac/util/AbstractDiagnosticFormatter
instanceKlass com/sun/tools/javac/api/DiagnosticFormatter
instanceKlass com/sun/tools/javac/util/Log$DiagnosticHandler
instanceKlass com/sun/tools/javac/util/JCDiagnostic$DiagnosticPosition
instanceKlass com/sun/tools/javac/util/AbstractLog
instanceKlass com/sun/tools/javac/util/Context$Factory
instanceKlass com/sun/tools/javac/util/Context$Key
instanceKlass javax/tools/DiagnosticCollector
instanceKlass org/codehaus/plexus/compiler/javac/JavaxToolsCompiler$1
instanceKlass  @bci org/codehaus/plexus/compiler/javac/JavacCompiler$JavaVersion isOlderOrEqualTo (Ljava/lang/String;)Z 33 <appendix> member <vmtarget> ; # org/codehaus/plexus/compiler/javac/JavacCompiler$JavaVersion$$Lambda+0x000000002832bb50
instanceKlass org/codehaus/plexus/util/StringUtils
instanceKlass org/apache/maven/shared/utils/io/SelectorUtils
instanceKlass org/apache/maven/shared/utils/io/MatchPattern
instanceKlass org/apache/maven/shared/utils/io/MatchPatterns
instanceKlass org/apache/maven/shared/utils/io/DirectoryScanner
instanceKlass org/apache/maven/shared/utils/io/FileUtils
instanceKlass  @bci java/util/stream/SortedOps$RefSortingSink end ()V 48 <appendix> member <vmtarget> ; # java/util/stream/SortedOps$RefSortingSink$$Lambda+0x00000000282feb68
instanceKlass  @cpi com/sun/tools/javac/code/Symtab 1381 form vmentry <vmtarget> ; # java/lang/invoke/LambdaForm$DMH+0x000000002832c000
instanceKlass  @bci org/apache/maven/plugin/compiler/AbstractCompilerMojo executeReal ()V 3312 <appendix> argL0 ; # org/apache/maven/plugin/compiler/AbstractCompilerMojo$$Lambda+0x000000002832a110
instanceKlass  @bci org/apache/maven/plugin/compiler/AbstractCompilerMojo executeReal ()V 3302 <appendix> argL0 ; # org/apache/maven/plugin/compiler/AbstractCompilerMojo$$Lambda+0x0000000028329ec8
instanceKlass java/util/Collections$ReverseComparator
instanceKlass  @bci java/nio/file/Files walk (Ljava/nio/file/Path;I[Ljava/nio/file/FileVisitOption;)Ljava/util/stream/Stream; 43 <appendix> argL0 ; # java/nio/file/Files$$Lambda+0x00000000282fe388
instanceKlass  @bci java/nio/file/Files walk (Ljava/nio/file/Path;I[Ljava/nio/file/FileVisitOption;)Ljava/util/stream/Stream; 30 <appendix> member <vmtarget> ; # java/nio/file/Files$$Lambda+0x00000000282fe158
instanceKlass java/nio/file/FileTreeWalker$Event
instanceKlass java/nio/file/FileTreeWalker$DirectoryNode
instanceKlass java/nio/file/FileTreeWalker
instanceKlass java/nio/file/FileTreeIterator
instanceKlass org/apache/maven/shared/utils/StringUtils
instanceKlass org/apache/maven/shared/utils/logging/AnsiMessageBuilder
instanceKlass org/apache/maven/shared/utils/logging/LoggerLevelRenderer
instanceKlass org/apache/maven/shared/utils/logging/MessageUtils
instanceKlass  @bci org/apache/maven/plugin/compiler/AbstractCompilerMojo executeReal ()V 1279 <appendix> argL0 ; # org/apache/maven/plugin/compiler/AbstractCompilerMojo$$Lambda+0x0000000028328ad8
instanceKlass org/apache/maven/plugin/compiler/DeltaList
instanceKlass  @bci java/util/stream/Collectors toCollection (Ljava/util/function/Supplier;)Ljava/util/stream/Collector; 10 <appendix> argL0 ; # java/util/stream/Collectors$$Lambda+0x00000000282fccc8
instanceKlass  @bci java/util/stream/Collectors toCollection (Ljava/util/function/Supplier;)Ljava/util/stream/Collector; 5 <appendix> argL0 ; # java/util/stream/Collectors$$Lambda+0x00000000282fca90
instanceKlass  @bci org/apache/maven/plugin/compiler/AbstractCompilerMojo hasInputFileTreeChanged (Lorg/apache/maven/shared/incremental/IncrementalBuildHelper;Ljava/util/Set;)Z 127 <appendix> argL0 ; # org/apache/maven/plugin/compiler/AbstractCompilerMojo$$Lambda+0x0000000028328698
instanceKlass  @bci org/apache/maven/plugin/compiler/AbstractCompilerMojo hasInputFileTreeChanged (Lorg/apache/maven/shared/incremental/IncrementalBuildHelper;Ljava/util/Set;)Z 117 <appendix> argL0 ; # org/apache/maven/plugin/compiler/AbstractCompilerMojo$$Lambda+0x0000000028328450
instanceKlass java/nio/file/attribute/FileTime$1
instanceKlass org/codehaus/plexus/util/io/InputStreamFacade
instanceKlass org/codehaus/plexus/util/BaseFileUtils
instanceKlass  @bci org/apache/maven/plugin/compiler/AbstractCompilerMojo getBuildStartTimeInstant ()Ljava/util/Optional; 26 <appendix> argL0 ; # org/apache/maven/plugin/compiler/AbstractCompilerMojo$$Lambda+0x00000000283258e8
instanceKlass  @bci org/apache/maven/plugin/compiler/AbstractCompilerMojo getBuildStartTimeInstant ()Ljava/util/Optional; 18 <appendix> argL0 ; # org/apache/maven/plugin/compiler/AbstractCompilerMojo$$Lambda+0x00000000283256a0
instanceKlass  @bci org/apache/maven/plugin/compiler/AbstractCompilerMojo getBuildStartTimeInstant ()Ljava/util/Optional; 10 <appendix> argL0 ; # org/apache/maven/plugin/compiler/AbstractCompilerMojo$$Lambda+0x0000000028325458
instanceKlass org/apache/maven/shared/incremental/IncrementalBuildHelperRequest
instanceKlass org/codehaus/plexus/util/SelectorUtils
instanceKlass org/codehaus/plexus/util/MatchPatterns
instanceKlass org/codehaus/plexus/util/MatchPattern
instanceKlass org/codehaus/plexus/util/AbstractScanner
instanceKlass org/codehaus/plexus/util/Scanner
instanceKlass org/codehaus/plexus/compiler/util/scan/mapping/SuffixMapping
instanceKlass org/codehaus/plexus/compiler/util/scan/AbstractSourceInclusionScanner
instanceKlass  @bci org/apache/maven/plugin/compiler/AbstractCompilerMojo resolveProcessorPathEntries ()Ljava/util/List; 98 <appendix> argL0 ; # org/apache/maven/plugin/compiler/AbstractCompilerMojo$$Lambda+0x000000002831e758
instanceKlass  @bci org/apache/maven/plugin/compiler/AbstractCompilerMojo getAnnotationProcessorPathVersion (Lorg/apache/maven/plugin/compiler/DependencyCoordinate;)Ljava/lang/String; 23 <appendix> member <vmtarget> ; # org/apache/maven/plugin/compiler/AbstractCompilerMojo$$Lambda+0x000000002831e528
instanceKlass  @bci org/apache/maven/plugin/compiler/AbstractCompilerMojo findManagedVersion (Lorg/apache/maven/plugin/compiler/DependencyCoordinate;Ljava/util/List;)Ljava/util/Optional; 22 <appendix> argL0 ; # org/apache/maven/plugin/compiler/AbstractCompilerMojo$$Lambda+0x000000002831e2e0
instanceKlass  @bci org/apache/maven/plugin/compiler/AbstractCompilerMojo findManagedVersion (Lorg/apache/maven/plugin/compiler/DependencyCoordinate;Ljava/util/List;)Ljava/util/Optional; 7 <appendix> member <vmtarget> ; # org/apache/maven/plugin/compiler/AbstractCompilerMojo$$Lambda+0x000000002831e080
instanceKlass com/sun/tools/javac/file/BaseFileManager
instanceKlass com/sun/tools/javac/util/Context
instanceKlass javax/tools/StandardJavaFileManager
instanceKlass com/sun/source/util/JavacTask
instanceKlass javax/tools/JavaCompiler$CompilationTask
instanceKlass com/sun/tools/javac/api/JavacTool
instanceKlass javax/tools/ToolProvider
instanceKlass java/util/concurrent/ConcurrentLinkedDeque$Node
instanceKlass org/codehaus/plexus/compiler/PlexusLoggerWrapper
instanceKlass org/eclipse/sisu/wire/ProviderIterableAdapter$ProviderEntry
instanceKlass org/eclipse/sisu/wire/ProviderIterableAdapter$ProviderIterator
instanceKlass  @bci org/apache/maven/plugin/internal/AbstractMavenPluginDescriptorSourcedParametersValidator isIgnoredProperty (Ljava/lang/String;)Z 55 <appendix> member <vmtarget> ; # org/apache/maven/plugin/internal/AbstractMavenPluginDescriptorSourcedParametersValidator$$Lambda+0x000000002830f338
instanceKlass org/eclipse/sisu/wire/ProviderIterableAdapter
instanceKlass org/apache/maven/toolchain/DefaultToolchainManager$$FastClassByGuice$$196434251
instanceKlass org/apache/maven/plugin/compiler/CompilerMojo$$FastClassByGuice$$196071401
instanceKlass org/codehaus/plexus/compiler/javac/JavaxToolsCompiler$$FastClassByGuice$$194405161
instanceKlass org/codehaus/plexus/compiler/javac/JavacCompiler$$FastClassByGuice$$193296539
instanceKlass org/codehaus/plexus/compiler/manager/DefaultCompilerManager$$FastClassByGuice$$192464515
instanceKlass org/codehaus/plexus/languages/java/jpms/LocationManager$$FastClassByGuice$$191799980
instanceKlass org/eclipse/sisu/wire/BeanProviders$2
instanceKlass javax/tools/Diagnostic
instanceKlass javax/tools/JavaCompiler
instanceKlass javax/tools/Tool
instanceKlass javax/tools/JavaFileManager
instanceKlass javax/tools/OptionChecker
instanceKlass javax/tools/DiagnosticListener
instanceKlass org/codehaus/plexus/compiler/CompilerMessage
instanceKlass org/codehaus/plexus/util/cli/StreamConsumer
instanceKlass org/codehaus/plexus/compiler/CompilerOutputStyle
instanceKlass org/codehaus/plexus/languages/java/jpms/ResolvePathsRequest
instanceKlass org/codehaus/plexus/languages/java/jpms/ResolvePathResult
instanceKlass org/codehaus/plexus/languages/java/jpms/ResolvePathRequest
instanceKlass org/codehaus/plexus/languages/java/jpms/ManifestModuleNameExtractor
instanceKlass org/codehaus/plexus/languages/java/jpms/SourceModuleInfoParser
instanceKlass org/codehaus/plexus/languages/java/jpms/ModuleInfoParser
instanceKlass org/codehaus/plexus/languages/java/jpms/ModuleNameExtractor
instanceKlass org/codehaus/plexus/languages/java/jpms/JavaModuleDescriptor
instanceKlass org/codehaus/plexus/languages/java/jpms/ResolvePathsResult
instanceKlass org/codehaus/plexus/compiler/CompilerResult
instanceKlass org/apache/maven/shared/incremental/IncrementalBuildHelper
instanceKlass org/apache/maven/shared/utils/logging/MessageBuilder
instanceKlass org/codehaus/plexus/compiler/util/scan/SourceInclusionScanner
instanceKlass org/apache/maven/plugin/compiler/DependencyCoordinate
instanceKlass org/codehaus/plexus/compiler/CompilerConfiguration
instanceKlass org/codehaus/plexus/compiler/util/scan/mapping/SourceMapping
instanceKlass org/codehaus/plexus/compiler/javac/JavaxToolsCompiler
instanceKlass org/codehaus/plexus/compiler/javac/InProcessCompiler
# instanceKlass java/lang/invoke/LambdaForm$MH+0x0000000028319000
instanceKlass org/codehaus/plexus/compiler/AbstractCompiler
instanceKlass org/codehaus/plexus/compiler/Compiler
instanceKlass org/codehaus/plexus/compiler/manager/DefaultCompilerManager
instanceKlass org/codehaus/plexus/compiler/manager/CompilerManager
instanceKlass org/codehaus/plexus/languages/java/jpms/LocationManager
instanceKlass org/eclipse/sisu/plexus/ComponentDescriptorBeanModule$ComponentMetadata
instanceKlass  @bci org/apache/maven/utils/Os getOsFamily ()Ljava/lang/String; 74 <appendix> argL0 ; # org/apache/maven/utils/Os$$Lambda+0x000000002830e9f8
instanceKlass org/apache/maven/utils/Os
instanceKlass  @bci org/apache/maven/model/building/DefaultModelBuilder lambda$getInterpolatedProfiles$2 (Lorg/codehaus/plexus/interpolation/RegexBasedInterpolator;Lorg/apache/maven/model/building/DefaultModelProblemCollector;Lorg/apache/maven/model/ActivationOS;)V 107 <appendix> member <vmtarget> ; # org/apache/maven/model/building/DefaultModelBuilder$$Lambda+0x000000002830e5a8
instanceKlass  @bci org/apache/maven/model/building/DefaultModelBuilder lambda$getInterpolatedProfiles$2 (Lorg/codehaus/plexus/interpolation/RegexBasedInterpolator;Lorg/apache/maven/model/building/DefaultModelProblemCollector;Lorg/apache/maven/model/ActivationOS;)V 84 <appendix> member <vmtarget> ; # org/apache/maven/model/building/DefaultModelBuilder$$Lambda+0x000000002830e368
instanceKlass  @bci org/apache/maven/model/building/DefaultModelBuilder lambda$getInterpolatedProfiles$2 (Lorg/codehaus/plexus/interpolation/RegexBasedInterpolator;Lorg/apache/maven/model/building/DefaultModelProblemCollector;Lorg/apache/maven/model/ActivationOS;)V 61 <appendix> member <vmtarget> ; # org/apache/maven/model/building/DefaultModelBuilder$$Lambda+0x000000002830e128
instanceKlass  @bci org/apache/maven/model/building/DefaultModelBuilder lambda$getInterpolatedProfiles$2 (Lorg/codehaus/plexus/interpolation/RegexBasedInterpolator;Lorg/apache/maven/model/building/DefaultModelProblemCollector;Lorg/apache/maven/model/ActivationOS;)V 38 <appendix> member <vmtarget> ; # org/apache/maven/model/building/DefaultModelBuilder$$Lambda+0x000000002830dee8
instanceKlass  @bci org/apache/maven/model/building/DefaultModelBuilder lambda$getInterpolatedProfiles$2 (Lorg/codehaus/plexus/interpolation/RegexBasedInterpolator;Lorg/apache/maven/model/building/DefaultModelProblemCollector;Lorg/apache/maven/model/ActivationOS;)V 12 <appendix> member <vmtarget> ; # org/apache/maven/model/building/DefaultModelBuilder$$Lambda+0x000000002830dcb8
instanceKlass org/apache/maven/artifact/resolver/filter/AbstractScopeArtifactFilter
instanceKlass org/sonatype/plexus/build/incremental/EmptyScanner
instanceKlass java/nio/file/attribute/PosixFileAttributes
instanceKlass org/codehaus/plexus/interpolation/PrefixAwareRecursionInterceptor
instanceKlass org/codehaus/plexus/interpolation/SimpleRecursionInterceptor
instanceKlass  @bci org/apache/maven/shared/filtering/BaseFilter createInterpolator (Ljava/util/LinkedHashSet;Ljava/util/List;Lorg/codehaus/plexus/interpolation/ValueSource;Lorg/apache/maven/project/MavenProject;Lorg/apache/maven/execution/MavenSession;Ljava/lang/String;Z)Lorg/codehaus/plexus/interpolation/Interpolator; 126 <appendix> argL0 ; # org/apache/maven/shared/filtering/BaseFilter$$Lambda+0x0000000028312bb8
instanceKlass org/codehaus/plexus/interpolation/InterpolationPostProcessor
instanceKlass org/codehaus/plexus/interpolation/SingleResponseValueSource
instanceKlass org/codehaus/plexus/interpolation/PrefixedValueSourceWrapper
instanceKlass org/codehaus/plexus/interpolation/FeedbackEnabledValueSource
instanceKlass org/codehaus/plexus/interpolation/AbstractDelegatingValueSource
instanceKlass org/codehaus/plexus/interpolation/QueryEnabledValueSource
instanceKlass org/codehaus/plexus/interpolation/multi/DelimiterSpecification
instanceKlass org/codehaus/plexus/interpolation/multi/MultiDelimiterStringSearchInterpolator
instanceKlass org/apache/maven/shared/filtering/FilteringUtils$1
instanceKlass org/apache/maven/shared/filtering/FilteringUtils
instanceKlass org/codehaus/plexus/util/io/InputStreamFacade
instanceKlass org/codehaus/plexus/util/BaseFileUtils
instanceKlass org/codehaus/plexus/util/SelectorUtils
instanceKlass org/codehaus/plexus/util/MatchPatterns
instanceKlass org/codehaus/plexus/util/MatchPattern
instanceKlass org/codehaus/plexus/interpolation/RecursionInterceptor
instanceKlass org/codehaus/plexus/interpolation/AbstractValueSource
instanceKlass org/apache/maven/plugins/resources/MavenBuildTimestamp
instanceKlass org/apache/maven/shared/filtering/FilterWrapper
instanceKlass org/codehaus/plexus/util/StringUtils
instanceKlass org/codehaus/plexus/util/introspection/MethodMap
instanceKlass org/codehaus/plexus/util/introspection/ClassMap$CacheMiss
instanceKlass org/codehaus/plexus/util/introspection/ClassMap
instanceKlass org/codehaus/plexus/util/introspection/ReflectionValueExtractor$Tokenizer
instanceKlass org/codehaus/plexus/util/introspection/ReflectionValueExtractor
instanceKlass org/eclipse/sisu/plexus/TypeArguments
instanceKlass  @bci jdk/internal/reflect/MethodHandleIntegerFieldAccessorImpl setInt (Ljava/lang/Object;I)V 41 <adapter> ; # java/lang/invoke/LambdaForm$MH+0x0000000028310400
instanceKlass  @bci com/sun/tools/javac/jvm/PoolConstant$Dynamic$PoolKey hashCode ()I 1 <appendix> argL1 form vmentry <vmtarget> ; # java/lang/invoke/LambdaForm$MH+0x0000000028310000
instanceKlass org/eclipse/sisu/plexus/CompositeBeanHelper$1
instanceKlass org/eclipse/sisu/plexus/CompositeBeanHelper
instanceKlass org/apache/maven/plugin/internal/ValidatingConfigurationListener
instanceKlass org/apache/maven/plugin/DebugConfigurationListener
instanceKlass org/eclipse/sisu/inject/MildKeys
instanceKlass org/codehaus/plexus/component/configurator/converters/ParameterizedConfigurationConverter
instanceKlass org/codehaus/plexus/component/configurator/converters/AbstractConfigurationConverter
instanceKlass org/codehaus/plexus/component/configurator/converters/ConfigurationConverter
instanceKlass org/codehaus/plexus/component/configurator/converters/lookup/DefaultConverterLookup
instanceKlass org/codehaus/plexus/component/configurator/expression/DefaultExpressionEvaluator
instanceKlass  @bci org/apache/maven/plugin/internal/ReadOnlyPluginParametersValidator doValidate (Lorg/apache/maven/execution/MavenSession;Lorg/apache/maven/plugin/descriptor/MojoDescriptor;Ljava/lang/Class;Lorg/codehaus/plexus/configuration/PlexusConfiguration;Lorg/codehaus/plexus/component/configurator/expression/ExpressionEvaluator;)V 35 <appendix> member <vmtarget> ; # org/apache/maven/plugin/internal/ReadOnlyPluginParametersValidator$$Lambda+0x0000000028306840
instanceKlass  @bci org/apache/maven/plugin/internal/ReadOnlyPluginParametersValidator doValidate (Lorg/apache/maven/execution/MavenSession;Lorg/apache/maven/plugin/descriptor/MojoDescriptor;Ljava/lang/Class;Lorg/codehaus/plexus/configuration/PlexusConfiguration;Lorg/codehaus/plexus/component/configurator/expression/ExpressionEvaluator;)V 17 <appendix> argL0 ; # org/apache/maven/plugin/internal/ReadOnlyPluginParametersValidator$$Lambda+0x00000000283065e8
instanceKlass  @bci org/apache/maven/plugin/internal/DeprecatedPluginValidator doValidate (Lorg/apache/maven/execution/MavenSession;Lorg/apache/maven/plugin/descriptor/MojoDescriptor;Ljava/lang/Class;Lorg/codehaus/plexus/configuration/PlexusConfiguration;Lorg/codehaus/plexus/component/configurator/expression/ExpressionEvaluator;)V 71 <appendix> member <vmtarget> ; # org/apache/maven/plugin/internal/DeprecatedPluginValidator$$Lambda+0x00000000283063a8
instanceKlass  @cpi com/sun/tools/javac/comp/Attr 5330 form vmentry <vmtarget> ; # java/lang/invoke/LambdaForm$DMH+0x0000000028303400
instanceKlass  @bci org/apache/maven/plugin/internal/DeprecatedPluginValidator doValidate (Lorg/apache/maven/execution/MavenSession;Lorg/apache/maven/plugin/descriptor/MojoDescriptor;Ljava/lang/Class;Lorg/codehaus/plexus/configuration/PlexusConfiguration;Lorg/codehaus/plexus/component/configurator/expression/ExpressionEvaluator;)V 53 <appendix> argL0 ; # org/apache/maven/plugin/internal/DeprecatedPluginValidator$$Lambda+0x0000000028306150
instanceKlass  @cpi com/sun/tools/javac/comp/Operators$UnaryNumericOperator 71 form vmentry <vmtarget> ; # java/lang/invoke/LambdaForm$DMH+0x0000000028303000
instanceKlass  @bci org/apache/maven/plugin/internal/DeprecatedPluginValidator doValidate (Lorg/apache/maven/execution/MavenSession;Lorg/apache/maven/plugin/descriptor/MojoDescriptor;Ljava/lang/Class;Lorg/codehaus/plexus/configuration/PlexusConfiguration;Lorg/codehaus/plexus/component/configurator/expression/ExpressionEvaluator;)V 43 <appendix> argL0 ; # org/apache/maven/plugin/internal/DeprecatedPluginValidator$$Lambda+0x0000000028305ef8
instanceKlass  @bci org/apache/maven/plugin/internal/DeprecatedCoreExpressionValidator doValidate (Lorg/apache/maven/execution/MavenSession;Lorg/apache/maven/plugin/descriptor/MojoDescriptor;Ljava/lang/Class;Lorg/codehaus/plexus/configuration/PlexusConfiguration;Lorg/codehaus/plexus/component/configurator/expression/ExpressionEvaluator;)V 43 <appendix> member <vmtarget> ; # org/apache/maven/plugin/internal/DeprecatedCoreExpressionValidator$$Lambda+0x0000000028305cb8
instanceKlass  @bci org/apache/maven/plugin/internal/DeprecatedCoreExpressionValidator doValidate (Lorg/apache/maven/execution/MavenSession;Lorg/apache/maven/plugin/descriptor/MojoDescriptor;Ljava/lang/Class;Lorg/codehaus/plexus/configuration/PlexusConfiguration;Lorg/codehaus/plexus/component/configurator/expression/ExpressionEvaluator;)V 29 <appendix> member <vmtarget> ; # org/apache/maven/plugin/internal/DeprecatedCoreExpressionValidator$$Lambda+0x0000000028305a68
instanceKlass  @bci org/apache/maven/plugin/internal/DeprecatedCoreExpressionValidator doValidate (Lorg/apache/maven/execution/MavenSession;Lorg/apache/maven/plugin/descriptor/MojoDescriptor;Ljava/lang/Class;Lorg/codehaus/plexus/configuration/PlexusConfiguration;Lorg/codehaus/plexus/component/configurator/expression/ExpressionEvaluator;)V 18 <appendix> member <vmtarget> ; # org/apache/maven/plugin/internal/DeprecatedCoreExpressionValidator$$Lambda+0x0000000028305808
instanceKlass org/apache/maven/plugin/PluginParameterExpressionEvaluator
instanceKlass org/codehaus/plexus/component/configurator/expression/TypeAwareExpressionEvaluator
instanceKlass org/apache/maven/monitor/logging/DefaultLog
instanceKlass org/sonatype/plexus/build/incremental/DefaultBuildContext$$FastClassByGuice$$190233095
instanceKlass org/apache/maven/plugins/resources/ResourcesMojo$$FastClassByGuice$$189781953
instanceKlass org/codehaus/plexus/build/DefaultBuildContext$$FastClassByGuice$$187882797
instanceKlass org/apache/maven/shared/filtering/DefaultMavenResourcesFiltering$$FastClassByGuice$$187337119
instanceKlass org/apache/maven/shared/filtering/DefaultMavenReaderFilter$$FastClassByGuice$$186096642
instanceKlass org/apache/maven/shared/filtering/DefaultMavenFileFilter$$FastClassByGuice$$184956399
instanceKlass com/google/inject/internal/Messages$Converter
instanceKlass com/google/inject/internal/Messages
instanceKlass org/codehaus/plexus/util/AbstractScanner
instanceKlass org/codehaus/plexus/interpolation/Interpolator
instanceKlass org/codehaus/plexus/interpolation/BasicInterpolator
instanceKlass org/codehaus/plexus/interpolation/ValueSource
instanceKlass org/codehaus/plexus/util/Scanner
instanceKlass org/w3c/dom/Element
instanceKlass org/w3c/dom/Document
instanceKlass org/w3c/dom/Node
instanceKlass org/apache/maven/shared/filtering/AbstractMavenFilteringRequest
instanceKlass org/codehaus/plexus/build/DefaultBuildContext
instanceKlass org/codehaus/plexus/build/BuildContext
instanceKlass org/apache/maven/shared/filtering/DefaultMavenResourcesFiltering
instanceKlass org/apache/maven/shared/filtering/MavenResourcesFiltering
instanceKlass org/apache/maven/shared/filtering/MavenReaderFilter
instanceKlass org/apache/maven/shared/filtering/BaseFilter
instanceKlass org/apache/maven/shared/filtering/MavenFileFilter
instanceKlass org/apache/maven/shared/filtering/DefaultFilterInfo
instanceKlass org/sonatype/plexus/build/incremental/BuildContext
instanceKlass jdk/internal/util/Exceptions$SensitiveInfo
instanceKlass java/util/jar/JarVerifier
instanceKlass org/eclipse/sisu/space/FileEntryIterator
instanceKlass org/eclipse/sisu/space/ResourceEnumeration
instanceKlass org/eclipse/sisu/plexus/ComponentDescriptorBeanModule$PlexusDescriptorBeanSource
instanceKlass org/apache/maven/plugin/AbstractMojo
instanceKlass org/apache/maven/plugin/ContextEnabled
instanceKlass org/apache/maven/plugin/Mojo
instanceKlass org/eclipse/sisu/plexus/ComponentDescriptorBeanModule
instanceKlass  @bci org/codehaus/plexus/DefaultPlexusContainer addComponentDescriptor (Lorg/codehaus/plexus/component/repository/ComponentDescriptor;)V 32 <appendix> argL0 ; # org/codehaus/plexus/DefaultPlexusContainer$$Lambda+0x00000000282f1650
instanceKlass org/apache/maven/classrealm/ArtifactClassRealmConstituent
instanceKlass  @bci org/apache/maven/RepositoryUtils toArtifacts (Ljava/util/Collection;)Ljava/util/Collection; 6 <appendix> argL0 ; # org/apache/maven/RepositoryUtils$$Lambda+0x00000000282f1180
instanceKlass org/apache/maven/plugin/internal/WagonExcluder
instanceKlass  @bci org/apache/maven/plugin/DefaultPluginRealmCache get (Lorg/apache/maven/plugin/PluginRealmCache$Key;Lorg/apache/maven/plugin/PluginRealmCache$PluginRealmSupplier;)Lorg/apache/maven/plugin/PluginRealmCache$CacheRecord; 6 <appendix> member <vmtarget> ; # org/apache/maven/plugin/DefaultPluginRealmCache$$Lambda+0x00000000282f0cf0
instanceKlass  @bci com/sun/tools/javac/comp/Attr check (Lcom/sun/tools/javac/tree/JCTree;Lcom/sun/tools/javac/code/Type;Lcom/sun/tools/javac/code/Kinds$KindSelector;Lcom/sun/tools/javac/comp/Attr$ResultInfo;)Lcom/sun/tools/javac/code/Type; 163 <appendix> form vmentry <vmtarget> ; # java/lang/invoke/LambdaForm$DMH+0x00000000282f4800
instanceKlass  @bci org/apache/maven/plugin/internal/DefaultMavenPluginManager setupPluginRealm (Lorg/apache/maven/plugin/descriptor/PluginDescriptor;Lorg/apache/maven/execution/MavenSession;Ljava/lang/ClassLoader;Ljava/util/List;Lorg/eclipse/aether/graph/DependencyFilter;)V 177 <appendix> member <vmtarget> ; # org/apache/maven/plugin/internal/DefaultMavenPluginManager$$Lambda+0x00000000282f0ac0
instanceKlass org/apache/maven/plugin/CacheUtils
instanceKlass org/apache/maven/plugin/DefaultPluginRealmCache$CacheKey
instanceKlass java/util/concurrent/locks/ReentrantReadWriteLock$Sync$HoldCounter
# instanceKlass java/lang/invoke/LambdaForm$DMH+0x00000000282f4400
# instanceKlass java/lang/invoke/LambdaForm$DMH+0x00000000282f4000
instanceKlass sun/security/ssl/PreSharedKeyExtension$SHPreSharedKeySpec
instanceKlass sun/security/ssl/SSLEngineOutputRecord$RecordMemo
instanceKlass sun/security/ssl/SSLEngineOutputRecord$HandshakeFragment
instanceKlass sun/security/ssl/PreSharedKeyExtension$CHPreSharedKeySpec
instanceKlass javax/crypto/spec/HKDFParameterSpec$ExtractThenExpand
instanceKlass sun/security/ssl/PreSharedKeyExtension$PskIdentity
instanceKlass  @bci java/util/concurrent/ConcurrentLinkedQueue clear ()V 1 <appendix> argL0 ; # java/util/concurrent/ConcurrentLinkedQueue$$Lambda+0x00000000282bfc18
instanceKlass  @bci sun/security/util/MemoryCache$QueueCacheEntry clear ()V 4 <appendix> argL0 ; # sun/security/util/MemoryCache$QueueCacheEntry$$Lambda+0x00000000282bf9e0
instanceKlass  @bci org/eclipse/aether/util/concurrency/RunnableErrorForwarder wrap (Ljava/lang/Runnable;)Ljava/lang/Runnable; 17 <appendix> member <vmtarget> ; # org/eclipse/aether/util/concurrency/RunnableErrorForwarder$$Lambda+0x00000000282f0468
instanceKlass java/util/concurrent/Executors$DefaultThreadFactory
instanceKlass java/util/concurrent/Executors
instanceKlass org/eclipse/aether/util/concurrency/WorkerThreadFactory
instanceKlass java/util/concurrent/ThreadPoolExecutor$AbortPolicy
instanceKlass java/util/concurrent/RejectedExecutionHandler
instanceKlass org/eclipse/aether/util/graph/visitor/TreeDependencyVisitor
instanceKlass org/eclipse/aether/util/graph/visitor/FilteringDependencyVisitor
instanceKlass org/eclipse/aether/internal/impl/ArtifactRequestBuilder
instanceKlass org/eclipse/aether/util/graph/transformer/NearestVersionSelector$ConflictGroup
instanceKlass org/eclipse/aether/util/graph/transformer/ConflictResolver$ConflictItem
instanceKlass org/eclipse/aether/util/graph/transformer/ConflictResolver$NodeInfo
instanceKlass org/eclipse/aether/util/graph/transformer/ConflictResolver$ScopeContext
instanceKlass org/eclipse/aether/util/graph/transformer/ConflictResolver$ConflictContext
instanceKlass org/eclipse/aether/util/graph/transformer/ConflictResolver$State
instanceKlass org/eclipse/aether/util/graph/transformer/ConflictIdSorter$RootQueue
instanceKlass org/eclipse/aether/util/graph/transformer/ConflictIdSorter$ConflictId
instanceKlass org/eclipse/aether/util/graph/transformer/ConflictMarker$ConflictGroup
instanceKlass org/eclipse/aether/util/graph/transformer/ConflictMarker$Key
instanceKlass org/eclipse/aether/util/graph/transformer/ConflictMarker
instanceKlass org/eclipse/aether/util/graph/transformer/ConflictIdSorter
instanceKlass org/eclipse/aether/util/graph/transformer/TransformationContextKeys
instanceKlass org/eclipse/aether/internal/impl/collect/DefaultDependencyGraphTransformationContext
# instanceKlass java/lang/invoke/LambdaForm$MH+0x00000000282ee400
# instanceKlass java/lang/invoke/LambdaForm$MH+0x00000000282ee000
# instanceKlass java/lang/invoke/LambdaForm$MH+0x00000000282edc00
# instanceKlass java/lang/invoke/LambdaForm$MH+0x00000000282ed800
instanceKlass org/eclipse/aether/util/graph/selector/ExclusionDependencySelector$ExclusionComparator
# instanceKlass java/lang/invoke/LambdaForm$DMH+0x00000000282ed400
# instanceKlass java/lang/invoke/LambdaForm$DMH+0x00000000282ed000
instanceKlass org/apache/maven/model/merge/ModelMerger$NotifierKeyComputer
instanceKlass  @bci org/apache/maven/model/building/DefaultModelBuilder lambda$getInterpolatedProfiles$0 (Lorg/apache/maven/model/profile/DefaultProfileActivationContext;Lorg/apache/maven/model/building/DefaultModelProblemCollector;Lorg/apache/maven/model/ActivationFile;)V 57 <appendix> member <vmtarget> ; # org/apache/maven/model/building/DefaultModelBuilder$$Lambda+0x00000000282e9790
instanceKlass  @bci org/apache/maven/model/building/DefaultModelBuilder lambda$getInterpolatedProfiles$0 (Lorg/apache/maven/model/profile/DefaultProfileActivationContext;Lorg/apache/maven/model/building/DefaultModelProblemCollector;Lorg/apache/maven/model/ActivationFile;)V 34 <appendix> member <vmtarget> ; # org/apache/maven/model/building/DefaultModelBuilder$$Lambda+0x00000000282e9550
instanceKlass  @bci org/apache/maven/model/building/DefaultModelBuilder lambda$getInterpolatedProfiles$0 (Lorg/apache/maven/model/profile/DefaultProfileActivationContext;Lorg/apache/maven/model/building/DefaultModelProblemCollector;Lorg/apache/maven/model/ActivationFile;)V 8 <appendix> member <vmtarget> ; # org/apache/maven/model/building/DefaultModelBuilder$$Lambda+0x00000000282e9320
instanceKlass org/apache/maven/artifact/handler/DefaultArtifactHandler$__sisu12$$FastClassByGuice$$183663987
instanceKlass org/eclipse/aether/collection/DependencyManagement
instanceKlass org/eclipse/aether/internal/impl/collect/DataPool$GraphKey
instanceKlass org/eclipse/aether/internal/impl/collect/DefaultDependencyCycle
instanceKlass org/eclipse/aether/internal/impl/collect/DataPool$Descriptor
instanceKlass  @bci org/eclipse/aether/internal/impl/collect/DataPool$HardInternPool intern (Ljava/lang/Object;Ljava/lang/Object;)Ljava/lang/Object; 6 <appendix> member <vmtarget> ; # org/eclipse/aether/internal/impl/collect/DataPool$HardInternPool$$Lambda+0x00000000282e8630
instanceKlass org/eclipse/aether/internal/impl/collect/DataPool$DescriptorKey
instanceKlass org/eclipse/aether/internal/impl/collect/DataPool$Constraint$VersionRepo
instanceKlass org/eclipse/aether/internal/impl/collect/DataPool$Constraint
instanceKlass org/eclipse/aether/internal/impl/collect/DataPool$ConstraintKey
instanceKlass org/eclipse/aether/internal/impl/collect/CollectStepDataImpl
instanceKlass org/eclipse/aether/collection/CollectStepData
instanceKlass org/eclipse/aether/graph/Dependency$Exclusions$1
instanceKlass  @bci org/eclipse/aether/util/graph/manager/ClassicDependencyManager deriveChildManager (Lorg/eclipse/aether/collection/DependencyCollectionContext;)Lorg/eclipse/aether/collection/DependencyManager; 420 <appendix> argL0 ; # org/eclipse/aether/util/graph/manager/ClassicDependencyManager$$Lambda+0x00000000282e5880
instanceKlass org/eclipse/aether/util/graph/manager/ClassicDependencyManager$Key
instanceKlass org/eclipse/aether/internal/impl/collect/df/NodeStack
instanceKlass org/eclipse/aether/graph/DependencyCycle
instanceKlass org/eclipse/aether/internal/impl/collect/DataPool$HardInternPool
instanceKlass org/eclipse/aether/internal/impl/collect/DataPool$WeakInternPool
instanceKlass org/eclipse/aether/internal/impl/collect/DataPool$InternPool
instanceKlass org/eclipse/aether/internal/impl/collect/CachingArtifactTypeRegistry
instanceKlass org/apache/maven/artifact/handler/DefaultArtifactHandler$__sisu16$$FastClassByGuice$$182707885
instanceKlass  @bci org/apache/maven/RepositoryUtils toDependency (Lorg/apache/maven/model/Dependency;Lorg/eclipse/aether/artifact/ArtifactTypeRegistry;)Lorg/eclipse/aether/graph/Dependency; 106 <appendix> argL0 ; # org/apache/maven/RepositoryUtils$$Lambda+0x00000000282e7630
instanceKlass  @bci org/apache/maven/RepositoryUtils toDependency (Lorg/apache/maven/artifact/Artifact;Ljava/util/Collection;)Lorg/eclipse/aether/graph/Dependency; 29 <appendix> argL0 ; # org/apache/maven/RepositoryUtils$$Lambda+0x00000000282e73e8
instanceKlass org/eclipse/aether/util/artifact/ArtifactIdUtils
instanceKlass org/apache/maven/project/DefaultDependencyResolutionRequest
instanceKlass org/apache/maven/lifecycle/internal/LifecycleDependencyResolver$ReactorDependencyFilter
instanceKlass org/eclipse/aether/util/filter/AndDependencyFilter
instanceKlass org/eclipse/aether/util/filter/ScopeDependencyFilter
instanceKlass  @bci org/apache/maven/project/artifact/DefaultProjectArtifactsCache createKey (Lorg/apache/maven/project/MavenProject;Ljava/util/Collection;Ljava/util/Collection;ZLorg/eclipse/aether/RepositorySystemSession;)Lorg/apache/maven/project/artifact/ProjectArtifactsCache$Key; 26 <appendix> argL0 ; # org/apache/maven/project/artifact/DefaultProjectArtifactsCache$$Lambda+0x00000000282e6470
instanceKlass org/apache/maven/project/artifact/DefaultProjectArtifactsCache$CacheKey
instanceKlass  @bci java/util/function/Predicate and (Ljava/util/function/Predicate;)Ljava/util/function/Predicate; 7 <appendix> member <vmtarget> ; # java/util/function/Predicate$$Lambda+0x00000000282be800
instanceKlass  @cpi java/util/function/Predicate 72 form vmentry <vmtarget> ; # java/lang/invoke/LambdaForm$DMH+0x00000000282e4400
instanceKlass  @bci org/apache/maven/artifact/resolver/filter/ExclusionArtifactFilter <init> (Ljava/util/List;)V 14 <appendix> argL0 ; # org/apache/maven/artifact/resolver/filter/ExclusionArtifactFilter$$Lambda+0x00000000282e6000
instanceKlass  @bci org/apache/maven/artifact/resolver/filter/ExclusionArtifactFilter <init> (Ljava/util/List;)V 5 <appendix> argL0 ; # org/apache/maven/artifact/resolver/filter/ExclusionArtifactFilter$$Lambda+0x00000000282e3cf8
instanceKlass org/apache/maven/artifact/resolver/filter/ExclusionArtifactFilter
instanceKlass org/apache/maven/lifecycle/internal/MojoExecutor$ProjectLock
instanceKlass org/apache/maven/project/MavenProject$LoggingList$1
instanceKlass  @bci org/apache/maven/plugin/internal/DefaultMavenPluginManager checkPrerequisites (Lorg/apache/maven/plugin/descriptor/PluginDescriptor;)V 14 <appendix> member <vmtarget> ; # org/apache/maven/plugin/internal/DefaultMavenPluginManager$$Lambda+0x00000000282e2dd0
instanceKlass  @cpi org/apache/maven/plugin/internal/DefaultMavenPluginManager 1250 form vmentry <vmtarget> ; # java/lang/invoke/LambdaForm$DMH+0x00000000282e4000
instanceKlass org/apache/maven/lifecycle/internal/MojoExecutor$1
instanceKlass org/apache/maven/lifecycle/internal/ExecutionPlanItem
instanceKlass org/codehaus/plexus/component/repository/ComponentRequirement
instanceKlass org/codehaus/plexus/component/repository/ComponentDependency
instanceKlass org/apache/maven/model/Notifier
instanceKlass  @bci org/apache/maven/lifecycle/internal/DefaultMojoExecutionConfigurator getUnknownParameters (Lorg/apache/maven/plugin/MojoExecution;Ljava/util/Set;)Ljava/util/Set; 21 <appendix> member <vmtarget> ; # org/apache/maven/lifecycle/internal/DefaultMojoExecutionConfigurator$$Lambda+0x00000000282e2008
instanceKlass  @bci org/apache/maven/lifecycle/internal/DefaultMojoExecutionConfigurator getUnknownParameters (Lorg/apache/maven/plugin/MojoExecution;Ljava/util/Set;)Ljava/util/Set; 10 <appendix> argL0 ; # org/apache/maven/lifecycle/internal/DefaultMojoExecutionConfigurator$$Lambda+0x00000000282e1dc0
instanceKlass  @bci org/apache/maven/lifecycle/internal/DefaultMojoExecutionConfigurator checkUnknownMojoConfigurationParameters (Lorg/apache/maven/plugin/MojoExecution;)V 54 <appendix> member <vmtarget> ; # org/apache/maven/lifecycle/internal/DefaultMojoExecutionConfigurator$$Lambda+0x00000000282e1b70
instanceKlass  @bci org/apache/maven/lifecycle/internal/DefaultMojoExecutionConfigurator checkUnknownMojoConfigurationParameters (Lorg/apache/maven/plugin/MojoExecution;)V 37 <appendix> argL0 ; # org/apache/maven/lifecycle/internal/DefaultMojoExecutionConfigurator$$Lambda+0x00000000282e1948
instanceKlass org/apache/maven/lifecycle/internal/DefaultMojoExecutionConfigurator$$FastClassByGuice$$181490445
instanceKlass org/apache/maven/execution/ProjectExecutionEvent
instanceKlass org/apache/maven/lifecycle/internal/CompoundProjectExecutionListener
instanceKlass org/apache/maven/lifecycle/internal/DefaultLifecycleMappingDelegate$$FastClassByGuice$$181130463
instanceKlass org/apache/maven/lifecycle/internal/DefaultLifecycleExecutionPlanCalculator$$FastClassByGuice$$179532990
instanceKlass org/apache/maven/project/artifact/DefaultProjectArtifactsCache$$FastClassByGuice$$179262858
instanceKlass org/apache/maven/artifact/factory/DefaultArtifactFactory$$FastClassByGuice$$178127447
instanceKlass org/apache/maven/lifecycle/internal/builder/singlethreaded/SingleThreadedBuilder$$FastClassByGuice$$176234183
instanceKlass org/apache/maven/graph/DefaultProjectDependencyGraph$MavenProjectComparator
instanceKlass org/apache/maven/graph/FilteredProjectDependencyGraph$Key
instanceKlass org/apache/maven/lifecycle/internal/GoalTask
instanceKlass org/apache/maven/plugin/prefix/internal/DefaultPluginPrefixResult
instanceKlass org/apache/maven/plugin/MavenPluginValidator
instanceKlass  @bci org/apache/maven/plugin/descriptor/PluginDescriptorBuilder extractRequiredJavaVersion (Lorg/codehaus/plexus/configuration/PlexusConfiguration;)Ljava/util/Optional; 12 <appendix> argL0 ; # org/apache/maven/plugin/descriptor/PluginDescriptorBuilder$$Lambda+0x00000000282e0268
instanceKlass org/codehaus/plexus/configuration/DefaultPlexusConfiguration
instanceKlass  @bci org/apache/maven/plugin/internal/PlexusContainerDefaultDependenciesValidator doValidate (Lorg/eclipse/aether/RepositorySystemSession;Lorg/eclipse/aether/artifact/Artifact;Lorg/eclipse/aether/resolution/ArtifactDescriptorResult;)V 19 <appendix> argL0 ; # org/apache/maven/plugin/internal/PlexusContainerDefaultDependenciesValidator$$Lambda+0x00000000282def78
instanceKlass  @bci org/apache/maven/plugin/internal/PlexusContainerDefaultDependenciesValidator doValidate (Lorg/eclipse/aether/RepositorySystemSession;Lorg/eclipse/aether/artifact/Artifact;Lorg/eclipse/aether/resolution/ArtifactDescriptorResult;)V 9 <appendix> argL0 ; # org/apache/maven/plugin/internal/PlexusContainerDefaultDependenciesValidator$$Lambda+0x00000000282ded20
instanceKlass  @bci org/apache/maven/plugin/internal/MavenScopeDependenciesValidator doValidate (Lorg/eclipse/aether/RepositorySystemSession;Lorg/eclipse/aether/artifact/Artifact;Lorg/eclipse/aether/resolution/ArtifactDescriptorResult;)V 59 <appendix> argL0 ; # org/apache/maven/plugin/internal/MavenScopeDependenciesValidator$$Lambda+0x00000000282dead8
instanceKlass  @bci org/apache/maven/plugin/internal/MavenScopeDependenciesValidator doValidate (Lorg/eclipse/aether/RepositorySystemSession;Lorg/eclipse/aether/artifact/Artifact;Lorg/eclipse/aether/resolution/ArtifactDescriptorResult;)V 49 <appendix> argL0 ; # org/apache/maven/plugin/internal/MavenScopeDependenciesValidator$$Lambda+0x00000000282de880
instanceKlass  @bci org/apache/maven/plugin/internal/MavenScopeDependenciesValidator doValidate (Lorg/eclipse/aether/RepositorySystemSession;Lorg/eclipse/aether/artifact/Artifact;Lorg/eclipse/aether/resolution/ArtifactDescriptorResult;)V 39 <appendix> argL0 ; # org/apache/maven/plugin/internal/MavenScopeDependenciesValidator$$Lambda+0x00000000282de628
instanceKlass  @bci org/apache/maven/plugin/internal/MavenScopeDependenciesValidator doValidate (Lorg/eclipse/aether/RepositorySystemSession;Lorg/eclipse/aether/artifact/Artifact;Lorg/eclipse/aether/resolution/ArtifactDescriptorResult;)V 29 <appendix> argL0 ; # org/apache/maven/plugin/internal/MavenScopeDependenciesValidator$$Lambda+0x00000000282de3d0
instanceKlass  @bci org/apache/maven/plugin/internal/MavenScopeDependenciesValidator doValidate (Lorg/eclipse/aether/RepositorySystemSession;Lorg/eclipse/aether/artifact/Artifact;Lorg/eclipse/aether/resolution/ArtifactDescriptorResult;)V 19 <appendix> argL0 ; # org/apache/maven/plugin/internal/MavenScopeDependenciesValidator$$Lambda+0x00000000282de188
instanceKlass  @bci org/apache/maven/plugin/internal/MavenScopeDependenciesValidator doValidate (Lorg/eclipse/aether/RepositorySystemSession;Lorg/eclipse/aether/artifact/Artifact;Lorg/eclipse/aether/resolution/ArtifactDescriptorResult;)V 9 <appendix> argL0 ; # org/apache/maven/plugin/internal/MavenScopeDependenciesValidator$$Lambda+0x00000000282ddf30
instanceKlass  @bci org/apache/maven/plugin/internal/MavenMixedDependenciesValidator doValidate (Lorg/eclipse/aether/RepositorySystemSession;Lorg/eclipse/aether/artifact/Artifact;Lorg/eclipse/aether/resolution/ArtifactDescriptorResult;)V 39 <appendix> argL0 ; # org/apache/maven/plugin/internal/MavenMixedDependenciesValidator$$Lambda+0x00000000282ddce8
instanceKlass  @bci org/apache/maven/plugin/internal/MavenMixedDependenciesValidator doValidate (Lorg/eclipse/aether/RepositorySystemSession;Lorg/eclipse/aether/artifact/Artifact;Lorg/eclipse/aether/resolution/ArtifactDescriptorResult;)V 29 <appendix> argL0 ; # org/apache/maven/plugin/internal/MavenMixedDependenciesValidator$$Lambda+0x00000000282dda90
instanceKlass  @bci org/apache/maven/plugin/internal/MavenMixedDependenciesValidator doValidate (Lorg/eclipse/aether/RepositorySystemSession;Lorg/eclipse/aether/artifact/Artifact;Lorg/eclipse/aether/resolution/ArtifactDescriptorResult;)V 19 <appendix> argL0 ; # org/apache/maven/plugin/internal/MavenMixedDependenciesValidator$$Lambda+0x00000000282dd838
instanceKlass  @bci org/apache/maven/plugin/internal/MavenMixedDependenciesValidator doValidate (Lorg/eclipse/aether/RepositorySystemSession;Lorg/eclipse/aether/artifact/Artifact;Lorg/eclipse/aether/resolution/ArtifactDescriptorResult;)V 9 <appendix> argL0 ; # org/apache/maven/plugin/internal/MavenMixedDependenciesValidator$$Lambda+0x00000000282dd5f0
instanceKlass  @bci org/apache/maven/plugin/internal/Maven2DependenciesValidator doValidate (Lorg/eclipse/aether/RepositorySystemSession;Lorg/eclipse/aether/artifact/Artifact;Lorg/eclipse/aether/resolution/ArtifactDescriptorResult;)V 49 <appendix> argL0 ; # org/apache/maven/plugin/internal/Maven2DependenciesValidator$$Lambda+0x00000000282dd398
instanceKlass  @bci org/apache/maven/plugin/internal/Maven2DependenciesValidator doValidate (Lorg/eclipse/aether/RepositorySystemSession;Lorg/eclipse/aether/artifact/Artifact;Lorg/eclipse/aether/resolution/ArtifactDescriptorResult;)V 39 <appendix> argL0 ; # org/apache/maven/plugin/internal/Maven2DependenciesValidator$$Lambda+0x00000000282dd150
instanceKlass  @bci org/apache/maven/plugin/internal/Maven2DependenciesValidator doValidate (Lorg/eclipse/aether/RepositorySystemSession;Lorg/eclipse/aether/artifact/Artifact;Lorg/eclipse/aether/resolution/ArtifactDescriptorResult;)V 29 <appendix> argL0 ; # org/apache/maven/plugin/internal/Maven2DependenciesValidator$$Lambda+0x00000000282dcef8
instanceKlass  @bci org/apache/maven/plugin/internal/Maven2DependenciesValidator doValidate (Lorg/eclipse/aether/RepositorySystemSession;Lorg/eclipse/aether/artifact/Artifact;Lorg/eclipse/aether/resolution/ArtifactDescriptorResult;)V 19 <appendix> argL0 ; # org/apache/maven/plugin/internal/Maven2DependenciesValidator$$Lambda+0x00000000282dcca0
instanceKlass  @bci org/apache/maven/plugin/internal/Maven2DependenciesValidator doValidate (Lorg/eclipse/aether/RepositorySystemSession;Lorg/eclipse/aether/artifact/Artifact;Lorg/eclipse/aether/resolution/ArtifactDescriptorResult;)V 9 <appendix> argL0 ; # org/apache/maven/plugin/internal/Maven2DependenciesValidator$$Lambda+0x00000000282dca58
instanceKlass org/apache/maven/model/io/xpp3/MavenXpp3Reader$1
instanceKlass org/apache/maven/model/io/xpp3/MavenXpp3Reader$ContentTransformer
instanceKlass org/apache/maven/model/io/xpp3/MavenXpp3Reader
instanceKlass org/apache/maven/repository/internal/DefaultModelResolver
instanceKlass  @bci org/apache/maven/plugin/internal/DefaultMavenPluginManager getPluginDescriptor (Lorg/apache/maven/model/Plugin;Ljava/util/List;Lorg/eclipse/aether/RepositorySystemSession;)Lorg/apache/maven/plugin/descriptor/PluginDescriptor; 24 <appendix> member <vmtarget> ; # org/apache/maven/plugin/internal/DefaultMavenPluginManager$$Lambda+0x00000000282dbb00
instanceKlass  @bci org/apache/maven/plugin/DefaultPluginDescriptorCache createKey (Lorg/apache/maven/model/Plugin;Ljava/util/List;Lorg/eclipse/aether/RepositorySystemSession;)Lorg/apache/maven/plugin/PluginDescriptorCache$Key; 14 <appendix> argL0 ; # org/apache/maven/plugin/DefaultPluginDescriptorCache$$Lambda+0x00000000282db8b8
instanceKlass org/apache/maven/plugin/DefaultPluginDescriptorCache$CacheKey
instanceKlass  @bci org/apache/maven/plugin/prefix/internal/DefaultPluginPrefixResolver resolveFromProject (Lorg/apache/maven/plugin/prefix/PluginPrefixRequest;Ljava/util/List;Ljava/util/List;)Lorg/apache/maven/plugin/prefix/PluginPrefixResult; 65 <appendix> member <vmtarget> ; # org/apache/maven/plugin/prefix/internal/DefaultPluginPrefixResolver$$Lambda+0x00000000282db460
instanceKlass  @bci org/apache/maven/plugin/prefix/internal/DefaultPluginPrefixResolver resolveFromProject (Lorg/apache/maven/plugin/prefix/PluginPrefixRequest;Ljava/util/List;Ljava/util/List;)Lorg/apache/maven/plugin/prefix/PluginPrefixResult; 48 <appendix> member <vmtarget> ; # org/apache/maven/plugin/prefix/internal/DefaultPluginPrefixResolver$$Lambda+0x00000000282db200
instanceKlass  @bci org/apache/maven/plugin/prefix/internal/DefaultPluginPrefixResolver resolve (Lorg/apache/maven/plugin/prefix/PluginPrefixRequest;)Lorg/apache/maven/plugin/prefix/PluginPrefixResult; 160 <appendix> member <vmtarget> ; # org/apache/maven/plugin/prefix/internal/DefaultPluginPrefixResolver$$Lambda+0x00000000282dafc0
instanceKlass  @bci java/util/stream/Collectors mapping (Ljava/util/function/Function;Ljava/util/stream/Collector;)Ljava/util/stream/Collector; 19 <appendix> member <vmtarget> ; # java/util/stream/Collectors$$Lambda+0x000000002828d8f8
instanceKlass  @bci org/apache/maven/plugin/prefix/internal/DefaultPluginPrefixResolver resolve (Lorg/apache/maven/plugin/prefix/PluginPrefixRequest;)Lorg/apache/maven/plugin/prefix/PluginPrefixResult; 128 <appendix> argL0 ; # org/apache/maven/plugin/prefix/internal/DefaultPluginPrefixResolver$$Lambda+0x00000000282dad78
instanceKlass  @bci org/apache/maven/plugin/prefix/internal/DefaultPluginPrefixResolver resolve (Lorg/apache/maven/plugin/prefix/PluginPrefixRequest;)Lorg/apache/maven/plugin/prefix/PluginPrefixResult; 123 <appendix> argL0 ; # org/apache/maven/plugin/prefix/internal/DefaultPluginPrefixResolver$$Lambda+0x00000000282dab50
instanceKlass  @bci org/apache/maven/plugin/prefix/internal/DefaultPluginPrefixResolver resolve (Lorg/apache/maven/plugin/prefix/PluginPrefixRequest;)Lorg/apache/maven/plugin/prefix/PluginPrefixResult; 118 <appendix> argL0 ; # org/apache/maven/plugin/prefix/internal/DefaultPluginPrefixResolver$$Lambda+0x00000000282da908
instanceKlass  @bci org/apache/maven/plugin/prefix/internal/DefaultPluginPrefixResolver resolve (Lorg/apache/maven/plugin/prefix/PluginPrefixRequest;)Lorg/apache/maven/plugin/prefix/PluginPrefixResult; 108 <appendix> member <vmtarget> ; # org/apache/maven/plugin/prefix/internal/DefaultPluginPrefixResolver$$Lambda+0x00000000282da6a8
instanceKlass  @bci org/apache/maven/plugin/prefix/internal/DefaultPluginPrefixResolver resolve (Lorg/apache/maven/plugin/prefix/PluginPrefixRequest;)Lorg/apache/maven/plugin/prefix/PluginPrefixResult; 97 <appendix> argL0 ; # org/apache/maven/plugin/prefix/internal/DefaultPluginPrefixResolver$$Lambda+0x00000000282da460
instanceKlass org/apache/maven/plugin/prefix/DefaultPluginPrefixRequest
instanceKlass  @bci org/apache/maven/plugin/internal/DefaultPluginValidationManager validationPluginExcludes (Lorg/eclipse/aether/RepositorySystemSession;)Ljava/util/List; 11 <appendix> member <vmtarget> ; # org/apache/maven/plugin/internal/DefaultPluginValidationManager$$Lambda+0x00000000282d9b40
instanceKlass  @bci org/apache/maven/plugin/internal/DefaultPluginValidationManager validationReportLevel (Lorg/eclipse/aether/RepositorySystemSession;)Lorg/apache/maven/plugin/internal/DefaultPluginValidationManager$ValidationReportLevel; 10 <appendix> member <vmtarget> ; # org/apache/maven/plugin/internal/DefaultPluginValidationManager$$Lambda+0x00000000282d9910
instanceKlass  @bci org/apache/maven/graph/FilteredProjectDependencyGraph <init> (Lorg/apache/maven/execution/ProjectDependencyGraph;Ljava/util/Collection;)V 103 <appendix> member <vmtarget> ; # org/apache/maven/graph/FilteredProjectDependencyGraph$$Lambda+0x00000000282d96b0
instanceKlass org/apache/maven/graph/FilteredProjectDependencyGraph
instanceKlass org/apache/maven/internal/aether/MavenChainedWorkspaceReader
instanceKlass  @bci java/util/stream/Collectors lambda$groupingBy$0 (Ljava/util/function/Function;Ljava/util/function/Supplier;Ljava/util/function/BiConsumer;Ljava/util/Map;Ljava/lang/Object;)V 20 <appendix> member <vmtarget> ; # java/util/stream/Collectors$$Lambda+0x00000000282be5b0
instanceKlass  @bci java/util/stream/Collectors groupingBy (Ljava/util/function/Function;Ljava/util/function/Supplier;Ljava/util/stream/Collector;)Ljava/util/stream/Collector; 19 <appendix> member <vmtarget> ; # java/util/stream/Collectors$$Lambda+0x000000002828d468
instanceKlass  @bci java/util/stream/Collectors groupingBy (Ljava/util/function/Function;Ljava/util/stream/Collector;)Ljava/util/stream/Collector; 1 <appendix> argL0 ; # java/util/stream/Collectors$$Lambda+0x00000000282ab388
instanceKlass  @bci org/apache/maven/ReactorReader <init> (Lorg/apache/maven/execution/MavenSession;)V 14 <appendix> argL0 ; # org/apache/maven/ReactorReader$$Lambda+0x00000000282d8da8
instanceKlass  @bci org/apache/maven/ReactorReader <init> (Lorg/apache/maven/execution/MavenSession;)V 5 <appendix> argL0 ; # org/apache/maven/ReactorReader$$Lambda+0x00000000282d8b60
instanceKlass  @bci org/apache/maven/session/scope/internal/SessionScope$ScopeState scope (Lcom/google/inject/Key;Lcom/google/inject/Provider;)Lcom/google/inject/Provider; 6 <appendix> member <vmtarget> ; # org/apache/maven/session/scope/internal/SessionScope$ScopeState$$Lambda+0x00000000282d8910
instanceKlass  @bci org/apache/maven/execution/MavenSession setProjects (Ljava/util/List;)V 40 <appendix> argL0 ; # org/apache/maven/execution/MavenSession$$Lambda+0x00000000282d86b8
instanceKlass  @bci org/apache/maven/execution/MavenSession setProjects (Ljava/util/List;)V 22 <appendix> member <vmtarget> ; # org/apache/maven/execution/MavenSession$$Lambda+0x00000000282d8488
instanceKlass org/codehaus/plexus/util/dag/TopologicalSorter
instanceKlass org/codehaus/plexus/util/dag/Vertex
instanceKlass org/codehaus/plexus/util/dag/DAG
instanceKlass org/apache/maven/project/ProjectSorter
instanceKlass org/apache/maven/graph/DefaultProjectDependencyGraph
instanceKlass org/apache/maven/project/DefaultProjectBuildingResult
instanceKlass org/apache/maven/lifecycle/mapping/DefaultLifecycleMapping$$FastClassByGuice$$175346372
instanceKlass org/apache/maven/model/Site
instanceKlass java/util/stream/Streams$RangeIntSpliterator
instanceKlass  @bci org/apache/maven/model/building/DefaultModelBuilder lambda$getInterpolatedProfiles$4 (Lorg/apache/maven/model/Activation;Lorg/codehaus/plexus/interpolation/RegexBasedInterpolator;Lorg/apache/maven/model/building/DefaultModelProblemCollector;Ljava/lang/String;)V 32 <appendix> member <vmtarget> ; # org/apache/maven/model/building/DefaultModelBuilder$$Lambda+0x00000000282d7130
instanceKlass  @bci org/apache/maven/model/building/DefaultModelBuilder lambda$getInterpolatedProfiles$4 (Lorg/apache/maven/model/Activation;Lorg/codehaus/plexus/interpolation/RegexBasedInterpolator;Lorg/apache/maven/model/building/DefaultModelProblemCollector;Ljava/lang/String;)V 12 <appendix> member <vmtarget> ; # org/apache/maven/model/building/DefaultModelBuilder$$Lambda+0x00000000282d6f00
instanceKlass org/apache/maven/lifecycle/Lifecycle$__sisu8$$FastClassByGuice$$174513847
instanceKlass org/apache/maven/lifecycle/Lifecycle$__sisu7$$FastClassByGuice$$173546724
instanceKlass org/apache/maven/lifecycle/mapping/LifecycleMojo
instanceKlass org/apache/maven/lifecycle/mapping/DefaultLifecycleMapping$__sisu1$$FastClassByGuice$$172779100
instanceKlass org/apache/maven/lifecycle/mapping/Lifecycle
instanceKlass org/apache/maven/model/building/DefaultModelBuildingEvent
instanceKlass org/apache/maven/model/building/ModelBuildingEventCatapult$1
instanceKlass org/apache/maven/project/DefaultProjectBuilder$InterimResult
instanceKlass org/apache/maven/artifact/handler/DefaultArtifactHandler$__sisu13$$FastClassByGuice$$171632524
instanceKlass org/apache/maven/artifact/versioning/Restriction
# instanceKlass java/lang/invoke/LambdaForm$MH+0x00000000282d3400
# instanceKlass java/lang/invoke/LambdaForm$MH+0x00000000282d3000
# instanceKlass java/lang/invoke/LambdaForm$MH+0x00000000282d2c00
# instanceKlass java/lang/invoke/LambdaForm$BMH+0x00000000282d2800
# instanceKlass java/lang/invoke/LambdaForm$DMH+0x00000000282d2400
# instanceKlass java/lang/invoke/LambdaForm$MH+0x00000000282d2000
# instanceKlass java/lang/invoke/LambdaForm$DMH+0x00000000282d1c00
instanceKlass java/lang/invoke/ClassSpecializer$Factory$1$5$1
instanceKlass java/lang/invoke/ClassSpecializer$Factory$1$5
instanceKlass java/lang/invoke/ClassSpecializer$Factory$1$4
instanceKlass java/lang/invoke/ClassSpecializer$Factory$1$3
instanceKlass java/lang/invoke/ClassSpecializer$Factory$1$2
instanceKlass java/lang/invoke/ClassSpecializer$Factory$1$1Var
instanceKlass java/lang/invoke/ClassSpecializer$Factory$1$1
instanceKlass java/lang/invoke/ClassSpecializer$Factory$1
instanceKlass java/lang/invoke/MethodHandles$1
instanceKlass sun/invoke/util/ValueConversions$1
# instanceKlass java/lang/invoke/LambdaForm$DMH+0x00000000282d1800
# instanceKlass java/lang/invoke/LambdaForm$MH+0x00000000282d1400
# instanceKlass java/lang/invoke/LambdaForm$MH+0x00000000282d1000
# instanceKlass java/lang/invoke/LambdaForm$MH+0x00000000282d0400
instanceKlass org/apache/maven/artifact/handler/DefaultArtifactHandler$__sisu9$$FastClassByGuice$$170451331
instanceKlass org/apache/maven/artifact/versioning/ComparableVersion$StringItem
instanceKlass org/apache/maven/artifact/ArtifactUtils
instanceKlass org/apache/maven/artifact/DefaultArtifact
instanceKlass org/apache/maven/artifact/handler/DefaultArtifactHandler$$FastClassByGuice$$169565411
instanceKlass org/apache/maven/artifact/versioning/ComparableVersion$IntItem
instanceKlass org/apache/maven/artifact/versioning/ComparableVersion$Item
instanceKlass org/apache/maven/artifact/versioning/ComparableVersion
instanceKlass org/apache/maven/artifact/versioning/DefaultArtifactVersion
instanceKlass org/apache/maven/repository/internal/ArtifactDescriptorUtils
instanceKlass  @bci org/apache/maven/model/building/DefaultModelBuilder interpolateModel (Lorg/apache/maven/model/Model;Lorg/apache/maven/model/building/ModelBuildingRequest;Lorg/apache/maven/model/building/ModelProblemCollector;)Lorg/apache/maven/model/Model; 219 <appendix> member <vmtarget> ; # org/apache/maven/model/building/DefaultModelBuilder$$Lambda+0x00000000282d4000
instanceKlass  @cpi org/apache/maven/model/building/DefaultModelBuilder 1548 form vmentry <vmtarget> ; # java/lang/invoke/LambdaForm$DMH+0x00000000282d0000
instanceKlass java/util/function/IntConsumer
instanceKlass java/util/Spliterator$OfInt
instanceKlass java/util/Spliterator$OfPrimitive
instanceKlass java/util/stream/IntStream
instanceKlass org/apache/maven/model/Extension
instanceKlass org/codehaus/plexus/interpolation/util/StringUtils
instanceKlass org/apache/maven/model/DistributionManagement
instanceKlass org/apache/maven/model/CiManagement
instanceKlass org/apache/maven/model/Organization
instanceKlass org/apache/maven/model/Prerequisites
instanceKlass org/apache/maven/model/MailingList
instanceKlass org/codehaus/plexus/interpolation/reflection/MethodMap
instanceKlass org/codehaus/plexus/interpolation/reflection/ClassMap$CacheMiss
instanceKlass org/codehaus/plexus/interpolation/reflection/ClassMap
instanceKlass org/codehaus/plexus/interpolation/reflection/ReflectionValueExtractor$Tokenizer
instanceKlass org/codehaus/plexus/interpolation/reflection/ReflectionValueExtractor
instanceKlass org/codehaus/plexus/interpolation/util/ValueSourceUtils
instanceKlass org/apache/maven/model/interpolation/StringVisitorModelInterpolator$ModelVisitor
instanceKlass org/apache/maven/model/interpolation/StringVisitorModelInterpolator$1
instanceKlass org/codehaus/plexus/interpolation/PrefixAwareRecursionInterceptor
instanceKlass org/apache/maven/model/interpolation/UrlNormalizingPostProcessor
instanceKlass org/apache/maven/model/interpolation/PathTranslatingPostProcessor
instanceKlass sun/util/resources/LocaleData$LocaleDataResourceBundleProvider
instanceKlass java/util/spi/ResourceBundleProvider
instanceKlass org/apache/maven/model/interpolation/MavenBuildTimestamp
instanceKlass org/apache/maven/model/interpolation/ProblemDetectingValueSource
instanceKlass org/codehaus/plexus/interpolation/PrefixedValueSourceWrapper
instanceKlass org/codehaus/plexus/interpolation/FeedbackEnabledValueSource
instanceKlass org/codehaus/plexus/interpolation/AbstractDelegatingValueSource
instanceKlass org/codehaus/plexus/interpolation/QueryEnabledValueSource
instanceKlass org/apache/maven/model/merge/ModelMerger$ExtensionKeyComputer
instanceKlass org/apache/maven/model/merge/ModelMerger$ResourceKeyComputer
instanceKlass org/apache/maven/model/merge/ModelMerger$SourceDominant
instanceKlass org/apache/maven/model/merge/ModelMerger$DependencyKeyComputer
instanceKlass  @bci org/apache/maven/model/building/DefaultModelBuilder lambda$getInterpolatedProfiles$3 (Lorg/codehaus/plexus/interpolation/RegexBasedInterpolator;Lorg/apache/maven/model/building/DefaultModelProblemCollector;Lorg/apache/maven/model/ActivationProperty;)V 61 <appendix> member <vmtarget> ; # org/apache/maven/model/building/DefaultModelBuilder$$Lambda+0x00000000282cdb20
instanceKlass  @bci org/apache/maven/model/building/DefaultModelBuilder lambda$getInterpolatedProfiles$3 (Lorg/codehaus/plexus/interpolation/RegexBasedInterpolator;Lorg/apache/maven/model/building/DefaultModelProblemCollector;Lorg/apache/maven/model/ActivationProperty;)V 38 <appendix> member <vmtarget> ; # org/apache/maven/model/building/DefaultModelBuilder$$Lambda+0x00000000282cd8e0
instanceKlass  @bci org/apache/maven/model/building/DefaultModelBuilder lambda$getInterpolatedProfiles$3 (Lorg/codehaus/plexus/interpolation/RegexBasedInterpolator;Lorg/apache/maven/model/building/DefaultModelProblemCollector;Lorg/apache/maven/model/ActivationProperty;)V 12 <appendix> member <vmtarget> ; # org/apache/maven/model/building/DefaultModelBuilder$$Lambda+0x00000000282cd6b0
instanceKlass org/apache/maven/model/building/DefaultModelBuilder$InterpolateString
instanceKlass org/apache/maven/model/building/DefaultModelBuilder$1Interpolation
instanceKlass org/apache/maven/model/Exclusion
instanceKlass org/apache/maven/model/DependencyManagement
instanceKlass  @bci org/apache/maven/model/building/DefaultModelBuilder getInterpolatedProfiles (Lorg/apache/maven/model/Model;Lorg/apache/maven/model/profile/DefaultProfileActivationContext;Lorg/apache/maven/model/building/DefaultModelProblemCollector;)Ljava/util/List; 205 <appendix> member <vmtarget> ; # org/apache/maven/model/building/DefaultModelBuilder$$Lambda+0x00000000282ccb58
instanceKlass  @cpi com/sun/tools/javac/comp/Modules 1588 form vmentry <vmtarget> ; # java/lang/invoke/LambdaForm$DMH+0x00000000282c8400
instanceKlass  @bci org/apache/maven/model/building/DefaultModelBuilder getInterpolatedProfiles (Lorg/apache/maven/model/Model;Lorg/apache/maven/model/profile/DefaultProfileActivationContext;Lorg/apache/maven/model/building/DefaultModelProblemCollector;)Ljava/util/List; 191 <appendix> argL0 ; # org/apache/maven/model/building/DefaultModelBuilder$$Lambda+0x00000000282cc910
instanceKlass  @bci org/apache/maven/model/building/DefaultModelBuilder getInterpolatedProfiles (Lorg/apache/maven/model/Model;Lorg/apache/maven/model/profile/DefaultProfileActivationContext;Lorg/apache/maven/model/building/DefaultModelProblemCollector;)Ljava/util/List; 181 <appendix> member <vmtarget> ; # org/apache/maven/model/building/DefaultModelBuilder$$Lambda+0x00000000282cc6d0
instanceKlass  @bci org/apache/maven/model/building/DefaultModelBuilder getInterpolatedProfiles (Lorg/apache/maven/model/Model;Lorg/apache/maven/model/profile/DefaultProfileActivationContext;Lorg/apache/maven/model/building/DefaultModelProblemCollector;)Ljava/util/List; 169 <appendix> argL0 ; # org/apache/maven/model/building/DefaultModelBuilder$$Lambda+0x00000000282cc488
instanceKlass  @bci org/apache/maven/model/building/DefaultModelBuilder getInterpolatedProfiles (Lorg/apache/maven/model/Model;Lorg/apache/maven/model/profile/DefaultProfileActivationContext;Lorg/apache/maven/model/building/DefaultModelProblemCollector;)Ljava/util/List; 159 <appendix> member <vmtarget> ; # org/apache/maven/model/building/DefaultModelBuilder$$Lambda+0x00000000282cc248
instanceKlass  @bci org/apache/maven/model/building/DefaultModelBuilder getInterpolatedProfiles (Lorg/apache/maven/model/Model;Lorg/apache/maven/model/profile/DefaultProfileActivationContext;Lorg/apache/maven/model/building/DefaultModelProblemCollector;)Ljava/util/List; 147 <appendix> argL0 ; # org/apache/maven/model/building/DefaultModelBuilder$$Lambda+0x00000000282cc000
instanceKlass  @bci org/apache/maven/model/building/DefaultModelBuilder getInterpolatedProfiles (Lorg/apache/maven/model/Model;Lorg/apache/maven/model/profile/DefaultProfileActivationContext;Lorg/apache/maven/model/building/DefaultModelProblemCollector;)Ljava/util/List; 137 <appendix> member <vmtarget> ; # org/apache/maven/model/building/DefaultModelBuilder$$Lambda+0x00000000282c3be8
instanceKlass  @cpi com/sun/tools/javac/comp/Annotate 1365 form vmentry <vmtarget> ; # java/lang/invoke/LambdaForm$DMH+0x00000000282c8000
instanceKlass  @bci org/apache/maven/model/building/DefaultModelBuilder getInterpolatedProfiles (Lorg/apache/maven/model/Model;Lorg/apache/maven/model/profile/DefaultProfileActivationContext;Lorg/apache/maven/model/building/DefaultModelProblemCollector;)Ljava/util/List; 126 <appendix> argL0 ; # org/apache/maven/model/building/DefaultModelBuilder$$Lambda+0x00000000282c39a0
instanceKlass org/apache/maven/model/IssueManagement
instanceKlass org/apache/maven/model/building/FilterModelBuildingRequest
instanceKlass  @bci org/eclipse/aether/internal/impl/DefaultUpdateCheckManager setUpdated (Lorg/eclipse/aether/RepositorySystemSession;Ljava/lang/Object;)V 21 <appendix> argL0 ; # org/eclipse/aether/internal/impl/DefaultUpdateCheckManager$$Lambda+0x00000000282c77f0
instanceKlass  @bci java/util/Map$Entry comparingByKey ()Ljava/util/Comparator; 0 <appendix> argL0 ; # java/util/Map$Entry$$Lambda+0x00000000282baf68
instanceKlass java/util/Formatter$FormatSpecifierParser
instanceKlass  @bci sun/util/cldr/CLDRTimeZoneNameProviderImpl toGMTFormat (Ljava/lang/String;ZLjava/util/Locale;)Ljava/lang/String; 115 <appendix> argL0 ; # sun/util/cldr/CLDRTimeZoneNameProviderImpl$$Lambda+0x00000000282ba8e0
instanceKlass  @bci sun/util/cldr/CLDRTimeZoneNameProviderImpl toGMTFormat (Ljava/lang/String;ZLjava/util/Locale;)Ljava/lang/String; 107 <appendix> argL0 ; # sun/util/cldr/CLDRTimeZoneNameProviderImpl$$Lambda+0x00000000282ba698
instanceKlass java/lang/invoke/TypeConvertingMethodAdapter$BoxHolder
instanceKlass  @cpi sun/util/cldr/CLDRTimeZoneNameProviderImpl 479 form vmentry <vmtarget> ; # java/lang/invoke/LambdaForm$DMH+0x00000000282c2c00
instanceKlass  @bci sun/util/cldr/CLDRTimeZoneNameProviderImpl toGMTFormat (Ljava/lang/String;ZLjava/util/Locale;)Ljava/lang/String; 99 <appendix> member <vmtarget> ; # sun/util/cldr/CLDRTimeZoneNameProviderImpl$$Lambda+0x00000000282ba238
instanceKlass java/util/Collections$UnmodifiableList$1
instanceKlass java/util/ReverseOrderListView$DescendingIterator
instanceKlass java/util/stream/WhileOps$DropWhileSink
instanceKlass  @bci sun/util/cldr/CLDRTimeZoneNameProviderImpl toGMTFormat (Ljava/lang/String;ZLjava/util/Locale;)Ljava/lang/String; 82 <appendix> member <vmtarget> ; # sun/util/cldr/CLDRTimeZoneNameProviderImpl$$Lambda+0x00000000282b9590
instanceKlass java/util/stream/WhileOps$DropWhileOp
instanceKlass java/util/stream/WhileOps
instanceKlass  @bci sun/util/cldr/CLDRTimeZoneNameProviderImpl toGMTFormat (Ljava/lang/String;ZLjava/util/Locale;)Ljava/lang/String; 70 <appendix> member <vmtarget> ; # sun/util/cldr/CLDRTimeZoneNameProviderImpl$$Lambda+0x00000000282b89b8
instanceKlass java/util/ReverseOrderListView
instanceKlass java/time/Clock
instanceKlass java/time/InstantSource
instanceKlass  @bci com/sun/tools/javac/util/Options getBoolean (Ljava/lang/String;Z)Z 4 <adapter> ; # java/lang/invoke/LambdaForm$MH+0x00000000282c2800
instanceKlass  @bci com/sun/tools/javac/util/Options getBoolean (Ljava/lang/String;Z)Z 4 <appendix> form vmentry <vmtarget> ; # java/lang/invoke/LambdaForm$DMH+0x00000000282c2400
instanceKlass  @bci sun/util/cldr/CLDRTimeZoneNameProviderImpl deriveFallbackName ([Ljava/lang/String;ILjava/util/Locale;Z)V 176 <appendix> member <vmtarget> ; # sun/util/cldr/CLDRTimeZoneNameProviderImpl$$Lambda+0x00000000282b7b48
instanceKlass sun/util/cldr/CLDRBaseLocaleDataMetaInfo$CLDRMapHolder
instanceKlass  @bci java/time/format/DateTimeFormatter <clinit> ()V 1075 <appendix> argL0 ; # java/time/format/DateTimeFormatter$$Lambda+0x80000001f
instanceKlass  @bci java/time/format/DateTimeFormatter <clinit> ()V 1067 <appendix> argL0 ; # java/time/format/DateTimeFormatter$$Lambda+0x80000001e
instanceKlass java/time/Period
instanceKlass java/time/chrono/ChronoPeriod
instanceKlass java/time/format/DateTimeFormatterBuilder$TextPrinterParser
instanceKlass java/time/format/DateTimeTextProvider$1
instanceKlass java/time/format/DateTimeTextProvider
instanceKlass java/time/format/DateTimeTextProvider$LocaleStore
instanceKlass java/time/format/DateTimeFormatterBuilder$InstantPrinterParser
instanceKlass java/time/format/DateTimeFormatterBuilder$StringLiteralPrinterParser
instanceKlass java/time/temporal/IsoFields
instanceKlass java/time/format/DateTimeFormatterBuilder$ZoneIdPrinterParser
instanceKlass java/time/format/DateTimeFormatterBuilder$OffsetIdPrinterParser
instanceKlass java/time/format/DecimalStyle
instanceKlass java/time/format/DateTimeFormatterBuilder$CharLiteralPrinterParser
instanceKlass java/time/format/DateTimeFormatter
instanceKlass java/time/format/DateTimeFormatterBuilder$CompositePrinterParser
instanceKlass java/time/format/DateTimeFormatterBuilder$NumberPrinterParser
instanceKlass java/time/format/DateTimeFormatterBuilder$DateTimePrinterParser
instanceKlass  @bci java/time/format/DateTimeFormatterBuilder <clinit> ()V 0 <appendix> argL0 ; # java/time/format/DateTimeFormatterBuilder$$Lambda+0x800000020
instanceKlass java/time/temporal/TemporalQuery
instanceKlass java/time/format/DateTimeFormatterBuilder
instanceKlass java/time/Year
instanceKlass java/time/chrono/AbstractChronology
instanceKlass java/time/chrono/Chronology
instanceKlass java/time/zone/Ser
instanceKlass java/io/Externalizable
instanceKlass java/time/zone/ZoneRulesProvider
instanceKlass sun/util/resources/OpenListResourceBundle$2
instanceKlass sun/util/resources/OpenListResourceBundle$1
instanceKlass sun/util/resources/provider/NonBaseLocaleDataMetaInfo
instanceKlass sun/util/locale/provider/BaseLocaleDataMetaInfo
instanceKlass sun/util/locale/provider/TimeZoneNameUtility$TimeZoneNameGetter
instanceKlass sun/util/locale/provider/TimeZoneNameUtility
instanceKlass sun/nio/cs/Surrogate
instanceKlass sun/nio/cs/Surrogate$Parser
instanceKlass sun/nio/ch/FileKey
instanceKlass sun/nio/ch/FileLockTable
instanceKlass org/eclipse/aether/repository/LocalArtifactRegistration
instanceKlass  @bci org/eclipse/aether/internal/impl/DefaultFileProcessor write (Ljava/io/File;Ljava/lang/String;)V 5 <appendix> member <vmtarget> ; # org/eclipse/aether/internal/impl/DefaultFileProcessor$$Lambda+0x00000000282c73a8
instanceKlass org/eclipse/aether/util/FileUtils$FileWriter
instanceKlass  @bci org/eclipse/aether/connector/basic/ChecksumValidator validateChecksums (Ljava/util/Map;Lorg/eclipse/aether/spi/connector/checksum/ChecksumPolicy$ChecksumKind;Ljava/util/Map;)Z 79 <appendix> member <vmtarget> ; # org/eclipse/aether/connector/basic/ChecksumValidator$$Lambda+0x00000000282c6f40
instanceKlass org/apache/http/util/EntityUtils
instanceKlass  @bci org/eclipse/aether/transport/http/HttpTransporter$EntityGetter extractChecksums (Lorg/apache/http/client/methods/CloseableHttpResponse;)V 68 <appendix> member <vmtarget> ; # org/eclipse/aether/transport/http/HttpTransporter$EntityGetter$$Lambda+0x00000000282c66a0
instanceKlass java/text/CalendarBuilder
instanceKlass org/apache/http/client/utils/DateUtils$DateFormatHolder
instanceKlass org/apache/http/client/utils/DateUtils
instanceKlass java/text/DigitList$1
instanceKlass jdk/internal/math/FormattedFPDecimal
instanceKlass java/text/DontCareFieldPosition$1
instanceKlass java/text/Format$FieldDelegate
instanceKlass java/text/StringBufFactory$StringBuilderImpl
instanceKlass java/text/Format$StringBuf
instanceKlass java/text/StringBufFactory
instanceKlass org/apache/maven/cli/transfer/AbstractMavenTransferListener$FileSizeFormat
instanceKlass org/apache/maven/cli/transfer/ConsoleMavenTransferListener$TransferResourceAndSize
instanceKlass sun/security/provider/ByteArrayAccess$LE
instanceKlass sun/nio/fs/WindowsChannelFactory$2
instanceKlass org/apache/http/entity/HttpEntityWrapper
instanceKlass org/apache/http/conn/EofSensorWatcher
instanceKlass org/apache/http/impl/execchain/HttpResponseProxy
instanceKlass org/apache/http/message/BasicHeaderElementIterator
instanceKlass org/apache/http/message/BasicHeaderIterator
instanceKlass org/apache/http/message/BasicTokenIterator
instanceKlass org/apache/http/message/BasicHeaderElement
instanceKlass org/apache/http/message/BasicNameValuePair
instanceKlass org/apache/http/message/BasicHeaderValueParser
instanceKlass org/apache/http/message/HeaderValueParser
instanceKlass org/apache/http/entity/AbstractHttpEntity
instanceKlass org/apache/http/message/BufferedHeader
instanceKlass org/apache/http/message/BasicStatusLine
instanceKlass org/apache/http/protocol/HTTP
instanceKlass  @bci sun/security/util/MemoryCache put (Ljava/lang/Object;Ljava/lang/Object;Z)V 126 <appendix> member <vmtarget> ; # sun/security/util/MemoryCache$$TypeSwitch+0x00000000282b13a8
instanceKlass sun/security/util/MemoryCache$QueueCacheEntry
instanceKlass org/apache/http/FormattedHeader
instanceKlass org/apache/http/message/BasicListHeaderIterator
instanceKlass org/apache/http/impl/auth/HttpAuthenticator$1
instanceKlass org/apache/http/conn/util/DnsUtils
instanceKlass org/apache/http/conn/ssl/DefaultHostnameVerifier$1
instanceKlass org/apache/http/conn/ssl/SubjectName
instanceKlass com/sun/crypto/provider/GaloisCounterMode$EncryptOp
instanceKlass sun/security/ssl/SSLBasicKeyDerivation
instanceKlass sun/security/ssl/Finished$1
instanceKlass sun/security/ssl/Finished$T13VerifyDataGenerator
instanceKlass sun/security/ssl/Finished$T12VerifyDataGenerator
instanceKlass sun/security/ssl/Finished$T10VerifyDataGenerator
instanceKlass sun/security/ssl/Finished$S30VerifyDataGenerator
instanceKlass sun/security/ssl/Finished$VerifyDataGenerator
instanceKlass sun/security/util/math/IntegerModuloP$MultiplicativeInverser$Secp256R1Field
instanceKlass sun/security/ssl/X509Authentication$X509Credentials
instanceKlass sun/security/ssl/SSLConfiguration$1
instanceKlass javax/net/ssl/SSLParameters
instanceKlass sun/security/validator/ChunghwaTLSPolicy
instanceKlass sun/security/validator/CamerfirmaTLSPolicy
instanceKlass sun/security/validator/EntrustTLSPolicy
instanceKlass sun/security/validator/SymantecTLSPolicy
instanceKlass java/util/RegularEnumSet$EnumSetIterator
instanceKlass java/security/cert/PKIXCertPathValidatorResult
instanceKlass java/security/cert/CertPathValidatorResult
instanceKlass  @bci sun/security/ec/ECDSASignature engineVerify ([B)Z 37 <appendix> member <vmtarget> ; # sun/security/ec/ECDSASignature$$Lambda+0x00000000282ab158
instanceKlass  @bci sun/security/ec/ECDSAOperations forParameters (Ljava/security/spec/ECParameterSpec;)Ljava/util/Optional; 7 <appendix> member <vmtarget> ; # sun/security/ec/ECDSAOperations$$Lambda+0x00000000282aaca0
instanceKlass sun/security/ec/ECDSAOperations
instanceKlass sun/security/util/SignatureUtil
instanceKlass java/security/interfaces/DSAPublicKey
instanceKlass java/security/interfaces/DSAKey
instanceKlass sun/security/util/Length
instanceKlass sun/security/provider/certpath/CertPathConstraintsParameters
instanceKlass sun/security/util/ConstraintsParameters
instanceKlass sun/security/provider/certpath/PKIXMasterCertPathValidator
instanceKlass sun/security/provider/certpath/PolicyNodeImpl
instanceKlass java/security/cert/PolicyNode
instanceKlass sun/security/util/DisabledAlgorithmConstraints$CertPathHolder
instanceKlass  @bci sun/security/x509/X509CertImpl getFingerprint (Ljava/lang/String;Lsun/security/util/Debug;)Ljava/lang/String; 7 <appendix> member <vmtarget> ; # sun/security/x509/X509CertImpl$$Lambda+0x00000000282a8468
instanceKlass sun/security/util/UntrustedCertificates
instanceKlass java/security/cert/X509CertSelector
instanceKlass java/security/cert/CertSelector
instanceKlass sun/security/provider/certpath/PKIX$ValidatorParams
instanceKlass sun/security/provider/certpath/PKIX
instanceKlass java/security/cert/CertPath
instanceKlass java/security/cert/CertPathValidatorSpi
instanceKlass java/security/cert/CertPathValidator
instanceKlass java/security/cert/PKIXCertPathChecker
instanceKlass java/security/cert/CertPathChecker
instanceKlass java/security/Timestamp
instanceKlass sun/security/ssl/SSLAlgorithmConstraints$SupportedSignatureAlgorithmConstraints
instanceKlass jdk/internal/util/HexDigits
instanceKlass jdk/internal/icu/impl/NormalizerImpl$IsAcceptable
instanceKlass jdk/internal/icu/impl/NormalizerImpl
instanceKlass jdk/internal/icu/impl/Norm2AllModes$Norm2AllModesSingleton
instanceKlass jdk/internal/icu/impl/Norm2AllModes$NFKCSingleton
instanceKlass jdk/internal/icu/impl/Norm2AllModes
instanceKlass jdk/internal/icu/text/Normalizer2
instanceKlass jdk/internal/icu/text/NormalizerBase$ModeImpl
instanceKlass jdk/internal/icu/text/NormalizerBase$NFKDModeImpl
instanceKlass jdk/internal/icu/text/NormalizerBase$1
instanceKlass jdk/internal/icu/text/NormalizerBase$Mode
instanceKlass jdk/internal/icu/text/NormalizerBase
instanceKlass java/text/Normalizer
instanceKlass  @bci sun/security/pkcs/PKCS9Attribute <clinit> ()V 531 <appendix> argL0 ; # sun/security/pkcs/PKCS9Attribute$$Lambda+0x00000000282a1898
instanceKlass  @bci sun/security/pkcs/PKCS9Attribute <clinit> ()V 526 <appendix> argL0 ; # sun/security/pkcs/PKCS9Attribute$$Lambda+0x00000000282a1670
instanceKlass  @bci sun/security/pkcs/PKCS9Attribute <clinit> ()V 504 <appendix> argL0 ; # sun/security/pkcs/PKCS9Attribute$$Lambda+0x00000000282a1448
instanceKlass  @bci sun/security/pkcs/PKCS9Attribute <clinit> ()V 499 <appendix> argL0 ; # sun/security/pkcs/PKCS9Attribute$$Lambda+0x00000000282a1220
instanceKlass  @bci sun/security/pkcs/PKCS9Attribute <clinit> ()V 477 <appendix> argL0 ; # sun/security/pkcs/PKCS9Attribute$$Lambda+0x00000000282a0ff8
instanceKlass  @bci sun/security/pkcs/PKCS9Attribute <clinit> ()V 472 <appendix> argL0 ; # sun/security/pkcs/PKCS9Attribute$$Lambda+0x00000000282a0dd0
instanceKlass sun/security/pkcs/SigningCertificateInfo
instanceKlass  @bci sun/security/pkcs/PKCS9Attribute <clinit> ()V 449 <appendix> argL0 ; # sun/security/pkcs/PKCS9Attribute$$Lambda+0x00000000282a0988
instanceKlass  @bci sun/security/pkcs/PKCS9Attribute <clinit> ()V 444 <appendix> argL0 ; # sun/security/pkcs/PKCS9Attribute$$Lambda+0x00000000282a0760
instanceKlass  @bci sun/security/pkcs/PKCS9Attribute <clinit> ()V 401 <appendix> argL0 ; # sun/security/pkcs/PKCS9Attribute$$Lambda+0x00000000282a0538
instanceKlass  @bci sun/security/pkcs/PKCS9Attribute <clinit> ()V 396 <appendix> argL0 ; # sun/security/pkcs/PKCS9Attribute$$Lambda+0x00000000282a0310
instanceKlass  @bci sun/security/pkcs/PKCS9Attribute <clinit> ()V 353 <appendix> argL0 ; # sun/security/pkcs/PKCS9Attribute$$Lambda+0x00000000282a00e8
instanceKlass  @bci sun/security/pkcs/PKCS9Attribute <clinit> ()V 348 <appendix> argL0 ; # sun/security/pkcs/PKCS9Attribute$$Lambda+0x000000002829fec0
instanceKlass  @bci sun/security/pkcs/PKCS9Attribute <clinit> ()V 325 <appendix> argL0 ; # sun/security/pkcs/PKCS9Attribute$$Lambda+0x000000002829fc98
instanceKlass  @bci sun/security/pkcs/PKCS9Attribute <clinit> ()V 320 <appendix> argL0 ; # sun/security/pkcs/PKCS9Attribute$$Lambda+0x000000002829fa70
instanceKlass sun/security/pkcs/SignerInfo
instanceKlass  @bci sun/security/pkcs/PKCS9Attribute <clinit> ()V 292 <appendix> argL0 ; # sun/security/pkcs/PKCS9Attribute$$Lambda+0x000000002829f5a0
instanceKlass  @bci sun/security/pkcs/PKCS9Attribute <clinit> ()V 287 <appendix> argL0 ; # sun/security/pkcs/PKCS9Attribute$$Lambda+0x000000002829f378
instanceKlass  @bci sun/security/pkcs/PKCS9Attribute <clinit> ()V 265 <appendix> argL0 ; # sun/security/pkcs/PKCS9Attribute$$Lambda+0x000000002829f150
instanceKlass  @bci sun/security/pkcs/PKCS9Attribute <clinit> ()V 260 <appendix> argL0 ; # sun/security/pkcs/PKCS9Attribute$$Lambda+0x000000002829ef28
instanceKlass  @bci sun/security/pkcs/PKCS9Attribute <clinit> ()V 238 <appendix> argL0 ; # sun/security/pkcs/PKCS9Attribute$$Lambda+0x000000002829ed00
instanceKlass  @bci sun/security/pkcs/PKCS9Attribute <clinit> ()V 233 <appendix> argL0 ; # sun/security/pkcs/PKCS9Attribute$$Lambda+0x000000002829ead8
instanceKlass  @bci sun/security/pkcs/PKCS9Attribute <clinit> ()V 185 <appendix> argL0 ; # sun/security/pkcs/PKCS9Attribute$$Lambda+0x000000002829e8b0
instanceKlass  @bci sun/security/pkcs/PKCS9Attribute <clinit> ()V 180 <appendix> argL0 ; # sun/security/pkcs/PKCS9Attribute$$Lambda+0x000000002829e688
instanceKlass  @bci sun/security/pkcs/PKCS9Attribute <clinit> ()V 157 <appendix> argL0 ; # sun/security/pkcs/PKCS9Attribute$$Lambda+0x000000002829e248
instanceKlass sun/security/pkcs/PKCS9Attribute$Encoder
instanceKlass  @bci sun/security/pkcs/PKCS9Attribute <clinit> ()V 152 <appendix> argL0 ; # sun/security/pkcs/PKCS9Attribute$$Lambda+0x000000002829de18
instanceKlass sun/security/pkcs/PKCS9Attribute$Decoder
instanceKlass sun/security/pkcs/PKCS9Attribute
instanceKlass sun/security/x509/AVAKeyword
instanceKlass javax/security/auth/x500/X500Principal$1
instanceKlass jdk/internal/access/JavaxSecurityAccess
instanceKlass javax/security/auth/x500/X500Principal
instanceKlass java/security/cert/PKIXParameters
instanceKlass java/security/cert/CertPathParameters
instanceKlass sun/security/provider/certpath/CertPathHelper
instanceKlass java/security/cert/TrustAnchor
instanceKlass sun/security/validator/EndEntityChecker
instanceKlass sun/security/validator/Validator
instanceKlass javax/net/ssl/SSLEngine
instanceKlass sun/security/ssl/CertificateMessage$CertificateEntry
instanceKlass sun/security/ssl/ServerNameExtension$SHServerNamesSpec
instanceKlass com/sun/crypto/provider/GaloisCounterMode$DecryptOp
instanceKlass com/sun/crypto/provider/GaloisCounterMode$GCMOperation
instanceKlass com/sun/crypto/provider/GHASH
instanceKlass com/sun/crypto/provider/GCM
instanceKlass com/sun/crypto/provider/GaloisCounterMode$GCMEngine
instanceKlass com/sun/crypto/provider/AESConstants
instanceKlass javax/crypto/spec/GCMParameterSpec
instanceKlass sun/security/ssl/ChangeCipherSpec$T13ChangeCipherSpecConsumer
instanceKlass sun/security/ssl/ChangeCipherSpec$T10ChangeCipherSpecProducer
instanceKlass sun/security/ssl/ChangeCipherSpec$T10ChangeCipherSpecConsumer
instanceKlass sun/security/ssl/ChangeCipherSpec
instanceKlass javax/crypto/spec/IvParameterSpec
instanceKlass sun/security/ssl/SSLTrafficKeyDerivation$T13TrafficKeyDerivation
instanceKlass sun/security/ssl/SSLTrafficKeyDerivation$1
instanceKlass sun/security/ssl/SSLTrafficKeyDerivation$T13TrafficKeyDerivationGenerator
instanceKlass sun/security/ssl/SSLTrafficKeyDerivation$T12TrafficKeyDerivationGenerator
instanceKlass sun/security/ssl/SSLTrafficKeyDerivation$T10TrafficKeyDerivationGenerator
instanceKlass sun/security/ssl/SSLTrafficKeyDerivation$S30TrafficKeyDerivationGenerator
instanceKlass sun/security/ssl/SSLKeyDerivationGenerator
instanceKlass javax/crypto/spec/HKDFParameterSpec$Expand
instanceKlass sun/security/ssl/SSLSecretDerivation
instanceKlass javax/crypto/MacSpi
instanceKlass javax/crypto/Mac
instanceKlass javax/crypto/spec/HKDFParameterSpec$Extract
instanceKlass javax/crypto/spec/HKDFParameterSpec$Builder
instanceKlass javax/crypto/spec/HKDFParameterSpec
instanceKlass javax/crypto/KDFSpi
instanceKlass javax/crypto/KDF
instanceKlass  @bci javax/crypto/spec/SecretKeySpec <clinit> ()V 0 <appendix> argL0 ; # javax/crypto/spec/SecretKeySpec$$Lambda+0x0000000028292e60
instanceKlass jdk/internal/access/JavaxCryptoSpecAccess
instanceKlass javax/crypto/spec/SecretKeySpec
instanceKlass javax/crypto/SecretKey
instanceKlass  @bci sun/security/ec/XDHKeyAgreement engineDoPhase (Ljava/security/Key;Z)Ljava/security/Key; 70 <appendix> argL0 ; # sun/security/ec/XDHKeyAgreement$$Lambda+0x0000000028292550
instanceKlass  @bci sun/security/ec/XDHKeyAgreement initImpl (Ljava/security/Key;)V 74 <appendix> argL0 ; # sun/security/ec/XDHKeyAgreement$$Lambda+0x0000000028292328
instanceKlass  @bci sun/security/ec/XDHKeyAgreement initImpl (Ljava/security/Key;)V 44 <appendix> argL0 ; # sun/security/ec/XDHKeyAgreement$$Lambda+0x00000000282920e0
instanceKlass  @bci sun/security/ec/XDHKeyAgreement initImpl (Ljava/security/Key;)V 25 <appendix> argL0 ; # sun/security/ec/XDHKeyAgreement$$Lambda+0x0000000028291e98
instanceKlass javax/crypto/KeyAgreementSpi
instanceKlass sun/security/ssl/KAKeyDerivation
instanceKlass sun/security/ssl/XDHKeyExchange$XDHEKAGenerator
instanceKlass sun/security/ssl/XDHKeyExchange
instanceKlass  @bci sun/security/util/DisabledAlgorithmConstraints getNamedParametersFromKey (Ljava/security/Key;)Ljava/util/List; 11 <appendix> member <vmtarget> ; # sun/security/util/DisabledAlgorithmConstraints$$TypeSwitch+0x0000000028290cb0
# instanceKlass java/lang/invoke/LambdaForm$MH+0x00000000282c2000
# instanceKlass java/lang/invoke/LambdaForm$MH+0x00000000282c1c00
# instanceKlass java/lang/invoke/LambdaForm$MH+0x00000000282c1800
# instanceKlass java/lang/invoke/LambdaForm$DMH+0x00000000282c1400
# instanceKlass java/lang/invoke/LambdaForm$DMH+0x00000000282c1000
instanceKlass java/lang/invoke/MethodHandleImpl$ArrayAccessor
# instanceKlass java/lang/invoke/LambdaForm$MH+0x00000000282c0c00
instanceKlass  @bci javax/lang/model/SourceVersion getLatestSupported ()Ljavax/lang/model/SourceVersion; 19 <appendix> form vmentry <vmtarget> ; # java/lang/invoke/LambdaForm$MH+0x00000000282c0800
# instanceKlass java/lang/invoke/LambdaForm$DMH+0x00000000282c0400
instanceKlass  @bci java/lang/invoke/BootstrapMethodInvoker invoke (Ljava/lang/Class;Ljava/lang/invoke/MethodHandle;Ljava/lang/String;Ljava/lang/Object;Ljava/lang/Object;Ljava/lang/Class;)Ljava/lang/Object; 211 <adapter> ; # java/lang/invoke/LambdaForm$MH+0x00000000282c0000
instanceKlass  @bci sun/security/ec/XDHKeyFactory generatePublicImpl (Ljava/security/spec/KeySpec;)Ljava/security/PublicKey; 105 <appendix> argL0 ; # sun/security/ec/XDHKeyFactory$$Lambda+0x000000002828fdf0
instanceKlass  @bci sun/security/ec/XDHKeyFactory generatePublicImpl (Ljava/security/spec/KeySpec;)Ljava/security/PublicKey; 89 <appendix> argL0 ; # sun/security/ec/XDHKeyFactory$$Lambda+0x000000002828fba8
instanceKlass  @bci sun/security/ec/XDHKeyFactory generatePublicImpl (Ljava/security/spec/KeySpec;)Ljava/security/PublicKey; 6 <appendix> member <vmtarget> ; # sun/security/ec/XDHKeyFactory$$TypeSwitch+0x000000002828f730
instanceKlass java/security/spec/XECPublicKeySpec
instanceKlass sun/security/ssl/XDHKeyExchange$XDHECredentials
instanceKlass sun/security/ssl/NamedGroupCredentials
instanceKlass sun/security/ssl/KeyShareExtension$SHKeyShareSpec
instanceKlass sun/security/ssl/HandshakeHash$CloneableHash
instanceKlass sun/security/ssl/HandshakeHash$T13HandshakeHash
instanceKlass sun/security/ssl/SupportedVersionsExtension$SHSupportedVersionsSpec
instanceKlass sun/security/ssl/TransportContext$1
instanceKlass sun/security/ssl/Plaintext
instanceKlass sun/security/ssl/OutputRecord$T13PaddingHolder
instanceKlass sun/security/ssl/KeyShareExtension$CHKeyShareSpec
instanceKlass sun/security/util/math/IntegerModuloP$MultiplicativeInverser$Secp256R1
instanceKlass sun/security/ec/point/MutablePoint
instanceKlass sun/security/ec/ECOperations$DefaultMultiplier
instanceKlass sun/security/ec/ECOperations$Secp256R1GeneratorMontgomeryMultiplier
instanceKlass sun/security/ec/ECOperations$PointMultiplier
instanceKlass  @bci sun/security/ec/ECPrivateKeyImpl calculatePublicKey ()Ljava/security/PublicKey; 9 <appendix> argL0 ; # sun/security/ec/ECPrivateKeyImpl$$Lambda+0x000000002828ac38
instanceKlass sun/security/util/ArrayUtil
instanceKlass java/security/interfaces/ECPrivateKey
instanceKlass sun/security/ec/ECOperations
instanceKlass sun/security/ssl/ECDHKeyExchange$ECDHEPossession
instanceKlass sun/security/ssl/KeyShareExtension$KeyShareEntry
instanceKlass sun/security/ssl/XDHKeyExchange$1
instanceKlass sun/security/pkcs/PKCS8Key
instanceKlass sun/security/util/InternalPrivateKey
instanceKlass java/security/interfaces/XECPrivateKey
instanceKlass java/security/PrivateKey
instanceKlass javax/security/auth/Destroyable
instanceKlass java/security/interfaces/XECPublicKey
instanceKlass java/security/interfaces/XECKey
instanceKlass java/security/KeyPair
instanceKlass java/math/MutableBigInteger
instanceKlass sun/security/util/math/IntegerModuloP$MultiplicativeInverser$Default
instanceKlass sun/security/util/math/IntegerModuloP$MultiplicativeInverser
instanceKlass sun/security/util/math/MutableIntegerModuloP
instanceKlass sun/security/jca/JCAUtil$CachedSecureRandomHolder
instanceKlass sun/security/ec/XECOperations
instanceKlass sun/security/ec/XECParameters
instanceKlass  @bci sun/security/ec/XDHKeyPairGenerator initialize (Ljava/security/spec/AlgorithmParameterSpec;Ljava/security/SecureRandom;)V 0 <appendix> argL0 ; # sun/security/ec/XDHKeyPairGenerator$$Lambda+0x0000000028285188
instanceKlass sun/security/ssl/XDHKeyExchange$XDHEPossession
instanceKlass sun/security/ssl/ECDHKeyExchange$ECDHEXDHKAGenerator
instanceKlass sun/security/ssl/ECDHKeyExchange$ECDHEKAGenerator
instanceKlass sun/security/ssl/ECDHKeyExchange$ECDHKAGenerator
instanceKlass sun/security/ssl/ECDHKeyExchange$ECDHEPossessionGenerator
instanceKlass sun/security/ssl/ECDHKeyExchange
instanceKlass sun/security/ssl/DHKeyExchange$DHEKAGenerator
instanceKlass sun/security/ssl/DHKeyExchange$DHEPossessionGenerator
instanceKlass sun/security/ssl/DHKeyExchange
instanceKlass sun/security/ssl/RSAKeyExchange$RSAKAGenerator
instanceKlass sun/security/ssl/RSAKeyExchange$EphemeralRSAPossessionGenerator
instanceKlass sun/security/ssl/RSAKeyExchange
instanceKlass sun/security/ssl/SSLKeyExchange$T13KeyAgreement
instanceKlass sun/security/ssl/SSLKeyAgreement
instanceKlass sun/security/ssl/SSLPossessionGenerator
instanceKlass sun/security/ssl/SSLKeyExchange
instanceKlass sun/security/ssl/SSLHandshakeBinding
instanceKlass sun/security/ssl/SSLKeyAgreementGenerator
instanceKlass sun/security/ssl/PskKeyExchangeModesExtension$PskKeyExchangeModesSpec
instanceKlass sun/security/ssl/SupportedVersionsExtension$CHSupportedVersionsSpec
instanceKlass sun/security/ssl/SignatureAlgorithmsExtension$SignatureSchemesSpec
instanceKlass sun/security/ssl/ExtendedMasterSecretExtension$ExtendedMasterSecretSpec
instanceKlass sun/security/ssl/CertStatusExtension$CertStatusRequestV2Spec
instanceKlass sun/security/ssl/ECPointFormatsExtension$ECPointFormatsSpec
instanceKlass sun/security/ssl/SupportedGroupsExtension$SupportedGroupsSpec
instanceKlass sun/security/ssl/CertStatusExtension$CertStatusRequest
instanceKlass sun/security/ssl/CertStatusExtension$CertStatusRequestSpec
instanceKlass sun/security/ssl/ServerNameExtension$CHServerNamesSpec
instanceKlass sun/security/ssl/SSLExtension$SSLExtensionSpec
instanceKlass sun/security/ssl/SSLExtension$ClientExtensions
instanceKlass sun/security/ssl/PreSharedKeyExtension$SHPreSharedKeyStringizer
instanceKlass sun/security/ssl/PreSharedKeyExtension$SHPreSharedKeyAbsence
instanceKlass sun/security/ssl/PreSharedKeyExtension$SHPreSharedKeyConsumer
instanceKlass sun/security/ssl/PreSharedKeyExtension$SHPreSharedKeyProducer
instanceKlass sun/security/ssl/PreSharedKeyExtension$CHPreSharedKeyStringizer
instanceKlass sun/security/ssl/PreSharedKeyExtension$CHPreSharedKeyOnTradeAbsence
instanceKlass sun/security/ssl/PreSharedKeyExtension$CHPreSharedKeyUpdate
instanceKlass sun/security/ssl/PreSharedKeyExtension$CHPreSharedKeyOnLoadAbsence
instanceKlass sun/security/ssl/PreSharedKeyExtension$CHPreSharedKeyConsumer
instanceKlass sun/security/ssl/PreSharedKeyExtension$CHPreSharedKeyProducer
instanceKlass sun/security/ssl/PreSharedKeyExtension
instanceKlass sun/security/ssl/RenegoInfoExtension$RenegotiationInfoStringizer
instanceKlass sun/security/ssl/RenegoInfoExtension$SHRenegotiationInfoAbsence
instanceKlass sun/security/ssl/RenegoInfoExtension$SHRenegotiationInfoConsumer
instanceKlass sun/security/ssl/RenegoInfoExtension$SHRenegotiationInfoProducer
instanceKlass sun/security/ssl/RenegoInfoExtension$CHRenegotiationInfoAbsence
instanceKlass sun/security/ssl/RenegoInfoExtension$CHRenegotiationInfoConsumer
instanceKlass sun/security/ssl/RenegoInfoExtension$CHRenegotiationInfoProducer
instanceKlass sun/security/ssl/RenegoInfoExtension
instanceKlass sun/security/ssl/QuicTransportParametersExtension$T13EEQuicParametersAbsence
instanceKlass sun/security/ssl/QuicTransportParametersExtension$T13EEQuicParametersConsumer
instanceKlass sun/security/ssl/QuicTransportParametersExtension$T13EEQuicParametersProducer
instanceKlass sun/security/ssl/QuicTransportParametersExtension$T13CHQuicParametersAbsence
instanceKlass sun/security/ssl/QuicTransportParametersExtension$T13CHQuicParametersConsumer
instanceKlass sun/security/ssl/QuicTransportParametersExtension$T13CHQuicParametersProducer
instanceKlass sun/security/ssl/QuicTransportParametersExtension
instanceKlass sun/security/ssl/KeyShareExtension$HRRKeyShareStringizer
instanceKlass sun/security/ssl/KeyShareExtension$HRRKeyShareReproducer
instanceKlass sun/security/ssl/KeyShareExtension$HRRKeyShareConsumer
instanceKlass sun/security/ssl/KeyShareExtension$HRRKeyShareProducer
instanceKlass sun/security/ssl/KeyShareExtension$SHKeyShareStringizer
instanceKlass sun/security/ssl/KeyShareExtension$SHKeyShareAbsence
instanceKlass sun/security/ssl/KeyShareExtension$SHKeyShareConsumer
instanceKlass sun/security/ssl/KeyShareExtension$SHKeyShareProducer
instanceKlass sun/security/ssl/KeyShareExtension$CHKeyShareStringizer
instanceKlass sun/security/ssl/KeyShareExtension$CHKeyShareOnTradeAbsence
instanceKlass sun/security/ssl/KeyShareExtension$CHKeyShareConsumer
instanceKlass sun/security/ssl/KeyShareExtension$CHKeyShareProducer
instanceKlass sun/security/ssl/KeyShareExtension
instanceKlass sun/security/ssl/CertSignAlgsExtension$CertSignatureSchemesStringizer
instanceKlass sun/security/ssl/CertSignAlgsExtension$CRCertSignatureSchemesUpdate
instanceKlass sun/security/ssl/CertSignAlgsExtension$CRCertSignatureSchemesConsumer
instanceKlass sun/security/ssl/CertSignAlgsExtension$CRCertSignatureSchemesProducer
instanceKlass sun/security/ssl/CertSignAlgsExtension$CHCertSignatureSchemesUpdate
instanceKlass sun/security/ssl/CertSignAlgsExtension$CHCertSignatureSchemesConsumer
instanceKlass sun/security/ssl/CertSignAlgsExtension$CHCertSignatureSchemesProducer
instanceKlass sun/security/ssl/CertSignAlgsExtension
instanceKlass sun/security/ssl/CertificateAuthoritiesExtension$CertificateAuthoritiesStringizer
instanceKlass sun/security/ssl/CertificateAuthoritiesExtension$CRCertificateAuthoritiesConsumer
instanceKlass sun/security/ssl/CertificateAuthoritiesExtension$CRCertificateAuthoritiesProducer
instanceKlass sun/security/ssl/CertificateAuthoritiesExtension$CHCertificateAuthoritiesConsumer
instanceKlass sun/security/ssl/CertificateAuthoritiesExtension$CHCertificateAuthoritiesProducer
instanceKlass sun/security/ssl/CertificateAuthoritiesExtension
instanceKlass sun/security/ssl/PskKeyExchangeModesExtension$PskKeyExchangeModesStringizer
instanceKlass sun/security/ssl/PskKeyExchangeModesExtension$PskKeyExchangeModesOnTradeAbsence
instanceKlass sun/security/ssl/PskKeyExchangeModesExtension$PskKeyExchangeModesOnLoadAbsence
instanceKlass sun/security/ssl/PskKeyExchangeModesExtension$PskKeyExchangeModesConsumer
instanceKlass sun/security/ssl/PskKeyExchangeModesExtension$PskKeyExchangeModesProducer
instanceKlass sun/security/ssl/PskKeyExchangeModesExtension
instanceKlass sun/security/ssl/CookieExtension$CookieStringizer
instanceKlass sun/security/ssl/CookieExtension$HRRCookieReproducer
instanceKlass sun/security/ssl/CookieExtension$HRRCookieConsumer
instanceKlass sun/security/ssl/CookieExtension$HRRCookieProducer
instanceKlass sun/security/ssl/CookieExtension$CHCookieUpdate
instanceKlass sun/security/ssl/CookieExtension$CHCookieConsumer
instanceKlass sun/security/ssl/CookieExtension$CHCookieProducer
instanceKlass sun/security/ssl/CookieExtension
instanceKlass sun/security/ssl/SupportedVersionsExtension$HRRSupportedVersionsReproducer
instanceKlass sun/security/ssl/SupportedVersionsExtension$HRRSupportedVersionsConsumer
instanceKlass sun/security/ssl/SupportedVersionsExtension$HRRSupportedVersionsProducer
instanceKlass sun/security/ssl/SupportedVersionsExtension$SHSupportedVersionsStringizer
instanceKlass sun/security/ssl/SupportedVersionsExtension$SHSupportedVersionsConsumer
instanceKlass sun/security/ssl/SupportedVersionsExtension$SHSupportedVersionsProducer
instanceKlass sun/security/ssl/SupportedVersionsExtension$CHSupportedVersionsStringizer
instanceKlass sun/security/ssl/SupportedVersionsExtension$CHSupportedVersionsConsumer
instanceKlass sun/security/ssl/SupportedVersionsExtension$CHSupportedVersionsProducer
instanceKlass sun/security/ssl/SupportedVersionsExtension
instanceKlass sun/security/ssl/SignatureAlgorithmsExtension$SignatureSchemesStringizer
instanceKlass sun/security/ssl/SignatureAlgorithmsExtension$CRSignatureSchemesUpdate
instanceKlass sun/security/ssl/SignatureAlgorithmsExtension$CRSignatureSchemesAbsence
instanceKlass sun/security/ssl/SignatureAlgorithmsExtension$CRSignatureSchemesConsumer
instanceKlass sun/security/ssl/SignatureAlgorithmsExtension$CRSignatureSchemesProducer
instanceKlass sun/security/ssl/SignatureAlgorithmsExtension$CHSignatureSchemesOnTradeAbsence
instanceKlass sun/security/ssl/SignatureAlgorithmsExtension$CHSignatureSchemesUpdate
instanceKlass sun/security/ssl/SignatureAlgorithmsExtension$CHSignatureSchemesOnLoadAbsence
instanceKlass sun/security/ssl/SignatureAlgorithmsExtension$CHSignatureSchemesConsumer
instanceKlass sun/security/ssl/SignatureAlgorithmsExtension$CHSignatureSchemesProducer
instanceKlass sun/security/ssl/SignatureAlgorithmsExtension
instanceKlass sun/security/ssl/SessionTicketExtension$SessionTicketStringizer
instanceKlass sun/security/ssl/SessionTicketExtension$T12SHSessionTicketOnLoadAbsence
instanceKlass sun/security/ssl/SessionTicketExtension$T12SHSessionTicketConsumer
instanceKlass sun/security/ssl/SessionTicketExtension$T12SHSessionTicketProducer
instanceKlass sun/security/ssl/SessionTicketExtension$T12CHSessionTicketConsumer
instanceKlass sun/security/ssl/SessionTicketExtension$T12CHSessionTicketProducer
instanceKlass sun/security/ssl/SessionTicketExtension
instanceKlass sun/security/ssl/ExtendedMasterSecretExtension$ExtendedMasterSecretStringizer
instanceKlass sun/security/ssl/ExtendedMasterSecretExtension$SHExtendedMasterSecretAbsence
instanceKlass sun/security/ssl/ExtendedMasterSecretExtension$SHExtendedMasterSecretConsumer
instanceKlass sun/security/ssl/ExtendedMasterSecretExtension$SHExtendedMasterSecretProducer
instanceKlass sun/security/ssl/ExtendedMasterSecretExtension$CHExtendedMasterSecretAbsence
instanceKlass sun/security/ssl/ExtendedMasterSecretExtension$CHExtendedMasterSecretConsumer
instanceKlass sun/security/ssl/ExtendedMasterSecretExtension$CHExtendedMasterSecretProducer
instanceKlass sun/security/ssl/ExtendedMasterSecretExtension
instanceKlass sun/security/ssl/AlpnExtension$AlpnStringizer
instanceKlass sun/security/ssl/AlpnExtension$SHAlpnAbsence
instanceKlass sun/security/ssl/AlpnExtension$SHAlpnConsumer
instanceKlass sun/security/ssl/AlpnExtension$SHAlpnProducer
instanceKlass sun/security/ssl/AlpnExtension$CHAlpnAbsence
instanceKlass sun/security/ssl/AlpnExtension$CHAlpnConsumer
instanceKlass sun/security/ssl/AlpnExtension$CHAlpnProducer
instanceKlass sun/security/ssl/AlpnExtension
instanceKlass sun/security/ssl/ECPointFormatsExtension$ECPointFormatsStringizer
instanceKlass sun/security/ssl/ECPointFormatsExtension$SHECPointFormatsConsumer
instanceKlass sun/security/ssl/ECPointFormatsExtension$CHECPointFormatsConsumer
instanceKlass sun/security/ssl/ECPointFormatsExtension$CHECPointFormatsProducer
instanceKlass sun/security/ssl/ECPointFormatsExtension
instanceKlass sun/security/ssl/SupportedGroupsExtension$EESupportedGroupsConsumer
instanceKlass sun/security/ssl/SupportedGroupsExtension$EESupportedGroupsProducer
instanceKlass sun/security/ssl/SupportedGroupsExtension$SupportedGroupsStringizer
instanceKlass sun/security/ssl/SupportedGroupsExtension$CHSupportedGroupsOnTradeAbsence
instanceKlass sun/security/ssl/SupportedGroupsExtension$CHSupportedGroupsConsumer
instanceKlass sun/security/ssl/SupportedGroupsExtension$CHSupportedGroupsProducer
instanceKlass sun/security/ssl/SupportedGroupsExtension
instanceKlass sun/security/ssl/CertStatusExtension$CertStatusRespStringizer
instanceKlass sun/security/ssl/CertStatusExtension$CertStatusRequestsStringizer
instanceKlass sun/security/ssl/CertStatusExtension$SHCertStatusReqV2Consumer
instanceKlass sun/security/ssl/CertStatusExtension$SHCertStatusReqV2Producer
instanceKlass sun/security/ssl/CertStatusExtension$CHCertStatusReqV2Consumer
instanceKlass sun/security/ssl/CertStatusExtension$CHCertStatusReqV2Producer
instanceKlass sun/security/ssl/CertStatusExtension$CertStatusRequestStringizer
instanceKlass sun/security/ssl/CertStatusExtension$CTCertStatusResponseConsumer
instanceKlass sun/security/ssl/CertStatusExtension$CTCertStatusResponseProducer
instanceKlass sun/security/ssl/CertStatusExtension$SHCertStatusReqConsumer
instanceKlass sun/security/ssl/CertStatusExtension$SHCertStatusReqProducer
instanceKlass sun/security/ssl/CertStatusExtension$CHCertStatusReqConsumer
instanceKlass sun/security/ssl/CertStatusExtension$CHCertStatusReqProducer
instanceKlass sun/security/ssl/CertStatusExtension
instanceKlass sun/security/ssl/MaxFragExtension$MaxFragLenStringizer
instanceKlass sun/security/ssl/MaxFragExtension$EEMaxFragmentLengthUpdate
instanceKlass sun/security/ssl/MaxFragExtension$EEMaxFragmentLengthConsumer
instanceKlass sun/security/ssl/MaxFragExtension$EEMaxFragmentLengthProducer
instanceKlass sun/security/ssl/MaxFragExtension$SHMaxFragmentLengthUpdate
instanceKlass sun/security/ssl/MaxFragExtension$SHMaxFragmentLengthConsumer
instanceKlass sun/security/ssl/MaxFragExtension$SHMaxFragmentLengthProducer
instanceKlass sun/security/ssl/MaxFragExtension$CHMaxFragmentLengthConsumer
instanceKlass sun/security/ssl/MaxFragExtension$CHMaxFragmentLengthProducer
instanceKlass sun/security/ssl/MaxFragExtension
instanceKlass sun/security/ssl/ServerNameExtension$EEServerNameConsumer
instanceKlass sun/security/ssl/ServerNameExtension$EEServerNameProducer
instanceKlass sun/security/ssl/ServerNameExtension$SHServerNamesStringizer
instanceKlass sun/security/ssl/ServerNameExtension$SHServerNameConsumer
instanceKlass sun/security/ssl/ServerNameExtension$SHServerNameProducer
instanceKlass sun/security/ssl/ServerNameExtension$CHServerNamesStringizer
instanceKlass sun/security/ssl/ServerNameExtension$CHServerNameConsumer
instanceKlass sun/security/ssl/SSLExtension$ExtensionConsumer
instanceKlass sun/security/ssl/ServerNameExtension$CHServerNameProducer
instanceKlass sun/security/ssl/ServerNameExtension
instanceKlass sun/security/ssl/SSLStringizer
instanceKlass sun/security/ssl/SSLExtensions
instanceKlass sun/security/ssl/SSLHandshake$HandshakeMessage
instanceKlass sun/security/ssl/RandomCookie
instanceKlass sun/security/ssl/SSLKeyDerivation
instanceKlass sun/security/ssl/SSLCredentials
instanceKlass sun/security/ssl/NamedGroupPossession
instanceKlass sun/security/ssl/SSLPossession
instanceKlass sun/security/ssl/HandshakeContext
instanceKlass jdk/internal/icu/util/CodePointTrie$Data
instanceKlass jdk/internal/icu/util/CodePointMap
instanceKlass jdk/internal/icu/impl/Trie2$UTrie2Header
instanceKlass jdk/internal/icu/impl/Trie2$1
instanceKlass jdk/internal/icu/impl/Trie2$ValueMapper
instanceKlass jdk/internal/icu/impl/Trie2
instanceKlass jdk/internal/icu/impl/UCharacterProperty$IsAcceptable
instanceKlass jdk/internal/icu/impl/UCharacterProperty$IntProperty
instanceKlass jdk/internal/icu/impl/UCharacterProperty
instanceKlass jdk/internal/icu/lang/UCharacter
instanceKlass jdk/internal/icu/util/VersionInfo
instanceKlass jdk/internal/icu/impl/Trie
instanceKlass jdk/internal/icu/text/StringPrep$StringPrepTrieImpl
instanceKlass jdk/internal/icu/impl/Trie$DataManipulate
instanceKlass jdk/internal/icu/impl/ICUBinary
instanceKlass jdk/internal/icu/impl/StringPrepDataReader
instanceKlass jdk/internal/icu/impl/ICUBinary$Authenticate
instanceKlass  @bci jdk/internal/module/SystemModuleFinders$SystemModuleReader open (Ljava/lang/String;)Ljava/util/Optional; 6 <appendix> member <vmtarget> ; # jdk/internal/module/SystemModuleFinders$SystemModuleReader$$Lambda+0x0000000028269da0
instanceKlass jdk/internal/icu/text/StringPrep
instanceKlass java/net/IDN
instanceKlass javax/net/ssl/SNIServerName
instanceKlass sun/security/ssl/DTLSRecord
instanceKlass sun/security/ssl/SessionId
instanceKlass javax/net/ssl/ExtendedSSLSession
instanceKlass javax/net/ssl/SSLSession
instanceKlass sun/security/ssl/NamedGroup$SupportedGroups
instanceKlass sun/security/util/KeyUtil
instanceKlass  @bci sun/security/util/DisabledAlgorithmConstraints permits (Ljava/lang/String;Ljava/util/Set;)Z 20 <appendix> member <vmtarget> ; # sun/security/util/DisabledAlgorithmConstraints$$Lambda+0x0000000028267e80
instanceKlass  @bci sun/security/ssl/SignatureScheme$SupportedSigSchemes <clinit> ()V 26 <appendix> argL0 ; # sun/security/ssl/SignatureScheme$SupportedSigSchemes$$Lambda+0x0000000028267c58
instanceKlass  @cpi sun/security/ssl/SignatureScheme$SupportedSigSchemes 105 form vmentry <vmtarget> ; # java/lang/invoke/LambdaForm$DMH+0x0000000028238000
instanceKlass  @bci sun/security/ssl/SignatureScheme$SupportedSigSchemes <clinit> ()V 16 <appendix> argL0 ; # sun/security/ssl/SignatureScheme$SupportedSigSchemes$$Lambda+0x0000000028267a10
instanceKlass  @bci sun/security/ssl/SignatureScheme$SupportedSigSchemes <clinit> ()V 6 <appendix> argL0 ; # sun/security/ssl/SignatureScheme$SupportedSigSchemes$$Lambda+0x00000000282677b8
instanceKlass java/security/spec/MGF1ParameterSpec
instanceKlass sun/security/ec/ParametersMap$1
instanceKlass  @bci sun/security/ec/ed/EdDSAParameters <clinit> ()V 268 <appendix> argL0 ; # sun/security/ec/ed/EdDSAParameters$$Lambda+0x00000000282650e8
instanceKlass sun/security/ec/ed/EdDSAParameters$SHAKE256DigesterFactory
instanceKlass sun/security/ec/point/ProjectivePoint
instanceKlass  @bci sun/security/ec/ed/EdDSAParameters <clinit> ()V 117 <appendix> argL0 ; # sun/security/ec/ed/EdDSAParameters$$Lambda+0x0000000028263da8
instanceKlass sun/security/ec/ed/EdDSAParameters$SHA512DigesterFactory
instanceKlass sun/security/ec/ed/EdDSAParameters$DigesterFactory
instanceKlass sun/security/util/math/IntegerMontgomeryFieldModuloP
instanceKlass sun/security/ec/point/ExtendedHomogeneousPoint
instanceKlass sun/security/ec/point/ImmutablePoint
instanceKlass sun/security/ec/point/Point
instanceKlass sun/security/ec/point/AffinePoint
instanceKlass sun/security/util/math/intpoly/IntegerPolynomial$Limb
instanceKlass sun/security/util/math/SmallValue
instanceKlass sun/security/ec/ed/EdECOperations
instanceKlass sun/security/util/math/intpoly/IntegerPolynomial$Element
instanceKlass sun/security/util/math/ImmutableIntegerModuloP
instanceKlass sun/security/util/math/IntegerModuloP
instanceKlass sun/security/util/math/intpoly/IntegerPolynomial
instanceKlass sun/security/util/math/IntegerFieldModuloP
instanceKlass sun/security/ec/ParametersMap
instanceKlass sun/security/ec/ed/EdDSAParameters
instanceKlass  @bci sun/security/ec/ed/EdDSASignature <init> (Ljava/security/spec/NamedParameterSpec;)V 27 <appendix> argL0 ; # sun/security/ec/ed/EdDSASignature$$Lambda+0x0000000028260408
instanceKlass java/security/spec/EdDSAParameterSpec
instanceKlass javax/crypto/spec/DHParameterSpec
instanceKlass sun/security/ssl/PredefinedDHParameterSpecs
instanceKlass sun/security/smartcardio/SunPCSC$1
instanceKlass  @bci sun/security/pkcs11/SunPKCS11 register (Lsun/security/pkcs11/SunPKCS11$Descriptor;)V 27 <appendix> argL0 ; # sun/security/pkcs11/SunPKCS11$$Lambda+0x0000000028235258
instanceKlass sun/security/pkcs11/SunPKCS11$Descriptor
instanceKlass javax/security/auth/Subject
instanceKlass javax/security/auth/callback/CallbackHandler
instanceKlass org/jcp/xml/dsig/internal/dom/XMLDSigRI$2
instanceKlass org/jcp/xml/dsig/internal/dom/XMLDSigRI$1
instanceKlass sun/security/jca/ProviderConfig$ProviderLoader
instanceKlass sun/security/ssl/SignatureScheme$SupportedSigSchemes
instanceKlass sun/security/ssl/SSLConfiguration$CustomizedClientSignatureSchemes
instanceKlass javax/crypto/KeyGeneratorSpi
instanceKlass javax/crypto/KeyGenerator
instanceKlass sun/security/ssl/SSLConfiguration
instanceKlass sun/security/ssl/SSLCipher$SSLWriteCipher
instanceKlass sun/security/ssl/KeyUpdate$KeyUpdateProducer
instanceKlass sun/security/ssl/KeyUpdate$KeyUpdateConsumer
instanceKlass sun/security/ssl/KeyUpdate$KeyUpdateKickstartProducer
instanceKlass sun/security/ssl/KeyUpdate
instanceKlass sun/security/ssl/CertificateStatus$CertificateStatusAbsence
instanceKlass sun/security/ssl/HandshakeAbsence
instanceKlass sun/security/ssl/CertificateStatus$CertificateStatusProducer
instanceKlass sun/security/ssl/CertificateStatus$CertificateStatusConsumer
instanceKlass sun/security/ssl/CertificateStatus
instanceKlass sun/security/ssl/Finished$T13FinishedProducer
instanceKlass sun/security/ssl/Finished$T13FinishedConsumer
instanceKlass sun/security/ssl/Finished$T12FinishedProducer
instanceKlass sun/security/ssl/Finished$T12FinishedConsumer
instanceKlass sun/security/ssl/Finished
instanceKlass sun/security/ssl/ClientKeyExchange$ClientKeyExchangeProducer
instanceKlass sun/security/ssl/ClientKeyExchange$ClientKeyExchangeConsumer
instanceKlass sun/security/ssl/ClientKeyExchange
instanceKlass sun/security/ssl/CertificateVerify$T13CertificateVerifyProducer
instanceKlass sun/security/ssl/CertificateVerify$T13CertificateVerifyConsumer
instanceKlass sun/security/ssl/CertificateVerify$T12CertificateVerifyProducer
instanceKlass sun/security/ssl/CertificateVerify$T12CertificateVerifyConsumer
instanceKlass sun/security/ssl/CertificateVerify$T10CertificateVerifyProducer
instanceKlass sun/security/ssl/CertificateVerify$T10CertificateVerifyConsumer
instanceKlass sun/security/ssl/CertificateVerify$S30CertificateVerifyProducer
instanceKlass sun/security/ssl/CertificateVerify$S30CertificateVerifyConsumer
instanceKlass sun/security/ssl/CertificateVerify
instanceKlass sun/security/ssl/ServerHelloDone$ServerHelloDoneProducer
instanceKlass sun/security/ssl/ServerHelloDone$ServerHelloDoneConsumer
instanceKlass sun/security/ssl/ServerHelloDone
instanceKlass sun/security/ssl/CertificateRequest$T13CertificateRequestProducer
instanceKlass sun/security/ssl/CertificateRequest$T13CertificateRequestConsumer
instanceKlass sun/security/ssl/CertificateRequest$T12CertificateRequestProducer
instanceKlass sun/security/ssl/CertificateRequest$T12CertificateRequestConsumer
instanceKlass sun/security/ssl/CertificateRequest$T10CertificateRequestProducer
instanceKlass sun/security/ssl/CertificateRequest$T10CertificateRequestConsumer
instanceKlass sun/security/ssl/CertificateRequest
instanceKlass sun/security/ssl/ServerKeyExchange$ServerKeyExchangeProducer
instanceKlass sun/security/ssl/ServerKeyExchange$ServerKeyExchangeConsumer
instanceKlass sun/security/ssl/ServerKeyExchange
instanceKlass sun/security/ssl/CertificateMessage$T13CertificateProducer
instanceKlass sun/security/ssl/CertificateMessage$T13CertificateConsumer
instanceKlass sun/security/ssl/CertificateMessage$T12CertificateProducer
instanceKlass sun/security/ssl/CertificateMessage$T12CertificateConsumer
instanceKlass sun/security/ssl/CertificateMessage
instanceKlass sun/security/ssl/EncryptedExtensions$EncryptedExtensionsConsumer
instanceKlass sun/security/ssl/EncryptedExtensions$EncryptedExtensionsProducer
instanceKlass sun/security/ssl/EncryptedExtensions
instanceKlass sun/security/ssl/NewSessionTicket$T12NewSessionTicketProducer
instanceKlass sun/security/ssl/NewSessionTicket$T13NewSessionTicketProducer
instanceKlass sun/security/ssl/NewSessionTicket$T12NewSessionTicketConsumer
instanceKlass sun/security/ssl/NewSessionTicket$T13NewSessionTicketConsumer
instanceKlass sun/security/ssl/NewSessionTicket
instanceKlass sun/security/ssl/HelloVerifyRequest$HelloVerifyRequestProducer
instanceKlass sun/security/ssl/HelloVerifyRequest$HelloVerifyRequestConsumer
instanceKlass sun/security/ssl/HelloVerifyRequest
instanceKlass sun/security/ssl/ServerHello$T13HelloRetryRequestConsumer
instanceKlass sun/security/ssl/ServerHello$T13ServerHelloConsumer
instanceKlass sun/security/ssl/ServerHello$T12ServerHelloConsumer
instanceKlass sun/security/ssl/ServerHello$T13HelloRetryRequestReproducer
instanceKlass sun/security/ssl/ServerHello$T13HelloRetryRequestProducer
instanceKlass sun/security/ssl/ServerHello$T13ServerHelloProducer
instanceKlass sun/security/ssl/ServerHello$T12ServerHelloProducer
instanceKlass sun/security/ssl/ServerHello$ServerHelloConsumer
instanceKlass sun/security/ssl/ServerHello
instanceKlass sun/security/ssl/ClientHello$D13ClientHelloConsumer
instanceKlass sun/security/ssl/ClientHello$D12ClientHelloConsumer
instanceKlass sun/security/ssl/ClientHello$T13ClientHelloConsumer
instanceKlass sun/security/ssl/ClientHello$T12ClientHelloConsumer
instanceKlass sun/security/ssl/HandshakeConsumer
instanceKlass sun/security/ssl/ClientHello$ClientHelloProducer
instanceKlass sun/security/ssl/ClientHello$ClientHelloConsumer
instanceKlass sun/security/ssl/ClientHello$ClientHelloKickstartProducer
instanceKlass sun/security/ssl/ClientHello
instanceKlass sun/security/ssl/HelloRequest$HelloRequestProducer
instanceKlass sun/security/ssl/HelloRequest$HelloRequestConsumer
instanceKlass sun/security/ssl/HelloRequest$HelloRequestKickstartProducer
instanceKlass sun/security/ssl/SSLProducer
instanceKlass sun/security/ssl/HelloRequest
instanceKlass sun/security/ssl/HandshakeProducer
instanceKlass sun/security/ssl/SSLConsumer
instanceKlass sun/security/ssl/Authenticator$MacImpl
instanceKlass sun/security/ssl/Authenticator$MAC
instanceKlass sun/security/ssl/Authenticator
instanceKlass sun/security/ssl/SSLCipher$SSLReadCipher
instanceKlass sun/security/ssl/InputRecord
instanceKlass sun/security/ssl/SSLRecord
instanceKlass sun/security/ssl/Record
instanceKlass sun/security/ssl/TransportContext
instanceKlass sun/security/ssl/ConnectionContext
instanceKlass sun/security/ssl/HandshakeHash$CacheOnlyHash
instanceKlass sun/security/ssl/HandshakeHash$TranscriptHash
instanceKlass sun/security/ssl/HandshakeHash
instanceKlass sun/security/ssl/SSLTransport
instanceKlass sun/net/spi/DefaultProxySelector$NonProxyInfo
instanceKlass sun/net/NetProperties
instanceKlass java/net/Proxy
instanceKlass java/net/ProxySelector
instanceKlass java/net/InetSocketAddress$InetSocketAddressHolder
instanceKlass sun/nio/ch/ExtendedSocketOption$1
instanceKlass sun/nio/ch/ExtendedSocketOption
instanceKlass sun/nio/ch/OptionKey
instanceKlass sun/nio/ch/SocketOptionRegistry$LazyInitialization
instanceKlass sun/nio/ch/SocketOptionRegistry$RegistryKey
instanceKlass sun/nio/ch/SocketOptionRegistry
instanceKlass java/net/StandardSocketOptions$StdSocketOption
instanceKlass java/net/StandardSocketOptions
instanceKlass  @bci sun/nio/ch/NioSocketImpl closerFor (Ljava/io/FileDescriptor;)Ljava/lang/Runnable; 1 <appendix> member <vmtarget> ; # sun/nio/ch/NioSocketImpl$$Lambda+0x0000000028248de8
instanceKlass jdk/net/ExtendedSocketOptions$2
instanceKlass jdk/net/ExtendedSocketOptions$PlatformSocketOptions
instanceKlass jdk/net/ExtendedSocketOptions$ExtSocketOption
instanceKlass java/net/SocketOption
instanceKlass jdk/net/ExtendedSocketOptions
instanceKlass sun/net/ext/ExtendedSocketOptions
instanceKlass sun/nio/ch/Net$2
instanceKlass sun/nio/ch/Net$1
instanceKlass java/net/ProtocolFamily
instanceKlass sun/nio/ch/Net
instanceKlass java/net/SocksConsts
instanceKlass sun/net/PlatformSocketImpl
instanceKlass java/net/SocketImpl
instanceKlass java/net/SocketOptions
instanceKlass java/util/concurrent/ThreadLocalRandom$Access$1
instanceKlass jdk/internal/access/JavaUtilConcurrentTLRAccess
instanceKlass java/util/concurrent/ThreadLocalRandom$Access
instanceKlass java/net/InetAddress$CachedLookup
instanceKlass sun/net/InetAddressCachePolicy
instanceKlass  @bci java/net/InetAddress getAddressesFromNameService (Ljava/lang/String;)[Ljava/net/InetAddress; 94 <appendix> argL0 ; # java/net/InetAddress$$Lambda+0x0000000028244658
instanceKlass  @bci java/net/InetAddress loadResolver ()Ljava/net/spi/InetAddressResolver; 8 <appendix> argL0 ; # java/net/InetAddress$$Lambda+0x0000000028244410
instanceKlass java/net/spi/InetAddressResolverProvider
instanceKlass java/net/InetAddress$NameServiceAddresses
instanceKlass java/net/InetAddress$Addresses
instanceKlass java/util/concurrent/ConcurrentSkipListMap$Iter
instanceKlass org/apache/http/conn/routing/RouteTracker
instanceKlass org/apache/http/impl/execchain/ConnectionHolder
instanceKlass org/apache/http/conn/ConnectionReleaseTrigger
instanceKlass org/apache/http/impl/conn/CPoolProxy
instanceKlass org/apache/http/impl/conn/Wire
instanceKlass org/apache/http/impl/io/AbstractMessageParser
instanceKlass org/apache/http/util/CharArrayBuffer
instanceKlass org/apache/http/impl/io/AbstractMessageWriter
instanceKlass org/apache/http/impl/HttpConnectionMetricsImpl
instanceKlass org/apache/http/impl/io/SessionOutputBufferImpl
instanceKlass org/apache/http/util/ByteArrayBuffer
instanceKlass org/apache/http/config/MessageConstraints$Builder
instanceKlass org/apache/http/config/MessageConstraints
instanceKlass org/apache/http/impl/io/SessionInputBufferImpl
instanceKlass org/apache/http/io/BufferInfo
instanceKlass org/apache/http/impl/io/HttpTransportMetricsImpl
instanceKlass org/apache/http/io/SessionOutputBuffer
instanceKlass org/apache/http/io/SessionInputBuffer
instanceKlass org/apache/http/HttpConnectionMetrics
instanceKlass org/apache/http/io/HttpTransportMetrics
instanceKlass org/apache/http/config/ConnectionConfig$Builder
instanceKlass org/apache/http/config/ConnectionConfig
instanceKlass org/apache/http/impl/conn/PoolingHttpClientConnectionManager$1
instanceKlass org/apache/http/pool/AbstractConnPool$2
instanceKlass org/apache/http/util/Asserts
instanceKlass org/apache/http/util/LangUtils
instanceKlass org/apache/http/impl/cookie/AbstractCookieAttributeHandler
instanceKlass org/apache/http/impl/cookie/PublicSuffixDomainFilter
instanceKlass org/apache/http/impl/cookie/BasicDomainHandler
instanceKlass org/apache/http/message/TokenParser
instanceKlass org/apache/http/cookie/SetCookie
instanceKlass org/apache/http/cookie/Cookie
instanceKlass org/apache/http/impl/cookie/RFC6265CookieSpec
instanceKlass org/apache/http/impl/cookie/RFC6265CookieSpecProvider$2
instanceKlass org/apache/http/cookie/CookieOrigin
instanceKlass org/apache/http/conn/routing/HttpRoute
instanceKlass org/apache/http/auth/AuthState
instanceKlass org/apache/http/message/BasicRequestLine
instanceKlass org/apache/http/params/HttpProtocolParams
instanceKlass org/apache/http/params/CoreProtocolPNames
instanceKlass org/apache/http/params/AbstractHttpParams
instanceKlass org/apache/http/params/HttpParamsNames
instanceKlass org/apache/http/protocol/BasicHttpContext
instanceKlass org/apache/http/protocol/HttpCoreContext
instanceKlass org/apache/http/HeaderElement
instanceKlass org/apache/http/message/BasicHeader
instanceKlass java/util/concurrent/atomic/AtomicMarkableReference$Pair
instanceKlass java/util/concurrent/atomic/AtomicMarkableReference
instanceKlass org/apache/http/message/HeaderGroup
instanceKlass org/apache/http/conn/util/InetAddressUtils
instanceKlass sun/nio/cs/ThreadLocalCoders$Cache
instanceKlass sun/nio/cs/ThreadLocalCoders
instanceKlass org/apache/http/message/ParserCursor
instanceKlass org/apache/http/client/utils/URLEncodedUtils
instanceKlass org/apache/http/client/utils/URIBuilder
instanceKlass org/eclipse/aether/transport/http/UriUtils
instanceKlass org/apache/http/params/HttpParams
instanceKlass org/apache/http/message/AbstractHttpMessage
instanceKlass org/apache/http/client/methods/AbortableHttpRequest
instanceKlass org/apache/http/client/methods/HttpExecutionAware
instanceKlass org/eclipse/aether/transport/http/HttpTransporter$EntityGetter
instanceKlass org/eclipse/aether/internal/impl/checksum/MessageDigestChecksumAlgorithmFactorySupport$1
instanceKlass org/eclipse/aether/connector/basic/ChecksumCalculator$Checksum
instanceKlass org/eclipse/aether/connector/basic/ChecksumCalculator
instanceKlass org/eclipse/aether/util/FileUtils$2
instanceKlass jdk/internal/util/random/RandomSupport
instanceKlass org/eclipse/aether/util/FileUtils$CollocatedTempFile
instanceKlass org/eclipse/aether/util/FileUtils$TempFile
instanceKlass org/apache/maven/cli/transfer/SimplexTransferListener$1
instanceKlass org/eclipse/aether/util/FileUtils
instanceKlass  @bci org/apache/maven/cli/transfer/SimplexTransferListener demux (Ljava/util/List;)V 28 <appendix> member <vmtarget> ; # org/apache/maven/cli/transfer/SimplexTransferListener$$Lambda+0x000000002821ef30
instanceKlass org/apache/maven/cli/transfer/TransferResourceIdentifier
instanceKlass org/eclipse/aether/transfer/TransferEvent
instanceKlass org/eclipse/aether/connector/basic/ChecksumValidator
instanceKlass org/eclipse/aether/connector/basic/BasicRepositoryConnector$TaskRunner
instanceKlass org/eclipse/aether/connector/basic/ChecksumValidator$ChecksumFetcher
instanceKlass org/eclipse/aether/spi/connector/layout/RepositoryLayout$ChecksumLocation
instanceKlass  @bci org/eclipse/aether/internal/impl/checksum/DefaultChecksumAlgorithmFactorySelector isChecksumExtension (Ljava/lang/String;)Z 55 <appendix> member <vmtarget> ; # org/eclipse/aether/internal/impl/checksum/DefaultChecksumAlgorithmFactorySelector$$Lambda+0x000000002821ddc0
instanceKlass org/eclipse/aether/internal/impl/AbstractChecksumPolicy
instanceKlass org/eclipse/aether/transfer/TransferEvent$Builder
instanceKlass java/util/AbstractMap$ValueIterator
instanceKlass org/eclipse/aether/util/concurrency/RunnableErrorForwarder
instanceKlass  @bci org/eclipse/aether/util/concurrency/ExecutorUtils <clinit> ()V 0 <appendix> argL0 ; # org/eclipse/aether/util/concurrency/ExecutorUtils$$Lambda+0x000000002821c9b0
instanceKlass  @cpi sun/security/util/MemoryCache$QueueCacheEntry 137 form vmentry <vmtarget> ; # java/lang/invoke/LambdaForm$DMH+0x0000000028220000
instanceKlass org/eclipse/aether/util/concurrency/ExecutorUtils
instanceKlass org/apache/http/conn/ClientConnectionManager
instanceKlass org/apache/http/cookie/CookieIdentityComparator
instanceKlass org/apache/http/impl/client/BasicCookieStore
instanceKlass org/apache/http/impl/cookie/IgnoreSpecProvider
instanceKlass org/apache/http/impl/cookie/NetscapeDraftSpecProvider
instanceKlass org/apache/http/impl/cookie/RFC6265CookieSpecProvider
instanceKlass org/apache/http/cookie/CookieSpec
instanceKlass org/apache/http/impl/cookie/BasicPathHandler
instanceKlass org/apache/http/cookie/CommonCookieAttributeHandler
instanceKlass org/apache/http/cookie/CookieAttributeHandler
instanceKlass org/apache/http/impl/cookie/DefaultCookieSpecProvider
instanceKlass org/apache/http/cookie/CookieSpecProvider
instanceKlass org/apache/http/impl/client/CookieSpecRegistries
instanceKlass org/apache/http/impl/execchain/RedirectExec
instanceKlass org/apache/http/impl/execchain/ServiceUnavailableRetryExec
instanceKlass org/apache/http/impl/conn/DefaultRoutePlanner
instanceKlass org/apache/http/impl/execchain/RetryExec
instanceKlass org/apache/http/impl/execchain/ProtocolExec
instanceKlass org/apache/http/client/entity/DeflateInputStreamFactory
instanceKlass org/apache/http/client/entity/GZIPInputStreamFactory
instanceKlass org/apache/http/client/entity/InputStreamFactory
instanceKlass org/apache/http/client/protocol/ResponseContentEncoding
instanceKlass org/apache/http/client/protocol/ResponseProcessCookies
instanceKlass org/apache/http/client/protocol/RequestAuthCache
instanceKlass org/apache/http/client/protocol/RequestAcceptEncoding
instanceKlass org/apache/http/client/protocol/RequestAddCookies
instanceKlass org/apache/http/protocol/ChainBuilder
instanceKlass org/apache/http/client/protocol/RequestExpectContinue
instanceKlass org/apache/http/client/protocol/RequestClientConnControl
instanceKlass org/apache/http/protocol/RequestContent
instanceKlass org/apache/http/client/protocol/RequestDefaultHeaders
instanceKlass org/apache/http/protocol/HttpProcessorBuilder
instanceKlass org/apache/http/conn/routing/BasicRouteDirector
instanceKlass org/apache/http/impl/auth/HttpAuthenticator
instanceKlass org/apache/http/conn/routing/RouteInfo
instanceKlass org/apache/http/conn/routing/HttpRouteDirector
instanceKlass org/apache/http/impl/execchain/MainClientExec
instanceKlass org/apache/http/protocol/RequestUserAgent
instanceKlass org/apache/http/protocol/RequestTargetHost
instanceKlass org/apache/http/protocol/ImmutableHttpProcessor
instanceKlass org/apache/http/impl/client/DefaultUserTokenHandler
instanceKlass org/apache/http/impl/client/AuthenticationStrategyImpl
instanceKlass org/apache/http/HeaderElementIterator
instanceKlass org/apache/http/impl/client/DefaultConnectionKeepAliveStrategy
instanceKlass org/apache/http/HeaderIterator
instanceKlass org/apache/http/TokenIterator
instanceKlass org/apache/http/impl/DefaultConnectionReuseStrategy
instanceKlass org/apache/http/protocol/HttpRequestExecutor
instanceKlass org/apache/http/impl/client/BasicAuthCache
instanceKlass org/eclipse/aether/util/ChecksumUtils
instanceKlass org/eclipse/aether/util/StringDigestUtil
instanceKlass org/apache/http/impl/client/BasicCredentialsProvider
instanceKlass org/eclipse/aether/transport/http/DeferredCredentialsProvider
instanceKlass org/apache/http/impl/client/DefaultRedirectStrategy
instanceKlass org/apache/http/client/methods/Configurable
instanceKlass org/apache/http/client/CookieStore
instanceKlass org/apache/http/conn/routing/HttpRoutePlanner
instanceKlass org/apache/http/impl/execchain/ClientExecChain
instanceKlass org/apache/http/protocol/HttpProcessor
instanceKlass org/apache/http/HttpResponseInterceptor
instanceKlass org/apache/http/HttpRequestInterceptor
instanceKlass org/apache/http/client/UserTokenHandler
instanceKlass org/apache/http/client/AuthenticationStrategy
instanceKlass org/apache/http/conn/ConnectionKeepAliveStrategy
instanceKlass org/apache/http/impl/client/HttpClientBuilder
instanceKlass org/eclipse/aether/transport/http/HttpTransporter$ResolverServiceUnavailableRetryStrategy
instanceKlass org/apache/http/impl/client/DefaultHttpRequestRetryHandler
instanceKlass org/apache/http/client/config/RequestConfig$Builder
instanceKlass org/apache/http/client/config/RequestConfig
instanceKlass org/apache/http/config/SocketConfig$Builder
instanceKlass org/apache/http/config/SocketConfig
instanceKlass org/apache/http/impl/auth/KerberosSchemeFactory
instanceKlass org/apache/http/impl/auth/SPNegoSchemeFactory
instanceKlass org/apache/http/impl/auth/NTLMSchemeFactory
instanceKlass org/apache/http/impl/auth/DigestSchemeFactory
instanceKlass org/apache/http/impl/auth/BasicSchemeFactory
instanceKlass org/apache/http/auth/AuthSchemeProvider
instanceKlass org/apache/http/auth/AuthSchemeFactory
instanceKlass org/eclipse/aether/transport/http/GlobalState$CompoundKey
instanceKlass org/apache/http/impl/conn/PoolingHttpClientConnectionManager$InternalConnectionFactory
instanceKlass org/apache/http/pool/RouteSpecificPool
instanceKlass org/apache/http/pool/AbstractConnPool
instanceKlass org/apache/http/pool/ConnPool
instanceKlass org/apache/http/impl/conn/PoolingHttpClientConnectionManager$ConfigData
instanceKlass org/apache/http/impl/entity/StrictContentLengthStrategy
instanceKlass org/apache/http/impl/entity/LaxContentLengthStrategy
instanceKlass org/apache/http/impl/EnglishReasonPhraseCatalog
instanceKlass org/apache/http/ReasonPhraseCatalog
instanceKlass org/apache/http/impl/DefaultHttpResponseFactory
instanceKlass org/apache/http/RequestLine
instanceKlass org/apache/http/StatusLine
instanceKlass org/apache/http/ProtocolVersion
instanceKlass org/apache/http/message/BasicLineParser
instanceKlass org/apache/http/io/HttpMessageParser
instanceKlass org/apache/http/HttpResponseFactory
instanceKlass org/apache/http/message/LineParser
instanceKlass org/apache/http/impl/conn/DefaultHttpResponseParserFactory
instanceKlass org/apache/http/message/BasicLineFormatter
instanceKlass org/apache/http/io/HttpMessageWriter
instanceKlass org/apache/http/message/LineFormatter
instanceKlass org/apache/http/impl/io/DefaultHttpRequestWriterFactory
instanceKlass org/apache/http/impl/BHttpConnectionBase
instanceKlass org/apache/http/conn/ManagedHttpClientConnection
instanceKlass org/apache/http/HttpInetConnection
instanceKlass org/apache/http/HttpClientConnection
instanceKlass org/apache/http/HttpConnection
instanceKlass org/apache/http/entity/ContentLengthStrategy
instanceKlass org/apache/http/io/HttpMessageParserFactory
instanceKlass org/apache/http/io/HttpMessageWriterFactory
instanceKlass org/apache/http/impl/conn/ManagedHttpClientConnectionFactory
instanceKlass org/apache/http/impl/conn/SystemDefaultDnsResolver
instanceKlass org/apache/http/impl/conn/DefaultSchemePortResolver
instanceKlass org/apache/http/impl/conn/DefaultHttpClientConnectionOperator
instanceKlass org/apache/http/conn/ConnectionRequest
instanceKlass org/apache/http/concurrent/Cancellable
instanceKlass org/apache/http/pool/PoolEntry
instanceKlass org/apache/http/pool/PoolEntryCallback
instanceKlass org/apache/http/pool/ConnFactory
instanceKlass org/apache/http/conn/util/PublicSuffixMatcher
instanceKlass org/apache/http/conn/util/PublicSuffixList
instanceKlass org/apache/http/Consts
instanceKlass org/apache/http/conn/util/PublicSuffixListParser
instanceKlass org/apache/http/conn/util/PublicSuffixMatcherLoader
instanceKlass org/apache/http/conn/ssl/DefaultHostnameVerifier
instanceKlass org/slf4j/spi/LocationAwareLogger
instanceKlass org/apache/commons/logging/impl/SLF4JLog
instanceKlass org/apache/commons/logging/impl/SLF4JLocationAwareLog
instanceKlass org/apache/commons/logging/Log
instanceKlass org/apache/commons/logging/LogFactory
instanceKlass java/util/ComparableTimSort
instanceKlass org/apache/http/conn/ssl/AbstractVerifier
instanceKlass java/net/Socket
instanceKlass org/apache/http/conn/ssl/X509HostnameVerifier
instanceKlass org/apache/http/conn/ssl/SSLConnectionSocketFactory
instanceKlass org/apache/http/conn/socket/LayeredConnectionSocketFactory
instanceKlass sun/security/provider/AbstractDrbg$NonceProvider
instanceKlass  @bci sun/security/provider/AbstractDrbg$SeederHolder <clinit> ()V 42 <appendix> member <vmtarget> ; # sun/security/provider/AbstractDrbg$SeederHolder$$Lambda+0x00000000281fe738
instanceKlass  @cpi sun/security/provider/AbstractDrbg$SeederHolder 91 form vmentry <vmtarget> ; # java/lang/invoke/LambdaForm$DMH+0x0000000028200c00
# instanceKlass java/lang/invoke/LambdaForm$DMH+0x0000000028200800
instanceKlass java/nio/file/Files$AcceptAllFilter
instanceKlass java/net/NetworkInterface$1
instanceKlass java/net/DefaultInterface
instanceKlass java/net/Inet6Address$Inet6AddressHolder
instanceKlass java/net/InetAddress$PlatformResolver
instanceKlass java/net/spi/InetAddressResolver
instanceKlass java/net/spi/InetAddressResolver$LookupPolicy
instanceKlass java/net/Inet4AddressImpl
instanceKlass java/net/Inet6AddressImpl
instanceKlass java/net/InetAddressImpl
instanceKlass java/util/concurrent/ConcurrentSkipListMap$Node
instanceKlass java/util/concurrent/ConcurrentSkipListMap$Index
instanceKlass java/util/concurrent/ConcurrentNavigableMap
instanceKlass java/net/InetAddress$InetAddressHolder
instanceKlass jdk/internal/util/Exceptions
instanceKlass java/net/InetAddress$1
instanceKlass jdk/internal/access/JavaNetInetAddressAccess
instanceKlass java/net/InetAddress
instanceKlass java/net/InterfaceAddress
instanceKlass java/net/NetworkInterface
instanceKlass sun/security/provider/ByteArrayAccess$BE
instanceKlass sun/security/provider/ByteArrayAccess
instanceKlass sun/security/provider/SeedGenerator
instanceKlass sun/security/provider/AbstractDrbg$SeederHolder
instanceKlass java/security/DrbgParameters$NextBytes
instanceKlass  @bci sun/security/ssl/SSLContextImpl engineInit ([Ljavax/net/ssl/KeyManager;[Ljavax/net/ssl/TrustManager;Ljava/security/SecureRandom;)V 57 <appendix> argL0 ; # sun/security/ssl/SSLContextImpl$$Lambda+0x00000000281fce00
instanceKlass javax/net/ssl/X509ExtendedKeyManager
instanceKlass javax/net/ssl/X509KeyManager
instanceKlass javax/net/ssl/KeyManager
instanceKlass javax/net/ssl/KeyManagerFactorySpi
instanceKlass javax/net/ssl/KeyManagerFactory
instanceKlass javax/net/ssl/X509ExtendedTrustManager
instanceKlass javax/net/ssl/X509TrustManager
instanceKlass javax/net/ssl/TrustManager
instanceKlass sun/security/validator/TrustStoreUtil
instanceKlass sun/security/x509/AccessDescription
instanceKlass sun/security/x509/DNSName
instanceKlass sun/security/x509/URIName
instanceKlass sun/security/x509/DistributionPoint
instanceKlass sun/security/x509/NetscapeCertTypeExtension$MapEntry
instanceKlass java/security/cert/PolicyQualifierInfo
instanceKlass sun/security/x509/CertificatePolicyId
instanceKlass sun/security/x509/PolicyInformation
instanceKlass java/security/interfaces/ECPublicKey
instanceKlass java/security/interfaces/ECKey
instanceKlass  @bci sun/security/ec/ECKeyFactory implGeneratePublic (Ljava/security/spec/KeySpec;)Ljava/security/PublicKey; 6 <appendix> member <vmtarget> ; # sun/security/ec/ECKeyFactory$$TypeSwitch+0x00000000281f71e0
instanceKlass java/security/spec/ECPublicKeySpec
instanceKlass sun/security/x509/GeneralName
instanceKlass java/security/PKCS12Attribute
instanceKlass java/security/KeyStore$Entry$Attribute
instanceKlass sun/security/pkcs12/PKCS12KeyStore$Entry
instanceKlass sun/util/logging/PlatformLogger$ConfigurableBridge$LoggerConfiguration
instanceKlass jdk/internal/logger/LoggerFinderLoader
instanceKlass jdk/internal/logger/LazyLoggers$LazyLoggerFactories
instanceKlass jdk/internal/logger/LazyLoggers$1
instanceKlass jdk/internal/logger/LazyLoggers
instanceKlass jdk/internal/misc/ThreadTracker
instanceKlass jdk/internal/event/EventHelper$ThreadTrackHolder
instanceKlass jdk/internal/event/EventHelper
instanceKlass sun/security/jca/JCAUtil
instanceKlass sun/security/util/MemoryCache$CacheEntry
instanceKlass sun/security/x509/GeneralNames
instanceKlass sun/security/x509/KeyIdentifier
# instanceKlass java/lang/invoke/LambdaForm$MH+0x0000000028200400
instanceKlass sun/security/x509/OIDMap$OIDInfo
instanceKlass sun/security/x509/PKIXExtensions
instanceKlass sun/security/x509/OIDMap
instanceKlass sun/security/x509/Extension
instanceKlass java/security/cert/Extension
instanceKlass sun/security/x509/CertificateExtensions
instanceKlass sun/security/rsa/RSAUtil
instanceKlass java/security/interfaces/RSAPublicKey
instanceKlass java/security/interfaces/RSAKey
instanceKlass  @bci sun/security/rsa/RSAKeyFactory generatePublic (Ljava/security/spec/KeySpec;)Ljava/security/PublicKey; 6 <appendix> member <vmtarget> ; # sun/security/rsa/RSAKeyFactory$$TypeSwitch+0x00000000281f0dc8
instanceKlass java/security/spec/PSSParameterSpec
instanceKlass java/security/spec/RSAPrivateKeySpec
instanceKlass java/security/spec/RSAPublicKeySpec
instanceKlass  @bci java/security/spec/EncodedKeySpec <clinit> ()V 0 <appendix> argL0 ; # java/security/spec/EncodedKeySpec$$Lambda+0x00000000281ef7a8
instanceKlass jdk/internal/access/JavaSecuritySpecAccess
instanceKlass java/security/spec/EncodedKeySpec
instanceKlass java/security/spec/KeySpec
instanceKlass sun/security/util/BitArray
instanceKlass sun/security/x509/X509Key
instanceKlass java/security/PublicKey
instanceKlass java/security/AsymmetricKey
instanceKlass sun/security/x509/CertificateX509Key
instanceKlass sun/security/x509/CertificateValidity
instanceKlass sun/security/x509/AVA
instanceKlass sun/security/x509/RDN
instanceKlass sun/security/x509/X500Name
instanceKlass sun/security/x509/GeneralNameInterface
instanceKlass sun/security/x509/CertificateAlgorithmId
instanceKlass sun/security/x509/SerialNumber
instanceKlass sun/security/x509/CertificateSerialNumber
instanceKlass sun/security/x509/CertificateVersion
instanceKlass sun/security/x509/X509CertInfo
instanceKlass sun/security/x509/AlgorithmId
instanceKlass java/security/DEREncodable
instanceKlass java/security/cert/X509Extension
instanceKlass sun/security/util/Cache$EqualByteArray
instanceKlass java/security/cert/CertificateFactorySpi
instanceKlass java/security/cert/CertificateFactory
instanceKlass sun/security/pkcs/ContentInfo
instanceKlass sun/security/util/IOUtils
instanceKlass sun/security/util/DerInputStream
instanceKlass sun/security/util/DerValue
instanceKlass java/security/KeyStoreSpi
instanceKlass java/security/KeyStore
instanceKlass sun/security/util/FilePaths
instanceKlass sun/security/ssl/TrustStoreManager$TrustStoreDescriptor
instanceKlass sun/security/ssl/TrustStoreManager$TrustAnchorManager
instanceKlass sun/security/ssl/TrustStoreManager
instanceKlass javax/net/ssl/TrustManagerFactorySpi
instanceKlass javax/net/ssl/TrustManagerFactory
instanceKlass sun/security/ssl/SSLContextImpl$DefaultManagersHolder
instanceKlass sun/security/util/Cache
instanceKlass sun/security/ssl/SSLSessionContextImpl
instanceKlass javax/net/ssl/SSLSessionContext
instanceKlass sun/security/ssl/EphemeralKeyManager$EphemeralKeyPair
instanceKlass sun/security/ssl/EphemeralKeyManager
instanceKlass sun/security/ssl/SSLContextImpl$CustomizedSSLProtocols
instanceKlass java/security/spec/NamedParameterSpec
instanceKlass sun/security/util/ECKeySizeParameterSpec
instanceKlass java/security/AlgorithmParametersSpi
instanceKlass java/security/AlgorithmParameters
instanceKlass sun/security/util/ECUtil
instanceKlass java/security/KeyPairGeneratorSpi
instanceKlass java/security/KeyFactorySpi
instanceKlass java/security/KeyFactory
instanceKlass javax/crypto/KeyAgreement
instanceKlass sun/security/util/MessageDigestSpi2
instanceKlass sun/security/jca/GetInstance$Instance
instanceKlass java/security/MessageDigestSpi
instanceKlass java/security/Signature$1
instanceKlass jdk/internal/access/JavaSecuritySignatureAccess
instanceKlass java/security/SignatureSpi
instanceKlass sun/security/ssl/JsseJce$EcAvailability
instanceKlass sun/security/ssl/SSLAlgorithmDecomposer$1
instanceKlass sun/security/ssl/Utilities
instanceKlass sun/security/ssl/JsseJce
instanceKlass sun/security/ssl/NamedGroup$XDHScheme
instanceKlass sun/security/ssl/NamedGroup$FFDHEScheme
instanceKlass sun/security/ssl/NamedGroup$ECDHEScheme
instanceKlass sun/security/ssl/NamedGroup$NamedGroupScheme
instanceKlass sun/security/ssl/SSLCipher$T13CC20P1305WriteCipherGenerator
instanceKlass sun/security/ssl/SSLCipher$T12CC20P1305WriteCipherGenerator
instanceKlass sun/security/ssl/SSLCipher$T13CC20P1305ReadCipherGenerator
instanceKlass sun/security/ssl/SSLCipher$T12CC20P1305ReadCipherGenerator
instanceKlass sun/security/ssl/SSLCipher$T13GcmWriteCipherGenerator
instanceKlass sun/security/ssl/SSLCipher$T13GcmReadCipherGenerator
instanceKlass sun/security/ssl/SSLCipher$T12GcmWriteCipherGenerator
instanceKlass sun/security/ssl/SSLCipher$T12GcmReadCipherGenerator
instanceKlass java/util/Vector$1
instanceKlass javax/crypto/JceSecurityManager
instanceKlass sun/security/ssl/SSLCipher$T11BlockWriteCipherGenerator
instanceKlass sun/security/ssl/SSLCipher$T11BlockReadCipherGenerator
instanceKlass com/sun/crypto/provider/PKCS5Padding
instanceKlass com/sun/crypto/provider/Padding
instanceKlass com/sun/crypto/provider/FeedbackCipher
instanceKlass com/sun/crypto/provider/SymmetricCipher
instanceKlass com/sun/crypto/provider/DESConstants
instanceKlass com/sun/crypto/provider/CipherCore
instanceKlass sun/security/ssl/SSLCipher$T10BlockWriteCipherGenerator
instanceKlass sun/security/ssl/SSLCipher$T10BlockReadCipherGenerator
instanceKlass javax/crypto/CipherSpi
instanceKlass javax/crypto/ProviderVerifier
instanceKlass java/lang/Class$Holder
instanceKlass javax/crypto/JceSecurity$1
instanceKlass java/util/Vector$Itr
instanceKlass javax/crypto/CryptoPolicyParser$CryptoPermissionEntry
instanceKlass javax/crypto/CryptoPolicyParser$GrantEntry
instanceKlass java/io/StreamTokenizer
instanceKlass javax/crypto/CryptoPolicyParser
instanceKlass sun/nio/fs/BasicFileAttributesHolder
instanceKlass sun/nio/fs/WindowsDirectoryStream$WindowsDirectoryIterator
instanceKlass java/nio/file/Files$1
instanceKlass java/nio/file/DirectoryStream$Filter
instanceKlass sun/nio/fs/WindowsFileSystem$1
instanceKlass java/nio/file/PathMatcher
instanceKlass sun/nio/fs/Globs
instanceKlass javax/crypto/JceSecurity
instanceKlass sun/security/jca/ProviderList$ServiceIterator
instanceKlass sun/security/jca/ServiceId
instanceKlass javax/crypto/Cipher$Transform
instanceKlass sun/security/util/SecurityProperties
instanceKlass sun/security/util/CryptoAlgorithmConstraints$CryptoHolder
instanceKlass javax/crypto/Cipher
instanceKlass sun/security/ssl/SSLCipher$StreamWriteCipherGenerator
instanceKlass sun/security/ssl/SSLCipher$StreamReadCipherGenerator
instanceKlass sun/security/ssl/SSLCipher$NullWriteCipherGenerator
instanceKlass sun/security/ssl/SSLCipher$WriteCipherGenerator
instanceKlass sun/security/ssl/SSLCipher$NullReadCipherGenerator
instanceKlass sun/security/ssl/SSLCipher$ReadCipherGenerator
instanceKlass  @bci sun/security/util/DisabledAlgorithmConstraints checkDisabledPatterns (Ljava/lang/String;)Z 17 <appendix> member <vmtarget> ; # sun/security/util/DisabledAlgorithmConstraints$$Lambda+0x00000000281d2e80
instanceKlass java/time/zone/ZoneOffsetTransition
instanceKlass java/time/LocalTime
instanceKlass java/time/Instant
instanceKlass java/time/temporal/ValueRange
instanceKlass java/time/temporal/TemporalField
instanceKlass java/time/LocalDate
instanceKlass java/time/chrono/ChronoLocalDate
instanceKlass java/time/ZonedDateTime
instanceKlass java/time/chrono/ChronoZonedDateTime
instanceKlass java/time/LocalDateTime
instanceKlass java/time/chrono/ChronoLocalDateTime
instanceKlass java/time/temporal/Temporal
instanceKlass java/time/zone/ZoneOffsetTransitionRule
instanceKlass java/time/zone/ZoneRules
instanceKlass java/time/temporal/TemporalAdjuster
instanceKlass java/time/temporal/TemporalAccessor
instanceKlass sun/security/util/DisabledAlgorithmConstraints$Constraints$Holder
instanceKlass java/util/StringTokenizer
instanceKlass sun/security/util/DisabledAlgorithmConstraints$Constraint
instanceKlass sun/security/util/DisabledAlgorithmConstraints$Constraints
instanceKlass sun/security/util/AlgorithmDecomposer
instanceKlass sun/security/util/AbstractAlgorithmConstraints
instanceKlass sun/security/ssl/SSLAlgorithmConstraints
instanceKlass java/security/AlgorithmConstraints
instanceKlass sun/security/ssl/SSLLogger
instanceKlass java/security/spec/ECFieldF2m
instanceKlass sun/security/util/ObjectIdentifier
instanceKlass sun/security/util/ByteArrayTagOrder
instanceKlass sun/security/util/ByteArrayLexOrder
instanceKlass sun/security/util/DerEncoder
instanceKlass java/security/spec/ECParameterSpec
instanceKlass java/security/spec/ECPoint
instanceKlass java/security/spec/EllipticCurve
instanceKlass java/security/spec/ECFieldFp
instanceKlass java/security/spec/ECField
instanceKlass sun/security/util/CurveDB
instanceKlass sun/security/rsa/SunRsaSignEntries
instanceKlass sun/security/jca/GetInstance
instanceKlass javax/net/ssl/SSLContextSpi
instanceKlass javax/net/ssl/SSLContext
instanceKlass javax/net/ssl/SSLSocketFactory$DefaultFactoryHolder
instanceKlass javax/net/SocketFactory
instanceKlass java/net/SocketAddress
instanceKlass org/apache/http/conn/socket/PlainConnectionSocketFactory
instanceKlass org/apache/http/conn/socket/ConnectionSocketFactory
instanceKlass org/apache/http/config/RegistryBuilder
instanceKlass  @bci org/eclipse/aether/transport/http/GlobalState getConnectionManager (Lorg/eclipse/aether/transport/http/ConnMgrConfig;)Lorg/apache/http/conn/HttpClientConnectionManager; 5 <appendix> argL0 ; # org/eclipse/aether/transport/http/GlobalState$$Lambda+0x0000000028205798
instanceKlass org/apache/http/conn/HttpClientConnectionOperator
instanceKlass org/apache/http/conn/HttpConnectionFactory
instanceKlass org/apache/http/conn/SchemePortResolver
instanceKlass org/apache/http/conn/DnsResolver
instanceKlass javax/net/ssl/HostnameVerifier
instanceKlass org/eclipse/aether/transport/http/GlobalState
instanceKlass org/eclipse/aether/transport/http/ConnMgrConfig
instanceKlass org/eclipse/aether/transport/http/LocalState
instanceKlass org/eclipse/aether/repository/AuthenticationContext
instanceKlass org/apache/http/util/TextUtils
instanceKlass org/apache/http/util/Args
instanceKlass org/apache/http/HttpHost
instanceKlass org/apache/http/client/utils/URIUtils
instanceKlass org/eclipse/aether/transport/http/DeferredCredentialsProvider$Factory
instanceKlass org/apache/http/HttpEntityEnclosingRequest
instanceKlass org/apache/http/ConnectionReuseStrategy
instanceKlass org/eclipse/aether/spi/connector/transport/TransportTask
instanceKlass org/eclipse/aether/spi/connector/transport/AbstractTransporter
instanceKlass org/eclipse/aether/internal/impl/Maven2RepositoryLayoutFactory$Maven2RepositoryLayout
instanceKlass  @bci org/eclipse/aether/internal/impl/Maven2RepositoryLayoutFactory newInstance (Lorg/eclipse/aether/RepositorySystemSession;Lorg/eclipse/aether/repository/RemoteRepository;)Lorg/eclipse/aether/spi/connector/layout/RepositoryLayout; 141 <appendix> argL0 ; # org/eclipse/aether/internal/impl/Maven2RepositoryLayoutFactory$$Lambda+0x00000000281bdce8
instanceKlass  @bci java/util/stream/Collectors toSet ()Ljava/util/stream/Collector; 14 <appendix> argL0 ; # java/util/stream/Collectors$$Lambda+0x800000046
instanceKlass  @bci java/util/stream/Collectors toSet ()Ljava/util/stream/Collector; 9 <appendix> argL0 ; # java/util/stream/Collectors$$Lambda+0x80000003e
instanceKlass  @bci java/util/stream/Collectors toSet ()Ljava/util/stream/Collector; 4 <appendix> argL0 ; # java/util/stream/Collectors$$Lambda+0x80000004b
instanceKlass  @bci org/eclipse/aether/internal/impl/Maven2RepositoryLayoutFactory newInstance (Lorg/eclipse/aether/RepositorySystemSession;Lorg/eclipse/aether/repository/RemoteRepository;)Lorg/eclipse/aether/spi/connector/layout/RepositoryLayout; 111 <appendix> argL0 ; # org/eclipse/aether/internal/impl/Maven2RepositoryLayoutFactory$$Lambda+0x00000000281bda90
instanceKlass  @bci org/eclipse/aether/internal/impl/checksum/DefaultChecksumAlgorithmFactorySelector selectList (Ljava/util/Collection;)Ljava/util/List; 7 <appendix> member <vmtarget> ; # org/eclipse/aether/internal/impl/checksum/DefaultChecksumAlgorithmFactorySelector$$Lambda+0x00000000281bd840
instanceKlass  @cpi com/sun/tools/javac/comp/TypeEnter 805 form vmentry <vmtarget> ; # java/lang/invoke/LambdaForm$DMH+0x0000000028200000
instanceKlass  @bci org/eclipse/aether/util/ConfigUtils parseCommaSeparatedNames (Ljava/lang/String;)Ljava/util/List; 27 <appendix> argL0 ; # org/eclipse/aether/util/ConfigUtils$$Lambda+0x00000000281bd5e8
instanceKlass org/eclipse/aether/spi/connector/transport/TransportListener
instanceKlass org/eclipse/aether/connector/basic/BasicRepositoryConnector
instanceKlass org/eclipse/aether/repository/AuthenticationDigest
instanceKlass sun/nio/fs/WindowsDirectoryStream
instanceKlass java/nio/file/DirectoryStream
instanceKlass sun/nio/fs/WindowsFileSystemProvider$1
instanceKlass org/eclipse/aether/resolution/ResolutionErrorPolicyRequest
instanceKlass  @bci org/eclipse/aether/named/support/NamedLockFactorySupport closeLock (Ljava/lang/String;)V 6 <appendix> member <vmtarget> ; # org/eclipse/aether/named/support/NamedLockFactorySupport$$Lambda+0x00000000281bb780
instanceKlass org/eclipse/aether/internal/impl/DefaultArtifactResolver$ResolutionItem
instanceKlass org/eclipse/aether/internal/impl/Utils
instanceKlass org/eclipse/aether/repository/LocalArtifactRequest
instanceKlass org/apache/maven/repository/internal/DefaultVersionResolver$Key
instanceKlass org/eclipse/aether/internal/impl/DefaultRepositoryEventDispatcher$1
instanceKlass org/eclipse/aether/RepositoryEvent$Builder
instanceKlass org/eclipse/aether/internal/impl/filter/PrefixesRemoteRepositoryFilterSource$1
instanceKlass org/eclipse/aether/internal/impl/filter/RemoteRepositoryFilterSourceSupport$SimpleResult
instanceKlass  @bci org/eclipse/aether/internal/impl/filter/DefaultRemoteRepositoryFilterManager getRemoteRepositoryFilter (Lorg/eclipse/aether/RepositorySystemSession;)Lorg/eclipse/aether/spi/connector/filter/RemoteRepositoryFilter; 40 <appendix> member <vmtarget> ; # org/eclipse/aether/internal/impl/filter/DefaultRemoteRepositoryFilterManager$$Lambda+0x00000000281b9fb8
instanceKlass  @bci org/eclipse/aether/named/support/ReadWriteLockNamedLock <init> (Ljava/lang/String;Lorg/eclipse/aether/named/support/NamedLockFactorySupport;Ljava/util/concurrent/locks/ReadWriteLock;)V 7 <appendix> argL0 ; # org/eclipse/aether/named/support/ReadWriteLockNamedLock$$Lambda+0x00000000281b9940
instanceKlass org/eclipse/aether/named/support/Retry$DoNotRetry
instanceKlass  @bci org/eclipse/aether/named/support/NamedLockFactorySupport getLock (Ljava/lang/String;)Lorg/eclipse/aether/named/support/NamedLockSupport; 6 <appendix> member <vmtarget> ; # org/eclipse/aether/named/support/NamedLockFactorySupport$$Lambda+0x00000000281b9290
instanceKlass java/time/temporal/TemporalUnit
instanceKlass java/time/Duration
instanceKlass java/time/temporal/TemporalAmount
instanceKlass org/eclipse/aether/internal/impl/synccontext/named/NamedLockFactoryAdapter$AdaptedLockSyncContext
instanceKlass org/eclipse/aether/internal/impl/synccontext/named/GAVNameMapper
instanceKlass org/eclipse/aether/internal/impl/synccontext/named/NameMappers
instanceKlass org/eclipse/sisu/wire/NamedIterableAdapter$NamedEntry
instanceKlass org/eclipse/sisu/wire/NamedIterableAdapter$NamedIterator
instanceKlass  @bci org/eclipse/aether/DefaultSessionData computeIfAbsent (Ljava/lang/Object;Ljava/util/function/Supplier;)Ljava/lang/Object; 6 <appendix> member <vmtarget> ; # org/eclipse/aether/DefaultSessionData$$Lambda+0x00000000281b8000
instanceKlass  @bci org/eclipse/aether/internal/impl/synccontext/DefaultSyncContextFactory newInstance (Lorg/eclipse/aether/RepositorySystemSession;Z)Lorg/eclipse/aether/SyncContext; 18 <appendix> member <vmtarget> ; # org/eclipse/aether/internal/impl/synccontext/DefaultSyncContextFactory$$Lambda+0x00000000281b7c28
instanceKlass org/apache/maven/project/ReactorModelPool$CacheKey
instanceKlass org/eclipse/aether/util/version/GenericVersion$Item
instanceKlass org/eclipse/aether/util/version/GenericVersion$Tokenizer
instanceKlass org/eclipse/aether/util/version/GenericVersion
instanceKlass org/eclipse/aether/util/version/GenericVersionConstraint
instanceKlass org/eclipse/aether/version/VersionConstraint
instanceKlass org/eclipse/aether/version/VersionRange
instanceKlass org/eclipse/aether/util/version/GenericVersionScheme
instanceKlass org/eclipse/aether/artifact/AbstractArtifact
instanceKlass java/util/Formatter$Flags
instanceKlass java/util/Formattable
instanceKlass java/util/Formatter$FormatSpecifier
instanceKlass java/util/Formatter$Conversion
instanceKlass java/util/Formatter$FormatString
instanceKlass java/util/Formatter
instanceKlass org/apache/maven/repository/internal/DefaultModelCache$Key
instanceKlass org/apache/maven/model/building/ModelCacheTag$2
instanceKlass org/apache/maven/model/building/ModelCacheTag$1
instanceKlass  @bci org/apache/maven/model/profile/DefaultProfileActivationContext setProjectProperties (Ljava/util/Properties;)Lorg/apache/maven/model/profile/DefaultProfileActivationContext; 27 <appendix> argL0 ; # org/apache/maven/model/profile/DefaultProfileActivationContext$$Lambda+0x00000000281b59e8
instanceKlass  @bci org/apache/maven/model/profile/DefaultProfileActivationContext setProjectProperties (Ljava/util/Properties;)Lorg/apache/maven/model/profile/DefaultProfileActivationContext; 19 <appendix> argL0 ; # org/apache/maven/model/profile/DefaultProfileActivationContext$$Lambda+0x00000000281b57a0
instanceKlass  @bci org/apache/maven/model/profile/DefaultProfileActivationContext setProjectProperties (Ljava/util/Properties;)Lorg/apache/maven/model/profile/DefaultProfileActivationContext; 14 <appendix> argL0 ; # org/apache/maven/model/profile/DefaultProfileActivationContext$$Lambda+0x00000000281b5558
instanceKlass  @bci org/apache/maven/model/building/DefaultModelBuilder getProfileActivationContext (Lorg/apache/maven/model/building/ModelBuildingRequest;Lorg/apache/maven/model/Model;)Lorg/apache/maven/model/profile/DefaultProfileActivationContext; 55 <appendix> member <vmtarget> ; # org/apache/maven/model/building/DefaultModelBuilder$$Lambda+0x00000000281b5308
instanceKlass org/apache/maven/model/building/ModelProblemUtils
instanceKlass org/apache/maven/model/io/xpp3/MavenXpp3ReaderEx$Xpp3DomBuilderInputLocationBuilder
instanceKlass org/apache/maven/model/Scm
instanceKlass org/apache/maven/model/License
instanceKlass org/apache/maven/model/Parent
instanceKlass org/apache/maven/model/io/xpp3/MavenXpp3ReaderEx$1
instanceKlass org/codehaus/plexus/util/xml/Xpp3DomBuilder$InputLocationBuilder
instanceKlass org/apache/maven/model/io/xpp3/MavenXpp3ReaderEx$ContentTransformer
instanceKlass org/apache/maven/model/io/xpp3/MavenXpp3ReaderEx
instanceKlass org/apache/maven/model/building/ModelSource2
instanceKlass org/apache/maven/model/building/DefaultModelBuildingResult
instanceKlass org/apache/maven/model/building/AbstractModelBuildingListener
instanceKlass org/apache/maven/project/ProjectModelResolver
instanceKlass org/apache/maven/model/building/DefaultModelBuildingRequest
instanceKlass org/apache/maven/artifact/repository/LegacyLocalRepositoryManager
instanceKlass org/apache/maven/repository/internal/DefaultModelCache
instanceKlass org/apache/maven/project/DefaultProjectBuildingRequest
instanceKlass org/apache/maven/shared/utils/logging/AnsiMessageBuilder
instanceKlass org/apache/maven/lifecycle/internal/DefaultExecutionEventCatapult$1
instanceKlass org/apache/maven/lifecycle/internal/DefaultExecutionEvent
instanceKlass org/apache/maven/AbstractMavenLifecycleParticipant
instanceKlass java/util/concurrent/atomic/AtomicReference
instanceKlass org/apache/maven/session/scope/internal/SessionScope$CachingProvider
instanceKlass  @bci org/apache/maven/session/scope/internal/SessionScope seed (Ljava/lang/Class;Ljava/lang/Object;)V 3 <appendix> member <vmtarget> ; # org/apache/maven/session/scope/internal/SessionScope$$Lambda+0x00000000281acda0
instanceKlass org/apache/maven/settings/RuntimeInfo
instanceKlass org/eclipse/aether/internal/impl/LocalPathPrefixComposerFactorySupport$LocalPathPrefixComposerSupport
instanceKlass org/eclipse/aether/internal/impl/SimpleLocalRepositoryManager
instanceKlass java/util/ArrayList$SubList$1
instanceKlass org/eclipse/aether/internal/impl/PrioritizedComponent
instanceKlass org/eclipse/sisu/wire/EntrySetAdapter$ValueIterator
instanceKlass org/eclipse/aether/internal/impl/PrioritizedComponents
instanceKlass  @bci org/apache/maven/RepositoryUtils toRepos (Ljava/util/List;)Ljava/util/List; 18 <appendix> argL0 ; # org/apache/maven/RepositoryUtils$$Lambda+0x00000000281af948
instanceKlass java/util/Spliterators$EmptySpliterator
instanceKlass org/eclipse/aether/repository/RemoteRepository$Builder
instanceKlass java/net/spi/URLStreamHandlerProvider
instanceKlass  @bci java/net/URL lookupViaProviders (Ljava/lang/String;)Ljava/net/URLStreamHandler; 31 <appendix> member <vmtarget> ; # java/net/URL$$Lambda+0x00000000281c4738
instanceKlass java/lang/ScopedValue$CallableOp
instanceKlass java/lang/ScopedValue$Carrier
instanceKlass java/lang/ScopedValue$Snapshot
instanceKlass org/eclipse/aether/util/ConfigUtils
instanceKlass org/eclipse/aether/AbstractRepositoryListener
instanceKlass org/eclipse/aether/util/repository/DefaultAuthenticationSelector
instanceKlass org/eclipse/aether/util/repository/DefaultProxySelector
instanceKlass org/eclipse/aether/util/repository/DefaultMirrorSelector$MirrorDef
instanceKlass org/eclipse/aether/util/repository/DefaultMirrorSelector
instanceKlass org/apache/maven/settings/crypto/DefaultSettingsDecryptionResult
instanceKlass org/apache/maven/settings/crypto/DefaultSettingsDecryptionRequest
instanceKlass org/apache/maven/RepositoryUtils$MavenArtifactTypeRegistry
instanceKlass org/apache/maven/RepositoryUtils
instanceKlass org/eclipse/aether/util/repository/SimpleResolutionErrorPolicy
instanceKlass  @bci java/util/stream/Collectors mapMerger (Ljava/util/function/BinaryOperator;)Ljava/util/function/BinaryOperator; 1 <appendix> member <vmtarget> ; # java/util/stream/Collectors$$Lambda+0x00000000281c3ea8
instanceKlass  @bci java/util/stream/Collectors toMap (Ljava/util/function/Function;Ljava/util/function/Function;Ljava/util/function/BinaryOperator;Ljava/util/function/Supplier;)Ljava/util/stream/Collector; 3 <appendix> member <vmtarget> ; # java/util/stream/Collectors$$Lambda+0x00000000281c3c68
instanceKlass  @cpi java/util/stream/Collectors 1306 form vmentry <vmtarget> ; # java/lang/invoke/LambdaForm$DMH+0x00000000281ac000
instanceKlass  @bci java/util/stream/Collectors toMap (Ljava/util/function/Function;Ljava/util/function/Function;Ljava/util/function/BinaryOperator;)Ljava/util/stream/Collector; 3 <appendix> argL0 ; # java/util/stream/Collectors$$Lambda+0x00000000281c3a40
instanceKlass  @bci org/apache/maven/internal/aether/DefaultRepositorySystemSessionFactory getPropertiesFromRequestedProfiles (Lorg/apache/maven/execution/MavenExecutionRequest;)Ljava/util/Map; 59 <appendix> argL0 ; # org/apache/maven/internal/aether/DefaultRepositorySystemSessionFactory$$Lambda+0x00000000281ab2c8
instanceKlass  @bci org/apache/maven/internal/aether/DefaultRepositorySystemSessionFactory getPropertiesFromRequestedProfiles (Lorg/apache/maven/execution/MavenExecutionRequest;)Ljava/util/Map; 54 <appendix> argL0 ; # org/apache/maven/internal/aether/DefaultRepositorySystemSessionFactory$$Lambda+0x00000000281ab080
instanceKlass  @bci org/apache/maven/internal/aether/DefaultRepositorySystemSessionFactory getPropertiesFromRequestedProfiles (Lorg/apache/maven/execution/MavenExecutionRequest;)Ljava/util/Map; 49 <appendix> argL0 ; # org/apache/maven/internal/aether/DefaultRepositorySystemSessionFactory$$Lambda+0x00000000281aae38
instanceKlass  @bci org/apache/maven/internal/aether/DefaultRepositorySystemSessionFactory getPropertiesFromRequestedProfiles (Lorg/apache/maven/execution/MavenExecutionRequest;)Ljava/util/Map; 39 <appendix> argL0 ; # org/apache/maven/internal/aether/DefaultRepositorySystemSessionFactory$$Lambda+0x00000000281aabf0
instanceKlass  @bci org/apache/maven/internal/aether/DefaultRepositorySystemSessionFactory getPropertiesFromRequestedProfiles (Lorg/apache/maven/execution/MavenExecutionRequest;)Ljava/util/Map; 29 <appendix> argL0 ; # org/apache/maven/internal/aether/DefaultRepositorySystemSessionFactory$$Lambda+0x00000000281aa9a8
instanceKlass  @bci org/apache/maven/internal/aether/DefaultRepositorySystemSessionFactory getPropertiesFromRequestedProfiles (Lorg/apache/maven/execution/MavenExecutionRequest;)Ljava/util/Map; 19 <appendix> member <vmtarget> ; # org/apache/maven/internal/aether/DefaultRepositorySystemSessionFactory$$Lambda+0x00000000281aa748
instanceKlass org/eclipse/aether/util/repository/SimpleArtifactDescriptorPolicy
instanceKlass org/eclipse/aether/artifact/DefaultArtifactType
instanceKlass org/eclipse/aether/util/artifact/SimpleArtifactTypeRegistry
instanceKlass org/eclipse/aether/util/graph/transformer/JavaDependencyContextRefiner
instanceKlass org/eclipse/aether/util/graph/transformer/ChainedDependencyGraphTransformer
instanceKlass org/eclipse/aether/util/graph/transformer/ConflictResolver
instanceKlass org/eclipse/aether/graph/Exclusion
instanceKlass org/eclipse/aether/util/graph/selector/ExclusionDependencySelector
instanceKlass org/eclipse/aether/util/graph/selector/OptionalDependencySelector
instanceKlass org/eclipse/aether/util/graph/selector/ScopeDependencySelector
instanceKlass org/eclipse/aether/util/graph/selector/AndDependencySelector
instanceKlass org/eclipse/aether/util/graph/manager/ClassicDependencyManager
instanceKlass org/eclipse/aether/util/graph/traverser/FatArtifactTraverser
instanceKlass org/eclipse/aether/DefaultSessionData
instanceKlass org/eclipse/aether/DefaultRepositorySystemSession$NullFileTransformerManager
instanceKlass org/eclipse/aether/transform/FileTransformerManager
instanceKlass org/eclipse/aether/DefaultRepositorySystemSession$NullArtifactTypeRegistry
instanceKlass org/eclipse/aether/DefaultRepositorySystemSession$NullAuthenticationSelector
instanceKlass org/eclipse/aether/DefaultRepositorySystemSession$NullProxySelector
instanceKlass org/eclipse/aether/DefaultRepositorySystemSession$NullMirrorSelector
instanceKlass org/eclipse/aether/SessionData
instanceKlass org/eclipse/aether/artifact/ArtifactTypeRegistry
instanceKlass org/eclipse/aether/collection/DependencyGraphTransformer
instanceKlass org/eclipse/aether/util/graph/transformer/ConflictResolver$VersionSelector
instanceKlass org/eclipse/aether/util/graph/transformer/ConflictResolver$ScopeSelector
instanceKlass org/eclipse/aether/util/graph/transformer/ConflictResolver$OptionalitySelector
instanceKlass org/eclipse/aether/util/graph/transformer/ConflictResolver$ScopeDeriver
instanceKlass org/apache/maven/repository/internal/MavenRepositorySystemUtils
instanceKlass org/apache/maven/execution/DefaultMavenExecutionResult
instanceKlass org/apache/maven/artifact/repository/MavenArtifactRepository
instanceKlass org/apache/maven/artifact/repository/layout/ArtifactRepositoryLayout2
instanceKlass org/apache/maven/artifact/repository/layout/DefaultRepositoryLayout$$FastClassByGuice$$168353898
instanceKlass jdk/internal/vm/ThreadContainers
instanceKlass java/util/concurrent/ForkJoinPool$DefaultForkJoinWorkerThreadFactory
instanceKlass java/util/concurrent/ForkJoinPool$1
instanceKlass jdk/internal/access/JavaUtilConcurrentFJPAccess
instanceKlass org/apache/maven/execution/AbstractExecutionListener
instanceKlass java/util/concurrent/ForkJoinTask
instanceKlass java/util/concurrent/ForkJoinPool$WorkQueue
instanceKlass jdk/internal/vm/StackableScope
instanceKlass java/util/concurrent/CountDownLatch
instanceKlass java/util/concurrent/ForkJoinPool$ForkJoinWorkerThreadFactory
instanceKlass java/util/concurrent/ScheduledExecutorService
instanceKlass java/util/concurrent/AbstractExecutorService
instanceKlass java/util/concurrent/ExecutorService
instanceKlass java/util/concurrent/ForkJoinPool$ManagedBlocker
instanceKlass java/util/concurrent/locks/AbstractQueuedSynchronizer$Node
instanceKlass  @bci org/apache/maven/cli/transfer/SimplexTransferListener <init> (Lorg/eclipse/aether/transfer/TransferListener;IIZ)V 74 <appendix> member <vmtarget> ; # org/apache/maven/cli/transfer/SimplexTransferListener$$Lambda+0x00000000281a7490
instanceKlass org/apache/maven/cli/transfer/SimplexTransferListener$Exchange
instanceKlass org/eclipse/aether/transfer/AbstractTransferListener
instanceKlass org/apache/maven/toolchain/building/DefaultToolchainsBuildingResult
instanceKlass org/apache/maven/toolchain/building/DefaultToolchainsBuilder$1
instanceKlass org/apache/maven/toolchain/model/io/xpp3/MavenToolchainsXpp3Writer
instanceKlass org/apache/maven/toolchain/model/io/xpp3/MavenToolchainsXpp3Reader$1
instanceKlass org/apache/maven/toolchain/model/io/xpp3/MavenToolchainsXpp3Reader$ContentTransformer
instanceKlass org/apache/maven/toolchain/model/io/xpp3/MavenToolchainsXpp3Reader
instanceKlass org/apache/maven/building/DefaultProblemCollector
instanceKlass org/apache/maven/building/ProblemCollectorFactory
instanceKlass org/apache/maven/toolchain/building/DefaultToolchainsBuildingRequest
instanceKlass org/apache/maven/settings/building/DefaultSettingsBuildingResult
instanceKlass org/apache/maven/settings/building/DefaultSettingsBuilder$1
instanceKlass org/codehaus/plexus/interpolation/os/OperatingSystemUtils$DefaultEnvVarSource
instanceKlass org/codehaus/plexus/interpolation/os/OperatingSystemUtils$EnvVarSource
instanceKlass org/codehaus/plexus/interpolation/os/OperatingSystemUtils
instanceKlass org/codehaus/plexus/util/xml/pull/MXSerializer
instanceKlass org/codehaus/plexus/util/xml/pull/XmlSerializer
instanceKlass org/apache/maven/settings/io/xpp3/SettingsXpp3Writer
instanceKlass org/codehaus/plexus/util/xml/pull/EntityReplacementMap
instanceKlass org/apache/maven/settings/io/xpp3/SettingsXpp3Reader$1
instanceKlass org/apache/maven/settings/io/xpp3/SettingsXpp3Reader$ContentTransformer
instanceKlass org/apache/maven/settings/io/xpp3/SettingsXpp3Reader
instanceKlass org/apache/maven/building/FileSource
instanceKlass org/apache/maven/settings/building/DefaultSettingsBuildingRequest
instanceKlass  @bci java/util/regex/CharPredicates ASCII_WORD ()Ljava/util/regex/Pattern$BmpCharPredicate; 0 <appendix> argL0 ; # java/util/regex/CharPredicates$$Lambda+0x00000000281c15b0
instanceKlass org/apache/maven/graph/DefaultGraphBuilder$$FastClassByGuice$$167484886
instanceKlass  @bci sun/security/provider/AbstractDrbg <clinit> ()V 12 <appendix> argL0 ; # sun/security/provider/AbstractDrbg$$Lambda+0x00000000281c1388
instanceKlass  @cpi sun/security/provider/AbstractDrbg 383 form vmentry <vmtarget> ; # java/lang/invoke/LambdaForm$DMH+0x00000000281a0400
# instanceKlass java/lang/invoke/LambdaForm$DMH+0x00000000281a0000
instanceKlass sun/security/provider/EntropySource
instanceKlass sun/security/provider/AbstractDrbg
instanceKlass java/security/DrbgParameters$Instantiation
instanceKlass java/security/DrbgParameters
instanceKlass sun/security/provider/MoreDrbgParameters
instanceKlass java/security/SecureRandomSpi
instanceKlass jdk/internal/event/Event
instanceKlass sun/security/util/SecurityProviderConstants
instanceKlass java/security/Provider$UString
instanceKlass java/security/Provider$Service
instanceKlass sun/security/provider/NativePRNG$NonBlocking
instanceKlass sun/security/provider/NativePRNG$Blocking
instanceKlass sun/security/provider/NativePRNG
instanceKlass sun/security/provider/SunEntries
instanceKlass java/security/Permission
instanceKlass java/security/Guard
instanceKlass sun/security/util/SecurityConstants
instanceKlass java/security/Security$2
instanceKlass jdk/internal/access/JavaSecurityPropertiesAccess
instanceKlass java/security/Security$SecPropLoader
instanceKlass java/security/Security
instanceKlass jdk/internal/math/FloatingDecimal$ASCIIToBinaryBuffer
instanceKlass  @bci jdk/internal/math/FloatingDecimal <clinit> ()V 52 <appendix> argL0 ; # jdk/internal/math/FloatingDecimal$$Lambda+0x000000002803cab8
instanceKlass jdk/internal/math/FloatingDecimal$BinaryToASCIIBuffer
instanceKlass jdk/internal/math/FloatingDecimal
instanceKlass javax/security/auth/login/Configuration$Parameters
instanceKlass java/security/Policy$Parameters
instanceKlass javax/crypto/KDFParameters
instanceKlass java/security/cert/CertStoreParameters
instanceKlass java/security/SecureRandomParameters
instanceKlass java/security/Provider$EngineDescription
instanceKlass  @bci java/security/Provider <clinit> ()V 28 <appendix> argL0 ; # java/security/Provider$$Lambda+0x000000002803b5c0
instanceKlass java/security/Provider$ServiceKey
instanceKlass sun/security/jca/ProviderConfig
instanceKlass sun/security/jca/ProviderList
instanceKlass sun/security/jca/Providers
instanceKlass java/security/Key
instanceKlass java/security/spec/AlgorithmParameterSpec
instanceKlass jdk/internal/math/MathUtils
instanceKlass jdk/internal/math/ToDecimal
instanceKlass org/apache/maven/plugin/prefix/internal/DefaultPluginPrefixResolver$$FastClassByGuice$$166573775
instanceKlass org/apache/maven/plugin/CompoundMojoExecutionListener
instanceKlass org/apache/maven/plugin/internal/DefaultLegacySupport$$FastClassByGuice$$165591464
instanceKlass org/apache/maven/plugin/DefaultBuildPluginManager$$FastClassByGuice$$163648051
instanceKlass org/apache/maven/lifecycle/internal/DefaultLifecycleTaskSegmentCalculator$$FastClassByGuice$$163273599
instanceKlass org/apache/maven/lifecycle/internal/DefaultExecutionEventCatapult$$FastClassByGuice$$162236084
instanceKlass org/apache/maven/project/DefaultProjectDependenciesResolver$$FastClassByGuice$$161002345
instanceKlass org/apache/maven/project/RepositorySessionDecorator
instanceKlass org/apache/maven/plugin/DefaultPluginArtifactsCache$$FastClassByGuice$$160025913
instanceKlass com/google/inject/internal/DelegatingInvocationHandler
instanceKlass org/apache/maven/artifact/repository/metadata/io/DefaultMetadataReader$$FastClassByGuice$$159355145
instanceKlass org/apache/maven/plugin/version/internal/DefaultPluginVersionResolver$$FastClassByGuice$$157711550
instanceKlass org/apache/maven/plugin/DefaultExtensionRealmCache$$FastClassByGuice$$156426429
instanceKlass org/apache/maven/rtinfo/internal/DefaultRuntimeInformation$$FastClassByGuice$$156041553
instanceKlass org/eclipse/aether/artifact/ArtifactType
instanceKlass  @bci org/eclipse/aether/internal/impl/synccontext/named/NamedLockFactoryAdapterFactoryImpl <init> (Ljava/util/Map;Ljava/lang/String;Ljava/util/Map;Ljava/lang/String;Lorg/eclipse/aether/impl/RepositorySystemLifecycle;)V 63 <appendix> member <vmtarget> ; # org/eclipse/aether/internal/impl/synccontext/named/NamedLockFactoryAdapterFactoryImpl$$Lambda+0x0000000028199978
instanceKlass jdk/internal/invoke/MhUtil
instanceKlass org/eclipse/sisu/wire/NamedIterableAdapter
instanceKlass org/eclipse/aether/internal/impl/DefaultUpdateCheckManager$1
instanceKlass org/apache/maven/plugin/DefaultPluginRealmCache$$FastClassByGuice$$154497275
instanceKlass org/apache/maven/plugin/DefaultPluginDescriptorCache$$FastClassByGuice$$153312227
instanceKlass org/apache/maven/plugin/internal/DefaultMavenPluginManager$$FastClassByGuice$$152650433
instanceKlass org/apache/maven/artifact/handler/manager/DefaultArtifactHandlerManager$$FastClassByGuice$$151123289
instanceKlass org/apache/maven/project/DefaultProjectRealmCache$$FastClassByGuice$$150078839
instanceKlass org/codehaus/plexus/classworlds/realm/Entry
instanceKlass java/util/Random
instanceKlass java/util/random/RandomGenerator
instanceKlass org/eclipse/sisu/inject/Guice4$2
instanceKlass org/apache/maven/project/DefaultProjectBuildingHelper$$FastClassByGuice$$149295334
instanceKlass org/apache/maven/lifecycle/internal/DefaultLifecyclePluginAnalyzer$$FastClassByGuice$$148874479
instanceKlass org/apache/maven/model/plugin/DefaultLifecycleBindingsInjector$$FastClassByGuice$$147451349
instanceKlass org/apache/maven/model/merge/ModelMerger$KeyComputer
instanceKlass org/apache/maven/model/Contributor
instanceKlass org/apache/maven/model/PatternSet
instanceKlass org/apache/maven/model/merge/ModelMerger$Remapping
instanceKlass org/apache/maven/project/DefaultProjectBuilder$$FastClassByGuice$$146180503
instanceKlass org/apache/maven/DefaultMaven$$FastClassByGuice$$144987593
instanceKlass org/apache/maven/cli/event/DefaultEventSpyContext
instanceKlass org/eclipse/sisu/wire/EntryListAdapter$ValueIterator
# instanceKlass java/lang/invoke/LambdaForm$MH+0x0000000028191800
# instanceKlass java/lang/invoke/LambdaForm$MH+0x0000000028191400
# instanceKlass java/lang/invoke/LambdaForm$MH+0x0000000028191000
instanceKlass org/apache/maven/cli/logging/Slf4jLogger
instanceKlass org/eclipse/sisu/inject/LazyBeanEntry$JsrNamed
instanceKlass org/eclipse/sisu/inject/LazyBeanEntry
instanceKlass javax/annotation/Priority
instanceKlass org/eclipse/sisu/inject/Implementations
instanceKlass org/eclipse/sisu/plexus/LazyPlexusBean
instanceKlass org/eclipse/sisu/inject/RankedSequence$Itr
instanceKlass org/eclipse/sisu/inject/RankedBindings$Itr
instanceKlass org/eclipse/sisu/inject/LocatedBeans$Itr
instanceKlass org/eclipse/sisu/plexus/RealmFilteredBeans$FilteredItr
instanceKlass org/eclipse/sisu/plexus/DefaultPlexusBeans$Itr
instanceKlass org/eclipse/sisu/plexus/DefaultPlexusBeans
instanceKlass org/eclipse/sisu/plexus/RealmFilteredBeans
instanceKlass org/eclipse/sisu/inject/BeanCache
instanceKlass org/eclipse/sisu/inject/LocatedBeans
instanceKlass org/eclipse/sisu/inject/MildElements$Indexable
instanceKlass com/google/inject/internal/ProviderInternalFactory$1
instanceKlass com/google/inject/internal/ConstructorInjector$1
instanceKlass  @bci jdk/internal/reflect/MethodHandleObjectFieldAccessorImpl set (Ljava/lang/Object;Ljava/lang/Object;)V 41 <adapter> ; # java/lang/invoke/LambdaForm$MH+0x0000000028190c00
instanceKlass org/eclipse/sisu/inject/WatchedBeans
instanceKlass org/eclipse/sisu/inject/MildValues$ValueItr
instanceKlass org/eclipse/sisu/inject/InjectorBindings
# instanceKlass java/lang/invoke/LambdaForm$MH+0x0000000028190800
# instanceKlass java/lang/invoke/LambdaForm$MH+0x0000000028190400
# instanceKlass java/lang/invoke/LambdaForm$MH+0x0000000028190000
instanceKlass com/google/inject/spi/ProvisionListener$ProvisionInvocation
instanceKlass com/google/inject/internal/MembersInjectorImpl$1
instanceKlass com/google/inject/internal/InternalContext
instanceKlass com/google/inject/internal/Initializer$1
instanceKlass com/google/common/collect/AbstractMapBasedMultimap$AsMap$AsMapIterator
instanceKlass com/google/inject/internal/SingleMethodInjector$1
instanceKlass org/codehaus/plexus/DefaultPlexusContainer$$FastClassByGuice$$143776530
instanceKlass com/google/inject/internal/SingleMethodInjector$2
instanceKlass com/google/inject/internal/InjectorImpl$MethodInvoker
instanceKlass com/google/inject/internal/SingleMethodInjector
instanceKlass org/sonatype/plexus/components/sec/dispatcher/DefaultSecDispatcher$$FastClassByGuice$$143010014
instanceKlass org/sonatype/plexus/components/cipher/DefaultPlexusCipher$$FastClassByGuice$$141905945
instanceKlass org/codehaus/plexus/component/configurator/MapOrientedComponentConfigurator$$FastClassByGuice$$140762620
instanceKlass org/codehaus/plexus/component/configurator/BasicComponentConfigurator$$FastClassByGuice$$139966017
instanceKlass org/apache/maven/settings/validation/DefaultSettingsValidator$$FastClassByGuice$$139163538
instanceKlass org/apache/maven/settings/io/DefaultSettingsWriter$$FastClassByGuice$$138374071
instanceKlass org/apache/maven/settings/io/DefaultSettingsReader$$FastClassByGuice$$136501547
instanceKlass org/apache/maven/settings/crypto/DefaultSettingsDecrypter$$FastClassByGuice$$135806828
instanceKlass org/apache/maven/settings/building/DefaultSettingsBuilder$$FastClassByGuice$$134818222
instanceKlass org/eclipse/aether/transport/wagon/WagonTransporterFactory$$FastClassByGuice$$134059722
instanceKlass org/eclipse/aether/internal/transport/wagon/PlexusWagonProvider$$FastClassByGuice$$132642122
instanceKlass org/eclipse/aether/internal/transport/wagon/PlexusWagonConfigurator$$FastClassByGuice$$131494504
instanceKlass org/eclipse/aether/transport/http/XChecksumChecksumExtractor$$FastClassByGuice$$130232375
instanceKlass org/eclipse/aether/transport/http/Nexus2ChecksumExtractor$$FastClassByGuice$$129571501
instanceKlass org/eclipse/aether/transport/http/HttpTransporterFactory$$FastClassByGuice$$128198972
instanceKlass org/eclipse/aether/transport/file/FileTransporterFactory$$FastClassByGuice$$127278769
instanceKlass org/apache/maven/repository/internal/VersionsMetadataGeneratorFactory$$FastClassByGuice$$126530962
instanceKlass org/apache/maven/repository/internal/SnapshotMetadataGeneratorFactory$$FastClassByGuice$$125813832
instanceKlass org/apache/maven/repository/internal/PluginsMetadataGeneratorFactory$$FastClassByGuice$$124473886
instanceKlass org/apache/maven/repository/internal/DefaultVersionResolver$$FastClassByGuice$$123611556
instanceKlass org/apache/maven/repository/internal/DefaultVersionRangeResolver$$FastClassByGuice$$121959949
instanceKlass org/apache/maven/repository/internal/DefaultModelCacheFactory$$FastClassByGuice$$121259863
instanceKlass org/apache/maven/repository/internal/DefaultArtifactDescriptorReader$$FastClassByGuice$$119651663
instanceKlass org/eclipse/aether/named/providers/NoopNamedLockFactory$$FastClassByGuice$$118925505
instanceKlass org/eclipse/aether/named/providers/LocalSemaphoreNamedLockFactory$$FastClassByGuice$$118331036
instanceKlass org/eclipse/aether/named/providers/LocalReadWriteLockNamedLockFactory$$FastClassByGuice$$116642354
instanceKlass org/eclipse/aether/named/providers/FileLockNamedLockFactory$$FastClassByGuice$$115992962
instanceKlass org/eclipse/aether/internal/impl/synccontext/named/providers/StaticNameMapperProvider$$FastClassByGuice$$115342033
instanceKlass org/eclipse/aether/internal/impl/synccontext/named/providers/GAVNameMapperProvider$$FastClassByGuice$$114120373
instanceKlass org/eclipse/aether/internal/impl/synccontext/named/providers/GAECVNameMapperProvider$$FastClassByGuice$$112270956
instanceKlass org/eclipse/aether/internal/impl/synccontext/named/providers/FileStaticNameMapperProvider$$FastClassByGuice$$111677266
instanceKlass org/eclipse/aether/internal/impl/synccontext/named/providers/FileHashingGAVNameMapperProvider$$FastClassByGuice$$110679323
instanceKlass org/eclipse/aether/internal/impl/synccontext/named/providers/FileHashingGAECVNameMapperProvider$$FastClassByGuice$$109121464
instanceKlass org/eclipse/aether/internal/impl/synccontext/named/providers/FileGAVNameMapperProvider$$FastClassByGuice$$109018406
instanceKlass org/eclipse/aether/internal/impl/synccontext/named/providers/FileGAECVNameMapperProvider$$FastClassByGuice$$107813737
instanceKlass org/eclipse/aether/internal/impl/synccontext/named/providers/DiscriminatingNameMapperProvider$$FastClassByGuice$$106053194
instanceKlass org/eclipse/aether/internal/impl/synccontext/named/NamedLockFactoryAdapterFactoryImpl$$FastClassByGuice$$105270658
instanceKlass org/eclipse/aether/internal/impl/synccontext/legacy/DefaultSyncContextFactory$$FastClassByGuice$$104186749
instanceKlass org/eclipse/aether/internal/impl/synccontext/DefaultSyncContextFactory$$FastClassByGuice$$103578022
instanceKlass org/eclipse/aether/internal/impl/resolution/TrustedChecksumsArtifactResolverPostProcessor$$FastClassByGuice$$101948982
instanceKlass org/eclipse/aether/internal/impl/filter/PrefixesRemoteRepositoryFilterSource$$FastClassByGuice$$101067323
instanceKlass org/eclipse/aether/internal/impl/filter/GroupIdRemoteRepositoryFilterSource$$FastClassByGuice$$100360625
instanceKlass org/eclipse/aether/internal/impl/filter/DefaultRemoteRepositoryFilterManager$$FastClassByGuice$$99132460
instanceKlass org/eclipse/aether/internal/impl/collect/df/DfDependencyCollector$$FastClassByGuice$$97539676
instanceKlass org/eclipse/aether/internal/impl/collect/bf/BfDependencyCollector$$FastClassByGuice$$97439170
instanceKlass org/eclipse/aether/internal/impl/collect/DefaultDependencyCollector$$FastClassByGuice$$96169833
instanceKlass org/eclipse/aether/internal/impl/checksum/TrustedToProvidedChecksumsSourceAdapter$$FastClassByGuice$$95303209
instanceKlass org/eclipse/aether/internal/impl/checksum/SummaryFileTrustedChecksumsSource$$FastClassByGuice$$93481469
instanceKlass org/eclipse/aether/internal/impl/checksum/SparseDirectoryTrustedChecksumsSource$$FastClassByGuice$$92521361
instanceKlass org/eclipse/aether/internal/impl/checksum/Sha512ChecksumAlgorithmFactory$$FastClassByGuice$$91770442
instanceKlass org/eclipse/aether/internal/impl/checksum/Sha256ChecksumAlgorithmFactory$$FastClassByGuice$$91045863
instanceKlass org/eclipse/aether/internal/impl/checksum/Sha1ChecksumAlgorithmFactory$$FastClassByGuice$$89302229
instanceKlass  @bci com/google/inject/internal/aop/ImmutableStringTrie buildTrie (Ljava/util/Collection;)Ljava/util/function/ToIntFunction; 38 <appendix> argL0 ; # com/google/inject/internal/aop/ImmutableStringTrie$$Lambda+0x0000000028172f50
instanceKlass org/eclipse/aether/internal/impl/checksum/Md5ChecksumAlgorithmFactory$$FastClassByGuice$$88614690
instanceKlass org/eclipse/aether/internal/impl/checksum/DefaultChecksumAlgorithmFactorySelector$$FastClassByGuice$$87556004
instanceKlass org/eclipse/aether/internal/impl/SimpleLocalRepositoryManagerFactory$$FastClassByGuice$$86028471
instanceKlass org/eclipse/aether/internal/impl/Maven2RepositoryLayoutFactory$$FastClassByGuice$$85743539
instanceKlass org/eclipse/aether/internal/impl/LoggerFactoryProvider$$FastClassByGuice$$84734762
instanceKlass org/eclipse/aether/internal/impl/EnhancedLocalRepositoryManagerFactory$$FastClassByGuice$$83352690
instanceKlass org/eclipse/aether/internal/impl/DefaultUpdatePolicyAnalyzer$$FastClassByGuice$$82092516
instanceKlass org/eclipse/aether/internal/impl/DefaultUpdateCheckManager$$FastClassByGuice$$81307843
instanceKlass org/eclipse/aether/internal/impl/DefaultTransporterProvider$$FastClassByGuice$$80337631
instanceKlass org/eclipse/aether/internal/impl/DefaultTrackingFileManager$$FastClassByGuice$$79628766
instanceKlass org/eclipse/aether/internal/impl/DefaultRepositorySystemLifecycle$$FastClassByGuice$$77808890
instanceKlass org/eclipse/aether/internal/impl/DefaultRepositorySystem$$FastClassByGuice$$77461607
instanceKlass org/eclipse/aether/internal/impl/DefaultRepositoryLayoutProvider$$FastClassByGuice$$76186605
instanceKlass org/eclipse/aether/internal/impl/DefaultRepositoryEventDispatcher$$FastClassByGuice$$75215787
instanceKlass org/eclipse/aether/internal/impl/DefaultRepositoryConnectorProvider$$FastClassByGuice$$74324830
instanceKlass org/eclipse/aether/internal/impl/DefaultRemoteRepositoryManager$$FastClassByGuice$$72826138
instanceKlass org/eclipse/aether/internal/impl/DefaultOfflineController$$FastClassByGuice$$71541179
instanceKlass org/eclipse/aether/internal/impl/DefaultMetadataResolver$$FastClassByGuice$$70258188
instanceKlass org/eclipse/aether/internal/impl/DefaultLocalRepositoryProvider$$FastClassByGuice$$69218394
instanceKlass org/eclipse/aether/internal/impl/DefaultLocalPathPrefixComposerFactory$$FastClassByGuice$$68665803
instanceKlass org/eclipse/aether/internal/impl/DefaultLocalPathComposer$$FastClassByGuice$$67970396
instanceKlass org/eclipse/aether/internal/impl/DefaultInstaller$$FastClassByGuice$$66616388
instanceKlass org/eclipse/aether/internal/impl/DefaultFileProcessor$$FastClassByGuice$$66032817
instanceKlass org/eclipse/aether/internal/impl/DefaultDeployer$$FastClassByGuice$$64979771
instanceKlass org/eclipse/aether/internal/impl/DefaultChecksumPolicyProvider$$FastClassByGuice$$63342454
instanceKlass org/eclipse/aether/internal/impl/DefaultArtifactResolver$$FastClassByGuice$$62858737
instanceKlass org/eclipse/aether/connector/basic/BasicRepositoryConnectorFactory$$FastClassByGuice$$61005213
instanceKlass org/apache/maven/model/validation/DefaultModelValidator$$FastClassByGuice$$60800402
instanceKlass org/apache/maven/model/superpom/DefaultSuperPomProvider$$FastClassByGuice$$59199132
instanceKlass org/apache/maven/model/profile/activation/PropertyProfileActivator$$FastClassByGuice$$57885117
instanceKlass org/apache/maven/model/profile/activation/OperatingSystemProfileActivator$$FastClassByGuice$$57151908
instanceKlass org/apache/maven/model/profile/activation/JdkVersionProfileActivator$$FastClassByGuice$$56176426
instanceKlass org/apache/maven/model/profile/activation/FileProfileActivator$$FastClassByGuice$$55021141
instanceKlass org/apache/maven/model/profile/DefaultProfileSelector$$FastClassByGuice$$53693296
instanceKlass org/apache/maven/model/profile/DefaultProfileInjector$$FastClassByGuice$$53128507
instanceKlass org/apache/maven/model/plugin/DefaultReportingConverter$$FastClassByGuice$$51562750
instanceKlass org/apache/maven/model/plugin/DefaultReportConfigurationExpander$$FastClassByGuice$$50955112
instanceKlass org/apache/maven/model/plugin/DefaultPluginConfigurationExpander$$FastClassByGuice$$49852883
instanceKlass org/apache/maven/model/path/ProfileActivationFilePathInterpolator$$FastClassByGuice$$48543821
instanceKlass org/apache/maven/model/path/DefaultUrlNormalizer$$FastClassByGuice$$47851196
instanceKlass org/apache/maven/model/path/DefaultPathTranslator$$FastClassByGuice$$46540562
instanceKlass org/apache/maven/model/path/DefaultModelUrlNormalizer$$FastClassByGuice$$45289135
instanceKlass org/apache/maven/model/path/DefaultModelPathTranslator$$FastClassByGuice$$44986565
instanceKlass org/apache/maven/model/normalization/DefaultModelNormalizer$$FastClassByGuice$$43923830
instanceKlass org/apache/maven/model/management/DefaultPluginManagementInjector$$FastClassByGuice$$42367609
instanceKlass org/apache/maven/model/management/DefaultDependencyManagementInjector$$FastClassByGuice$$41136256
instanceKlass org/apache/maven/model/locator/DefaultModelLocator$$FastClassByGuice$$40346460
instanceKlass org/apache/maven/model/io/DefaultModelWriter$$FastClassByGuice$$39756771
instanceKlass org/apache/maven/model/io/DefaultModelReader$$FastClassByGuice$$37920531
instanceKlass org/apache/maven/model/interpolation/StringVisitorModelInterpolator$$FastClassByGuice$$37628213
instanceKlass org/apache/maven/model/interpolation/DefaultModelVersionProcessor$$FastClassByGuice$$36579024
instanceKlass org/apache/maven/model/inheritance/DefaultInheritanceAssembler$$FastClassByGuice$$35616282
instanceKlass org/apache/maven/model/composition/DefaultDependencyManagementImporter$$FastClassByGuice$$33720426
instanceKlass org/apache/maven/model/building/DefaultModelProcessor$$FastClassByGuice$$32884210
instanceKlass org/apache/maven/model/building/DefaultModelBuilder$$FastClassByGuice$$31458408
instanceKlass org/apache/maven/cli/internal/BootstrapCoreExtensionManager$$FastClassByGuice$$30814391
instanceKlass org/apache/maven/cli/configuration/SettingsXmlConfigurationProcessor$$FastClassByGuice$$29834043
instanceKlass org/apache/maven/toolchain/io/DefaultToolchainsWriter$$FastClassByGuice$$28949074
instanceKlass org/apache/maven/toolchain/io/DefaultToolchainsReader$$FastClassByGuice$$28028392
instanceKlass org/apache/maven/toolchain/building/DefaultToolchainsBuilder$$FastClassByGuice$$27150128
instanceKlass org/apache/maven/plugin/internal/MavenPluginMavenPrerequisiteChecker$$FastClassByGuice$$25765873
instanceKlass org/apache/maven/plugin/internal/MavenPluginJavaPrerequisiteChecker$$FastClassByGuice$$25065201
instanceKlass org/apache/maven/plugin/internal/DefaultPluginValidationManager$$FastClassByGuice$$23069361
instanceKlass org/apache/maven/plugin/DefaultMojosExecutionStrategy$$FastClassByGuice$$22339992
instanceKlass org/apache/maven/lifecycle/internal/LifecycleDependencyResolver$$FastClassByGuice$$21380501
instanceKlass org/apache/maven/lifecycle/internal/DefaultProjectArtifactFactory$$FastClassByGuice$$20926211
instanceKlass org/apache/maven/internal/secdispatcher/SecDispatcherProvider$$FastClassByGuice$$19710522
instanceKlass org/apache/maven/internal/aether/ResolverLifecycle$$FastClassByGuice$$17891484
instanceKlass com/google/inject/internal/InjectorImpl$SyntheticProviderBindingImpl$1
instanceKlass com/google/inject/internal/InjectorImpl$1
instanceKlass org/apache/maven/internal/aether/DefaultRepositorySystemSessionFactory$$FastClassByGuice$$17295710
instanceKlass com/google/inject/internal/SingleFieldInjector
instanceKlass org/apache/maven/extension/internal/CoreExportsProvider$$FastClassByGuice$$16503884
instanceKlass org/apache/maven/execution/DefaultMavenExecutionRequestPopulator$$FastClassByGuice$$15307286
instanceKlass org/apache/maven/classrealm/DefaultClassRealmManager$$FastClassByGuice$$14155767
instanceKlass org/apache/maven/DefaultArtifactFilterManager$$FastClassByGuice$$12631353
instanceKlass com/google/inject/internal/SingleParameterInjector
instanceKlass org/apache/maven/lifecycle/internal/LifecyclePluginResolver$$FastClassByGuice$$12480431
instanceKlass org/apache/maven/lifecycle/internal/builder/BuilderCommon$$FastClassByGuice$$10719173
instanceKlass org/apache/maven/lifecycle/internal/BuildListCalculator$$FastClassByGuice$$9654724
instanceKlass org/apache/maven/lifecycle/internal/MojoExecutor$$FastClassByGuice$$9430764
instanceKlass org/apache/maven/lifecycle/internal/LifecycleModuleBuilder$$FastClassByGuice$$8150407
instanceKlass org/apache/maven/lifecycle/Lifecycle$$FastClassByGuice$$6324034
instanceKlass org/eclipse/sisu/plexus/PlexusConfigurations$ConfigurationProvider
instanceKlass org/apache/maven/lifecycle/internal/MojoDescriptorCreator$$FastClassByGuice$$5494794
instanceKlass org/apache/maven/eventspy/internal/EventSpyDispatcher$$FastClassByGuice$$4870143
instanceKlass org/eclipse/sisu/bean/BeanPropertySetter
instanceKlass org/eclipse/sisu/PreDestroy
instanceKlass org/eclipse/sisu/PostConstruct
instanceKlass com/google/inject/internal/DefaultConstructionProxyFactory$ReflectiveProxy
instanceKlass org/apache/maven/lifecycle/internal/LifecycleDebugLogger$$FastClassByGuice$$4103434
instanceKlass org/apache/maven/lifecycle/DefaultLifecycles$$FastClassByGuice$$2156710
instanceKlass org/apache/maven/lifecycle/internal/LifecycleStarter$$FastClassByGuice$$1822871
instanceKlass com/google/inject/internal/ProxyFactory
instanceKlass com/google/common/collect/TransformedIterator
instanceKlass  @bci com/google/inject/internal/ConstructorInjectorStore createConstructor (Lcom/google/inject/spi/InjectionPoint;Lcom/google/inject/internal/Errors;)Lcom/google/inject/internal/ConstructorInjector; 62 <appendix> argL0 ; # com/google/inject/internal/ConstructorInjectorStore$$Lambda+0x0000000028170688
instanceKlass com/google/inject/spi/InterceptorBinding
instanceKlass com/google/inject/internal/MethodAspect
instanceKlass com/google/inject/internal/MembersInjectorImpl
instanceKlass org/eclipse/sisu/bean/BeanInjector
instanceKlass org/eclipse/sisu/plexus/PlexusLifecycleManager$2
instanceKlass org/eclipse/sisu/bean/PropertyBinder$1
instanceKlass org/eclipse/sisu/plexus/ProvidedPropertyBinding
instanceKlass org/eclipse/sisu/plexus/PlexusRequirements$AbstractRequirementProvider
instanceKlass org/eclipse/sisu/bean/BeanPropertyField
instanceKlass org/eclipse/sisu/bean/DeclaredMembers$MemberIterator
instanceKlass org/eclipse/sisu/bean/BeanPropertyIterator
instanceKlass org/eclipse/sisu/bean/DeclaredMembers
instanceKlass org/eclipse/sisu/bean/IgnoreSetters
instanceKlass org/eclipse/sisu/bean/BeanProperties
instanceKlass org/eclipse/sisu/plexus/PlexusRequirements
instanceKlass org/eclipse/sisu/plexus/PlexusConfigurations
instanceKlass org/eclipse/sisu/plexus/PlexusPropertyBinder
instanceKlass org/eclipse/sisu/bean/BeanLifecycle
instanceKlass com/google/inject/internal/EncounterImpl
instanceKlass  @bci com/google/inject/internal/AbstractBindingProcessor$Processor scheduleInitialization (Lcom/google/inject/internal/BindingImpl;)V 9 <appendix> member <vmtarget> ; # com/google/inject/internal/AbstractBindingProcessor$Processor$$Lambda+0x000000002816bb30
instanceKlass  @bci org/apache/maven/session/scope/internal/SessionScope scope (Lcom/google/inject/Key;Lcom/google/inject/Provider;)Lcom/google/inject/Provider; 3 <appendix> member <vmtarget> ; # org/apache/maven/session/scope/internal/SessionScope$$Lambda+0x000000002816b8e8
instanceKlass org/apache/maven/execution/scope/internal/MojoExecutionScope$2
instanceKlass com/google/inject/internal/ProviderInternalFactory
instanceKlass com/google/inject/internal/InternalProviderInstanceBindingImpl$Factory
instanceKlass com/google/inject/internal/FactoryProxy
instanceKlass com/google/inject/internal/InternalFactoryToProviderAdapter
instanceKlass com/google/inject/internal/ConstructionContext
instanceKlass com/google/inject/internal/SingletonScope$1
instanceKlass com/google/inject/internal/ProviderToInternalFactoryAdapter
instanceKlass com/google/inject/internal/CycleDetectingLock$CycleDetectingLockFactory$ReentrantCycleDetectingLock
instanceKlass com/google/inject/internal/Initializer$InjectableReference
instanceKlass com/google/inject/internal/ProvisionListenerStackCallback
instanceKlass com/google/common/cache/LocalCache$AbstractReferenceEntry
instanceKlass com/google/inject/internal/ProvisionListenerCallbackStore$KeyBinding
instanceKlass com/google/inject/internal/util/Classes
instanceKlass com/google/inject/spi/ExposedBinding
instanceKlass com/google/inject/internal/CreationListener
instanceKlass com/google/inject/internal/InjectorShell$LoggerFactory
instanceKlass com/google/inject/internal/InjectorShell$InjectorFactory
instanceKlass com/google/inject/internal/Initializables$1
instanceKlass com/google/inject/internal/Initializables
instanceKlass com/google/inject/internal/ConstantFactory
instanceKlass com/google/inject/internal/InjectorShell
instanceKlass com/google/inject/internal/ProvisionListenerCallbackStore
instanceKlass com/google/inject/internal/SingleMemberInjector
instanceKlass com/google/inject/spi/TypeEncounter
instanceKlass com/google/inject/internal/MembersInjectorStore
instanceKlass com/google/inject/internal/TypeConverterBindingProcessor$4
instanceKlass com/google/inject/internal/TypeConverterBindingProcessor$2
instanceKlass com/google/inject/internal/TypeConverterBindingProcessor$1
instanceKlass com/google/inject/internal/TypeConverterBindingProcessor$5
instanceKlass com/google/inject/internal/FailableCache
instanceKlass com/google/inject/internal/ConstructorInjectorStore
instanceKlass com/google/inject/internal/DeferredLookups
instanceKlass com/google/inject/spi/ConvertedConstantBinding
instanceKlass com/google/inject/spi/ProviderBinding
instanceKlass com/google/inject/internal/InjectorImpl
instanceKlass com/google/inject/internal/Lookups
instanceKlass com/google/inject/internal/InjectorImpl$InjectorOptions
instanceKlass  @bci com/google/inject/internal/AbstractProcessor process (Lcom/google/inject/internal/InjectorImpl;Ljava/util/List;)V 13 <appendix> member <vmtarget> ; # com/google/inject/internal/AbstractProcessor$$Lambda+0x00000000281613b0
instanceKlass  @bci com/google/inject/spi/BindingSourceRestriction check (Lcom/google/inject/internal/GuiceInternal;Ljava/util/List;)Lcom/google/common/collect/ImmutableList; 11 <appendix> argL0 ; # com/google/inject/spi/BindingSourceRestriction$$Lambda+0x0000000028160ab0
instanceKlass com/google/inject/internal/ProvisionListenerStackCallback$ProvisionCallback
instanceKlass com/google/inject/internal/ConstructorInjector
instanceKlass com/google/inject/internal/DefaultConstructionProxyFactory$FastClassProxy
instanceKlass  @bci com/google/inject/internal/aop/AbstractGlueGenerator lambda$bindSignaturesToInvokers$0 (Ljava/lang/invoke/MethodHandle;Ljava/util/function/ToIntFunction;Ljava/lang/String;)Ljava/util/function/BiFunction; 8 <adapter> ; # java/lang/invoke/LambdaForm$MH+0x000000002815c400
instanceKlass java/lang/ClassValue$RemovalToken
instanceKlass  @bci com/google/inject/internal/aop/AbstractGlueGenerator bindSignaturesToInvokers (Ljava/util/function/ToIntFunction;Ljava/lang/invoke/MethodHandle;)Ljava/util/function/Function; 13 <appendix> member <vmtarget> ; # com/google/inject/internal/aop/AbstractGlueGenerator$$Lambda+0x000000002815d6c8
instanceKlass com/google/inject/internal/aop/ImmutableStringTrie
instanceKlass java/util/function/ToIntFunction
instanceKlass jdk/internal/reflect/FieldAccessorImpl
instanceKlass jdk/internal/reflect/FieldAccessor
instanceKlass org/apache/maven/plugin/internal/DefaultPluginDependenciesResolver$$FastClassByGuice$$996650
instanceKlass  @bci com/google/inject/internal/aop/ChildClassDefiner childLoader (Ljava/lang/ClassLoader;)Lcom/google/inject/internal/aop/ChildClassDefiner$ChildLoader; 26 <appendix> member <vmtarget> ; # com/google/inject/internal/aop/ChildClassDefiner$$Lambda+0x000000002815d268
instanceKlass  @bci com/google/inject/internal/aop/ChildClassDefiner$ChildLoaderCacheHolder <clinit> ()V 9 <appendix> argL0 ; # com/google/inject/internal/aop/ChildClassDefiner$ChildLoaderCacheHolder$$Lambda+0x000000002815d000
instanceKlass com/google/inject/internal/aop/ChildClassDefiner$ChildLoaderCacheHolder
instanceKlass com/google/inject/internal/aop/BytecodeTasks
instanceKlass  @bci com/google/inject/internal/aop/AbstractGlueGenerator generateTrampoline (Lorg/objectweb/asm/ClassWriter;Ljava/util/Collection;)V 30 <appendix> argL0 ; # com/google/inject/internal/aop/AbstractGlueGenerator$$Lambda+0x000000002815f5d0
instanceKlass org/objectweb/asm/Handle
instanceKlass org/objectweb/asm/Label
instanceKlass org/objectweb/asm/Type
instanceKlass com/google/inject/internal/aop/AbstractGlueGenerator
instanceKlass  @bci com/google/inject/internal/aop/ClassBuilding buildFastClass (Ljava/lang/Class;)Ljava/util/function/Function; 20 <appendix> member <vmtarget> ; # com/google/inject/internal/aop/ClassBuilding$$Lambda+0x000000002815e468
instanceKlass  @bci com/google/inject/internal/aop/ClassBuilding buildFastClass (Ljava/lang/Class;)Ljava/util/function/Function; 10 <appendix> member <vmtarget> ; # com/google/inject/internal/aop/ClassBuilding$$Lambda+0x000000002815e228
instanceKlass com/google/inject/internal/aop/UnsafeClassDefiner
instanceKlass com/google/inject/internal/aop/ChildClassDefiner
instanceKlass com/google/inject/internal/aop/ClassDefining$ClassDefinerHolder
instanceKlass com/google/inject/internal/aop/ClassDefiner
instanceKlass com/google/inject/internal/aop/ClassDefining
instanceKlass  @bci com/google/inject/internal/aop/ClassBuilding getOverridableObjectMethods ()[Ljava/lang/reflect/Method; 15 <appendix> member <vmtarget> ; # com/google/inject/internal/aop/ClassBuilding$$Lambda+0x000000002815b570
instanceKlass  @cpi sun/security/pkcs/PKCS9Attribute 571 form vmentry <vmtarget> ; # java/lang/invoke/LambdaForm$DMH+0x000000002815c000
instanceKlass  @bci com/google/inject/internal/BytecodeGen <clinit> ()V 25 <appendix> argL0 ; # com/google/inject/internal/BytecodeGen$$Lambda+0x000000002815b308
instanceKlass com/google/inject/internal/BytecodeGen$EnhancerBuilder
instanceKlass com/google/inject/internal/aop/ClassBuilding
instanceKlass com/google/common/collect/MapMakerInternalMap$StrongValueEntry
instanceKlass com/google/common/collect/MapMakerInternalMap$WeakKeyStrongValueEntry$Helper
instanceKlass com/google/common/collect/MapMakerInternalMap$InternalEntry
instanceKlass com/google/common/collect/MapMakerInternalMap$1
instanceKlass com/google/common/collect/MapMakerInternalMap$InternalEntryHelper
instanceKlass com/google/common/collect/MapMakerInternalMap$WeakValueReference
instanceKlass com/google/common/collect/MapMaker
instanceKlass com/google/inject/internal/BytecodeGen
instanceKlass com/google/inject/internal/ConstructionProxy
instanceKlass com/google/inject/internal/DefaultConstructionProxyFactory
instanceKlass com/google/inject/internal/ConstructionProxyFactory
instanceKlass com/google/inject/internal/ConstructorBindingImpl$Factory
instanceKlass org/eclipse/sisu/inject/TypeArguments$Implicit
instanceKlass org/eclipse/sisu/wire/BeanProviders$3
instanceKlass org/sonatype/inject/BeanEntry
instanceKlass org/eclipse/sisu/BeanEntry
instanceKlass org/eclipse/sisu/wire/BeanProviders$4
instanceKlass org/eclipse/sisu/wire/BeanProviders$6
instanceKlass org/eclipse/sisu/wire/BeanProviders$7
instanceKlass org/eclipse/sisu/wire/BeanProviders$1
instanceKlass org/eclipse/sisu/wire/PlaceholderBeanProvider
instanceKlass com/google/inject/spi/ProviderLookup$1
instanceKlass com/google/inject/spi/ProviderWithDependencies
instanceKlass com/google/inject/spi/ProviderLookup
instanceKlass org/eclipse/sisu/wire/BeanProviders
instanceKlass org/eclipse/sisu/inject/HiddenSource
instanceKlass org/eclipse/sisu/wire/LocatorWiring
instanceKlass com/google/inject/ProvidedBy
instanceKlass com/google/inject/ImplementedBy
instanceKlass org/sonatype/plexus/components/sec/dispatcher/model/SettingsSecurity
instanceKlass org/sonatype/plexus/components/cipher/PBECipher
instanceKlass org/codehaus/classworlds/ClassRealm
instanceKlass org/apache/maven/settings/crypto/SettingsDecryptionResult
instanceKlass org/apache/maven/settings/building/DefaultSettingsProblemCollector
instanceKlass org/apache/maven/settings/merge/MavenSettingsMerger
instanceKlass org/apache/maven/settings/building/SettingsBuildingResult
instanceKlass org/apache/maven/settings/building/SettingsProblemCollector
instanceKlass org/eclipse/aether/impl/MetadataGenerator
instanceKlass org/apache/maven/model/Relocation
instanceKlass org/apache/maven/repository/internal/ArtifactDescriptorReaderDelegate
instanceKlass org/eclipse/aether/named/support/AdaptedSemaphoreNamedLock$AdaptedSemaphore
instanceKlass org/eclipse/aether/named/support/NamedLockFactorySupport$NamedLockHolder
instanceKlass org/eclipse/aether/named/support/NamedLockSupport
instanceKlass org/eclipse/aether/named/NamedLock
instanceKlass org/eclipse/aether/internal/impl/synccontext/named/NamedLockFactoryAdapter
instanceKlass org/eclipse/aether/spi/log/Logger
instanceKlass org/eclipse/aether/internal/impl/filter/PrefixesRemoteRepositoryFilterSource$Node
instanceKlass org/eclipse/aether/spi/connector/filter/RemoteRepositoryFilter$Result
instanceKlass org/eclipse/aether/spi/connector/filter/RemoteRepositoryFilter
instanceKlass org/eclipse/aether/collection/DependencyTraverser
instanceKlass org/eclipse/aether/collection/DependencyManager
instanceKlass org/eclipse/aether/internal/impl/collect/df/DfDependencyCollector$Args
instanceKlass org/eclipse/aether/internal/impl/collect/bf/BfDependencyCollector$DescriptorResolutionResult
instanceKlass org/eclipse/aether/internal/impl/collect/bf/BfDependencyCollector$Args
instanceKlass org/eclipse/aether/internal/impl/collect/bf/DependencyProcessingContext
instanceKlass org/eclipse/aether/internal/impl/collect/bf/DependencyResolutionSkipper
instanceKlass org/eclipse/aether/internal/impl/collect/DependencyCollectorDelegate$Results
instanceKlass org/eclipse/aether/internal/impl/collect/DefaultDependencyCollectionContext
instanceKlass org/eclipse/aether/collection/DependencyCollectionContext
instanceKlass org/eclipse/aether/internal/impl/collect/DefaultVersionFilterContext
instanceKlass org/eclipse/aether/collection/VersionFilter
instanceKlass org/eclipse/aether/graph/DefaultDependencyNode
instanceKlass org/eclipse/aether/version/Version
instanceKlass org/eclipse/aether/internal/impl/collect/PremanagedDependency
instanceKlass org/eclipse/aether/internal/impl/collect/DataPool
instanceKlass org/eclipse/aether/collection/VersionFilter$VersionFilterContext
instanceKlass org/eclipse/aether/collection/DependencyGraphTransformationContext
instanceKlass org/eclipse/aether/spi/connector/Transfer
instanceKlass org/eclipse/aether/internal/impl/checksum/SummaryFileTrustedChecksumsSource$SummaryFileWriter
instanceKlass org/eclipse/aether/internal/impl/checksum/SparseDirectoryTrustedChecksumsSource$SparseDirectoryWriter
instanceKlass org/eclipse/aether/spi/checksums/TrustedChecksumsSource$Writer
instanceKlass org/eclipse/aether/spi/connector/checksum/ChecksumAlgorithm
instanceKlass org/eclipse/aether/impl/UpdateCheck
instanceKlass org/eclipse/aether/spi/connector/transport/Transporter
instanceKlass java/nio/channels/FileLock
instanceKlass org/eclipse/aether/resolution/DependencyResult
instanceKlass org/eclipse/aether/resolution/DependencyRequest
instanceKlass org/eclipse/aether/collection/CollectResult
instanceKlass org/eclipse/aether/collection/CollectRequest
instanceKlass org/eclipse/aether/resolution/ArtifactDescriptorRequest
instanceKlass org/eclipse/aether/resolution/VersionRangeResult
instanceKlass org/eclipse/aether/resolution/VersionRangeRequest
instanceKlass org/eclipse/aether/resolution/VersionRequest
instanceKlass java/util/concurrent/atomic/AtomicBoolean
instanceKlass org/eclipse/aether/spi/connector/layout/RepositoryLayout
instanceKlass org/eclipse/aether/RepositoryEvent
instanceKlass org/eclipse/aether/repository/LocalRepository
instanceKlass org/eclipse/aether/internal/impl/LocalPathPrefixComposer
instanceKlass org/eclipse/aether/transform/FileTransformer
instanceKlass org/eclipse/aether/installation/InstallResult
instanceKlass org/eclipse/aether/installation/InstallRequest
instanceKlass org/eclipse/aether/spi/io/FileProcessor$ProgressListener
instanceKlass org/eclipse/aether/internal/impl/DefaultDeployer$EventCatapult
instanceKlass org/eclipse/aether/deployment/DeployResult
instanceKlass org/eclipse/aether/deployment/DeployRequest
instanceKlass org/eclipse/aether/repository/RepositoryPolicy
instanceKlass org/eclipse/aether/transfer/TransferResource
instanceKlass org/eclipse/aether/spi/connector/checksum/ChecksumPolicy
instanceKlass org/eclipse/aether/resolution/ArtifactRequest
instanceKlass org/eclipse/aether/internal/impl/DefaultArtifactResolver$ResolutionGroup
instanceKlass org/eclipse/aether/resolution/VersionResult
instanceKlass org/eclipse/aether/repository/LocalArtifactResult
instanceKlass org/eclipse/aether/SyncContext
instanceKlass org/eclipse/aether/spi/locator/ServiceLocator
instanceKlass org/eclipse/aether/repository/RemoteRepository
instanceKlass org/eclipse/aether/spi/connector/RepositoryConnector
instanceKlass org/apache/maven/model/validation/DefaultModelValidator$1ActivationFrame
instanceKlass org/apache/maven/model/profile/activation/JdkVersionProfileActivator$RangeValue
instanceKlass org/apache/maven/model/InputLocation
instanceKlass org/apache/maven/model/InputSource
instanceKlass org/apache/maven/model/interpolation/StringVisitorModelInterpolator$InnerInterpolator
instanceKlass org/apache/maven/model/ActivationFile
instanceKlass org/apache/maven/model/ActivationOS
instanceKlass org/apache/maven/model/Activation
instanceKlass org/apache/maven/model/profile/DefaultProfileActivationContext
instanceKlass org/apache/maven/model/ActivationProperty
instanceKlass org/codehaus/plexus/interpolation/RegexBasedInterpolator
instanceKlass org/apache/maven/model/building/ModelData
instanceKlass org/apache/maven/model/building/ModelBuildingEventCatapult
instanceKlass org/apache/maven/model/building/DefaultModelProblemCollector
instanceKlass org/apache/maven/model/building/ModelCacheTag
instanceKlass org/apache/maven/model/building/ModelBuildingEvent
instanceKlass org/apache/maven/model/profile/ProfileActivationContext
instanceKlass org/apache/maven/model/building/ModelProblemCollectorExt
instanceKlass org/apache/maven/cli/internal/extension/model/CoreExtension
instanceKlass org/apache/maven/building/ProblemCollector
instanceKlass org/apache/maven/toolchain/merge/MavenToolchainMerger
instanceKlass org/codehaus/plexus/interpolation/InterpolationPostProcessor
instanceKlass org/apache/maven/toolchain/building/ToolchainsBuildingResult
instanceKlass org/eclipse/aether/graph/Dependency
instanceKlass org/eclipse/aether/resolution/ArtifactDescriptorResult
instanceKlass org/apache/maven/plugin/internal/DefaultPluginValidationManager$PluginValidationIssues
instanceKlass org/sonatype/plexus/components/sec/dispatcher/PasswordDecryptor
instanceKlass com/google/inject/util/Types
instanceKlass org/eclipse/sisu/Nullable
instanceKlass org/eclipse/aether/repository/AuthenticationSelector
instanceKlass org/eclipse/aether/repository/ProxySelector
instanceKlass org/eclipse/aether/repository/MirrorSelector
instanceKlass org/eclipse/aether/resolution/ResolutionErrorPolicy
instanceKlass org/eclipse/aether/repository/LocalRepositoryManager
instanceKlass org/apache/maven/classrealm/ClassRealmManagerDelegate
instanceKlass org/apache/maven/classrealm/ClassRealmConstituent
instanceKlass org/apache/maven/classrealm/ClassRealmRequest
instanceKlass org/eclipse/aether/repository/WorkspaceRepository
instanceKlass org/apache/maven/ArtifactFilterManagerDelegate
instanceKlass sun/reflect/generics/tree/MethodTypeSignature
instanceKlass sun/reflect/generics/tree/VoidDescriptor
instanceKlass org/eclipse/aether/DefaultRepositorySystemSession
instanceKlass org/apache/maven/execution/MavenExecutionResult
instanceKlass org/apache/maven/DefaultMaven
instanceKlass org/apache/maven/settings/building/SettingsBuildingRequest
instanceKlass org/apache/maven/DefaultProjectDependenciesResolver
instanceKlass org/apache/maven/project/DefaultProjectBuildingHelper
instanceKlass org/apache/maven/rtinfo/internal/DefaultRuntimeInformation
instanceKlass org/apache/maven/project/artifact/ProjectArtifactsCache$CacheRecord
instanceKlass org/apache/maven/project/artifact/ProjectArtifactsCache$Key
instanceKlass org/apache/maven/project/artifact/DefaultProjectArtifactsCache
instanceKlass org/apache/maven/repository/legacy/resolver/conflict/NewestConflictResolver
instanceKlass org/apache/maven/repository/legacy/resolver/conflict/DefaultConflictResolverFactory
instanceKlass org/apache/maven/repository/legacy/resolver/conflict/FarthestConflictResolver
instanceKlass org/apache/maven/plugin/descriptor/Parameter
instanceKlass org/apache/maven/lifecycle/internal/DefaultMojoExecutionConfigurator
instanceKlass org/apache/maven/execution/ExecutionEvent
instanceKlass org/apache/maven/lifecycle/internal/DefaultExecutionEventCatapult
instanceKlass org/apache/maven/plugin/version/internal/DefaultPluginVersionResult
instanceKlass org/apache/maven/plugin/version/internal/DefaultPluginVersionResolver$Versions
instanceKlass org/apache/maven/plugin/version/internal/DefaultPluginVersionResolver$Key
instanceKlass org/eclipse/aether/version/VersionScheme
instanceKlass org/apache/maven/plugin/version/PluginVersionResult
instanceKlass org/apache/maven/plugin/version/internal/DefaultPluginVersionResolver
instanceKlass org/apache/maven/lifecycle/internal/DefaultLifecycleExecutionPlanCalculator
instanceKlass org/apache/maven/repository/legacy/repository/DefaultArtifactRepositoryFactory
instanceKlass org/apache/maven/lifecycle/DefaultLifecycleExecutor
instanceKlass org/apache/maven/lifecycle/mapping/LifecyclePhase
instanceKlass org/apache/maven/lifecycle/internal/DefaultLifecyclePluginAnalyzer$GoalSpec
instanceKlass org/apache/maven/lifecycle/internal/DefaultLifecyclePluginAnalyzer
instanceKlass org/apache/maven/artifact/handler/manager/DefaultArtifactHandlerManager
instanceKlass org/apache/maven/configuration/BeanConfigurationRequest
instanceKlass org/codehaus/plexus/component/configurator/converters/lookup/ConverterLookup
instanceKlass org/apache/maven/configuration/internal/DefaultBeanConfigurator
instanceKlass org/apache/maven/plugin/PluginDescriptorCache$PluginDescriptorSupplier
instanceKlass org/apache/maven/plugin/PluginDescriptorCache$Key
instanceKlass org/apache/maven/plugin/DefaultPluginDescriptorCache
instanceKlass org/apache/maven/lifecycle/internal/DefaultLifecycleTaskSegmentCalculator
instanceKlass org/apache/maven/repository/DefaultMirrorSelector
instanceKlass org/apache/maven/model/merge/ModelMerger
instanceKlass org/apache/maven/model/plugin/DefaultLifecycleBindingsInjector
# instanceKlass java/lang/invoke/LambdaForm$MH+0x000000002812c000
instanceKlass org/apache/maven/artifact/resolver/DefaultArtifactResolver
instanceKlass org/apache/maven/project/artifact/DefaultMavenMetadataCache$CacheKey
instanceKlass org/apache/maven/project/artifact/DefaultMavenMetadataCache
instanceKlass org/apache/maven/lifecycle/internal/PhaseRecorder
instanceKlass org/apache/maven/lifecycle/internal/DependencyContext
instanceKlass org/apache/maven/lifecycle/internal/ProjectIndex
instanceKlass org/apache/maven/plugin/MojoExecutionRunner
instanceKlass org/apache/maven/lifecycle/internal/ProjectSegment
instanceKlass org/apache/maven/lifecycle/internal/builder/multithreaded/ThreadOutputMuxer
instanceKlass org/apache/maven/lifecycle/internal/builder/multithreaded/ConcurrencyDependencyGraph
instanceKlass java/util/concurrent/CompletionService
instanceKlass org/apache/maven/lifecycle/internal/builder/multithreaded/MultiThreadedBuilder
instanceKlass org/apache/maven/artifact/repository/metadata/Versioning
instanceKlass org/apache/maven/model/Reporting
instanceKlass org/apache/maven/project/inheritance/DefaultModelInheritanceAssembler
instanceKlass org/apache/maven/repository/metadata/ClasspathContainer
instanceKlass org/apache/maven/repository/metadata/DefaultClasspathTransformation
instanceKlass org/apache/maven/plugin/PluginRealmCache$PluginRealmSupplier
instanceKlass org/apache/maven/plugin/PluginRealmCache$Key
instanceKlass org/apache/maven/plugin/DefaultPluginRealmCache
instanceKlass org/apache/maven/toolchain/DefaultToolchainsBuilder
instanceKlass org/apache/maven/repository/legacy/resolver/DefaultLegacyArtifactCollector
instanceKlass org/apache/maven/plugin/internal/DefaultPluginManager
instanceKlass org/apache/maven/project/DefaultDependencyResolutionResult
instanceKlass org/apache/maven/project/DefaultProjectDependenciesResolver
instanceKlass org/apache/maven/artifact/factory/DefaultArtifactFactory
instanceKlass org/apache/maven/plugin/DefaultBuildPluginManager
instanceKlass org/apache/maven/plugin/PluginRealmCache$CacheRecord
instanceKlass org/eclipse/aether/util/graph/visitor/AbstractDepthFirstNodeListGenerator
instanceKlass org/codehaus/plexus/component/repository/ComponentSetDescriptor
instanceKlass org/apache/maven/plugin/descriptor/PluginDescriptorBuilder
instanceKlass org/codehaus/plexus/component/configurator/ConfigurationListener
instanceKlass org/codehaus/plexus/component/configurator/expression/ExpressionEvaluator
instanceKlass org/codehaus/plexus/configuration/PlexusConfiguration
instanceKlass org/apache/maven/plugin/logging/Log
instanceKlass org/apache/maven/plugin/internal/DefaultMavenPluginManager
instanceKlass org/apache/maven/toolchain/model/TrackableBase
instanceKlass org/apache/maven/toolchain/DefaultToolchain
instanceKlass org/apache/maven/toolchain/ToolchainPrivate
instanceKlass org/apache/maven/toolchain/java/JavaToolchain
instanceKlass org/apache/maven/toolchain/java/JavaToolchainFactory
instanceKlass org/apache/maven/project/validation/ModelValidationResult
instanceKlass org/apache/maven/model/building/ModelProblemCollector
instanceKlass org/apache/maven/project/validation/DefaultModelValidator
instanceKlass org/apache/maven/lifecycle/internal/TaskSegment
instanceKlass org/apache/maven/execution/ProjectExecutionListener
instanceKlass org/apache/maven/execution/BuildSummary
instanceKlass org/eclipse/aether/RequestTrace
instanceKlass org/apache/maven/model/PluginContainer
instanceKlass org/eclipse/aether/repository/ArtifactRepository
instanceKlass org/apache/maven/plugin/prefix/PluginPrefixResult
instanceKlass org/eclipse/aether/metadata/Metadata
instanceKlass org/apache/maven/plugin/prefix/internal/DefaultPluginPrefixResolver
instanceKlass org/apache/maven/plugin/version/PluginVersionRequest
instanceKlass org/apache/maven/plugin/prefix/PluginPrefixRequest
instanceKlass org/apache/maven/repository/legacy/resolver/conflict/NearestConflictResolver
instanceKlass org/apache/maven/lifecycle/internal/ReactorBuildStatus
instanceKlass org/apache/maven/lifecycle/internal/ReactorContext
instanceKlass org/apache/maven/lifecycle/internal/builder/singlethreaded/SingleThreadedBuilder
instanceKlass org/eclipse/aether/RepositoryListener
instanceKlass org/apache/maven/execution/DefaultRuntimeInformation
instanceKlass org/apache/maven/repository/metadata/MetadataGraph
instanceKlass org/apache/maven/repository/metadata/MetadataGraphVertex
instanceKlass org/apache/maven/repository/metadata/DefaultGraphConflictResolver
instanceKlass org/apache/maven/artifact/versioning/VersionRange
instanceKlass org/apache/maven/settings/RepositoryPolicy
instanceKlass org/apache/maven/settings/RepositoryBase
instanceKlass org/apache/maven/plugin/ExtensionRealmCache$CacheRecord
instanceKlass org/apache/maven/plugin/ExtensionRealmCache$Key
instanceKlass org/apache/maven/plugin/DefaultExtensionRealmCache
instanceKlass org/apache/maven/lifecycle/mapping/DefaultLifecycleMapping
instanceKlass org/apache/maven/lifecycle/MavenExecutionPlan
instanceKlass org/apache/maven/lifecycle/internal/ProjectBuildList
instanceKlass org/apache/maven/artifact/resolver/ResolutionNode
instanceKlass org/apache/maven/repository/legacy/resolver/conflict/OldestConflictResolver
instanceKlass org/apache/maven/plugin/internal/DefaultLegacySupport
instanceKlass org/apache/maven/project/ReactorModelPool
instanceKlass org/apache/maven/model/building/ModelBuildingResult
instanceKlass org/apache/maven/project/DependencyResolutionResult
instanceKlass org/apache/maven/project/DefaultProjectBuilder$InternalConfig
instanceKlass org/apache/maven/model/resolution/ModelResolver
instanceKlass org/apache/maven/model/building/ModelBuildingRequest
instanceKlass org/apache/maven/project/DependencyResolutionRequest
instanceKlass org/apache/maven/model/building/ModelBuildingListener
instanceKlass org/apache/maven/model/building/ModelCache
instanceKlass org/apache/maven/project/DefaultProjectBuilder
instanceKlass org/apache/maven/artifact/repository/DefaultArtifactRepositoryFactory
instanceKlass org/apache/maven/lifecycle/internal/DefaultLifecycleMappingDelegate
instanceKlass org/apache/maven/artifact/repository/layout/FlatRepositoryLayout
instanceKlass org/apache/maven/project/ProjectRealmCache$CacheRecord
instanceKlass org/apache/maven/project/ProjectRealmCache$Key
instanceKlass org/apache/maven/project/DefaultProjectRealmCache
instanceKlass org/apache/maven/repository/metadata/MetadataGraphEdge
instanceKlass org/apache/maven/artifact/versioning/ArtifactVersion
instanceKlass org/apache/maven/repository/metadata/DefaultGraphConflictResolutionPolicy
instanceKlass org/apache/maven/profiles/ProfileManager
instanceKlass org/apache/maven/project/ProjectBuilderConfiguration
instanceKlass org/apache/maven/project/DefaultMavenProjectBuilder
instanceKlass org/apache/maven/project/ProjectBuildingResult
instanceKlass org/apache/maven/exception/ExceptionSummary
instanceKlass org/apache/maven/exception/DefaultExceptionHandler
instanceKlass org/apache/maven/toolchain/Toolchain
instanceKlass org/apache/maven/toolchain/DefaultToolchainManager
instanceKlass org/apache/maven/model/building/Result
instanceKlass org/apache/maven/model/building/ModelSource
instanceKlass org/apache/maven/execution/ProjectDependencyGraph
instanceKlass org/apache/maven/graph/DefaultGraphBuilder
instanceKlass org/apache/maven/repository/legacy/resolver/transform/DefaultArtifactTransformationManager
instanceKlass org/apache/maven/artifact/resolver/DefaultResolutionErrorHandler
instanceKlass org/apache/maven/profiles/ProfilesRoot
instanceKlass org/codehaus/plexus/logging/AbstractLogEnabled
instanceKlass org/apache/maven/artifact/repository/layout/DefaultRepositoryLayout
instanceKlass org/apache/maven/artifact/repository/metadata/io/DefaultMetadataReader
instanceKlass org/apache/maven/plugin/PluginArtifactsCache$CacheRecord
instanceKlass org/apache/maven/plugin/PluginArtifactsCache$Key
instanceKlass org/apache/maven/plugin/DefaultPluginArtifactsCache
instanceKlass org/apache/maven/artifact/repository/Authentication
instanceKlass org/apache/maven/model/RepositoryBase
instanceKlass org/apache/maven/repository/Proxy
instanceKlass org/apache/maven/settings/TrackableBase
instanceKlass org/apache/maven/model/RepositoryPolicy
instanceKlass org/apache/maven/artifact/repository/ArtifactRepositoryPolicy
instanceKlass org/apache/maven/repository/ArtifactTransferListener
instanceKlass org/apache/maven/artifact/resolver/ArtifactResolutionResult
instanceKlass org/apache/maven/artifact/resolver/ArtifactResolutionRequest
instanceKlass org/apache/maven/settings/crypto/SettingsDecryptionRequest
instanceKlass org/apache/maven/repository/legacy/LegacyRepositorySystem
instanceKlass org/eclipse/aether/resolution/ArtifactResult
instanceKlass org/eclipse/aether/graph/DependencyNode
instanceKlass org/apache/maven/model/ConfigurationContainer
instanceKlass org/eclipse/aether/graph/DependencyVisitor
instanceKlass org/eclipse/aether/collection/DependencySelector
instanceKlass org/eclipse/aether/graph/DependencyFilter
instanceKlass org/eclipse/aether/artifact/Artifact
instanceKlass org/eclipse/aether/resolution/ArtifactDescriptorPolicy
instanceKlass org/apache/maven/plugin/internal/DefaultPluginDependenciesResolver
instanceKlass org/apache/maven/artifact/repository/metadata/Metadata
instanceKlass org/apache/maven/model/building/ModelProblem
instanceKlass org/apache/maven/project/artifact/MavenMetadataSource$ProjectRelocation
instanceKlass org/eclipse/aether/RepositorySystemSession
instanceKlass org/apache/maven/model/Dependency
instanceKlass org/apache/maven/artifact/resolver/filter/ArtifactFilter
instanceKlass org/apache/maven/artifact/repository/metadata/RepositoryMetadata
instanceKlass org/apache/maven/repository/legacy/metadata/MetadataResolutionRequest
instanceKlass org/apache/maven/artifact/repository/RepositoryRequest
instanceKlass org/apache/maven/repository/legacy/metadata/ResolutionGroup
instanceKlass org/apache/maven/project/artifact/MavenMetadataSource
instanceKlass org/apache/maven/model/ModelBase
instanceKlass org/apache/maven/model/InputLocationTracker
instanceKlass org/apache/maven/project/path/DefaultPathTranslator
instanceKlass org/apache/maven/artifact/handler/DefaultArtifactHandler
instanceKlass org/objectweb/asm/Handler
instanceKlass org/objectweb/asm/Frame
instanceKlass org/objectweb/asm/ByteVector
instanceKlass org/objectweb/asm/Symbol
instanceKlass org/objectweb/asm/SymbolTable
instanceKlass org/objectweb/asm/FieldVisitor
instanceKlass org/objectweb/asm/RecordComponentVisitor
instanceKlass org/objectweb/asm/ModuleVisitor
instanceKlass org/objectweb/asm/MethodVisitor
instanceKlass org/apache/http/config/Registry
instanceKlass org/apache/http/impl/conn/PoolingHttpClientConnectionManager
instanceKlass org/apache/http/pool/ConnPoolControl
instanceKlass org/apache/http/client/methods/CloseableHttpResponse
instanceKlass org/apache/http/HttpResponse
instanceKlass org/apache/maven/wagon/shared/http/BasicAuthScope
instanceKlass org/apache/maven/wagon/shared/http/HttpConfiguration
instanceKlass org/apache/http/impl/client/CloseableHttpClient
instanceKlass org/apache/http/client/HttpClient
instanceKlass org/apache/http/auth/Credentials
instanceKlass org/apache/http/client/AuthCache
instanceKlass org/apache/http/client/CredentialsProvider
instanceKlass org/apache/http/client/RedirectStrategy
instanceKlass org/apache/http/config/Lookup
instanceKlass org/apache/http/Header
instanceKlass org/apache/http/NameValuePair
instanceKlass org/apache/http/client/HttpRequestRetryHandler
instanceKlass org/apache/http/conn/ssl/TrustStrategy
instanceKlass org/apache/http/ssl/TrustStrategy
instanceKlass org/apache/http/client/ServiceUnavailableRetryStrategy
instanceKlass org/apache/http/protocol/HttpContext
instanceKlass org/apache/http/HttpEntity
instanceKlass org/apache/http/client/methods/HttpUriRequest
instanceKlass org/apache/http/HttpRequest
instanceKlass org/apache/http/HttpMessage
instanceKlass org/apache/http/auth/AuthScheme
instanceKlass org/apache/http/conn/HttpClientConnectionManager
instanceKlass org/apache/maven/wagon/InputData
instanceKlass org/apache/maven/wagon/OutputData
instanceKlass java/util/EventObject
instanceKlass org/apache/maven/wagon/events/SessionListener
instanceKlass org/apache/maven/wagon/resource/Resource
instanceKlass org/apache/maven/wagon/repository/RepositoryPermissions
instanceKlass org/apache/maven/wagon/events/TransferEventSupport
instanceKlass org/apache/maven/wagon/events/SessionEventSupport
instanceKlass org/apache/maven/wagon/proxy/ProxyInfoProvider
instanceKlass org/apache/maven/wagon/AbstractWagon
instanceKlass org/apache/maven/wagon/StreamingWagon
instanceKlass org/apache/maven/wagon/observers/ChecksumObserver
instanceKlass org/apache/maven/wagon/authentication/AuthenticationInfo
instanceKlass org/apache/maven/wagon/proxy/ProxyInfo
instanceKlass org/apache/maven/wagon/repository/Repository
instanceKlass org/apache/maven/artifact/Artifact
instanceKlass org/apache/maven/artifact/metadata/ArtifactMetadata
instanceKlass org/apache/maven/repository/legacy/metadata/ArtifactMetadata
instanceKlass org/apache/maven/artifact/repository/ArtifactRepository
instanceKlass org/apache/maven/wagon/events/TransferListener
instanceKlass org/apache/maven/repository/legacy/DefaultWagonManager
instanceKlass com/google/inject/spi/ProviderWithExtensionVisitor
instanceKlass com/google/common/collect/Iterables
instanceKlass java/util/stream/ForEachOps$ForEachOp
instanceKlass java/util/stream/ForEachOps
instanceKlass  @bci com/google/inject/spi/InjectionPoint forConstructorOf (Lcom/google/inject/TypeLiteral;Z)Lcom/google/inject/spi/InjectionPoint; 83 <appendix> member <vmtarget> ; # com/google/inject/spi/InjectionPoint$$Lambda+0x00000000280f60b8
instanceKlass  @bci com/google/inject/spi/InjectionPoint forConstructorOf (Lcom/google/inject/TypeLiteral;Z)Lcom/google/inject/spi/InjectionPoint; 67 <appendix> argL0 ; # com/google/inject/spi/InjectionPoint$$Lambda+0x00000000280f5e60
instanceKlass  @bci com/google/inject/spi/InjectionPoint forConstructorOf (Lcom/google/inject/TypeLiteral;Z)Lcom/google/inject/spi/InjectionPoint; 57 <appendix> argL0 ; # com/google/inject/spi/InjectionPoint$$Lambda+0x00000000280f5c08
instanceKlass  @bci com/google/inject/spi/InjectionPoint forConstructorOf (Lcom/google/inject/TypeLiteral;Z)Lcom/google/inject/spi/InjectionPoint; 24 <appendix> argL0 ; # com/google/inject/spi/InjectionPoint$$Lambda+0x00000000280f59b0
instanceKlass org/eclipse/sisu/plexus/PlexusBean
instanceKlass org/codehaus/plexus/component/repository/ComponentDescriptor
instanceKlass com/google/inject/spi/ProvidesMethodBinding
instanceKlass org/eclipse/sisu/inject/Guice4
instanceKlass com/google/inject/internal/GuiceInternal
instanceKlass org/sonatype/inject/Parameters
instanceKlass org/eclipse/sisu/plexus/PlexusXmlBeanConverter
instanceKlass org/eclipse/sisu/plexus/PlexusBeanConverter
instanceKlass com/google/inject/spi/TypeConverterBinding
instanceKlass java/lang/reflect/AnnotatedParameterizedType
instanceKlass sun/reflect/generics/tree/Wildcard
instanceKlass sun/reflect/generics/tree/BottomSignature
instanceKlass org/eclipse/sisu/inject/DefaultRankingFunction
instanceKlass com/google/inject/spi/ProvisionListenerBinding
instanceKlass com/google/inject/spi/TypeListenerBinding
instanceKlass org/eclipse/sisu/bean/BeanListener
instanceKlass com/google/inject/matcher/Matchers
instanceKlass org/eclipse/sisu/bean/PropertyBinder
instanceKlass org/eclipse/sisu/plexus/PlexusBeanBinder
instanceKlass com/google/inject/spi/InjectionListener
instanceKlass org/sonatype/plexus/components/sec/dispatcher/DefaultSecDispatcher
instanceKlass org/sonatype/plexus/components/cipher/DefaultPlexusCipher
instanceKlass org/sonatype/plexus/components/cipher/PlexusCipher
instanceKlass org/codehaus/plexus/component/configurator/AbstractComponentConfigurator
instanceKlass org/codehaus/plexus/component/configurator/ComponentConfigurator
instanceKlass org/apache/maven/settings/validation/DefaultSettingsValidator
instanceKlass org/apache/maven/settings/validation/SettingsValidator
instanceKlass org/apache/maven/settings/io/DefaultSettingsWriter
instanceKlass org/apache/maven/settings/io/SettingsWriter
instanceKlass org/apache/maven/settings/io/DefaultSettingsReader
instanceKlass org/apache/maven/settings/io/SettingsReader
instanceKlass org/apache/maven/settings/crypto/DefaultSettingsDecrypter
instanceKlass org/apache/maven/settings/crypto/SettingsDecrypter
instanceKlass org/apache/maven/settings/building/DefaultSettingsBuilder
instanceKlass org/apache/maven/settings/building/SettingsBuilder
# instanceKlass java/lang/invoke/LambdaForm$MH+0x00000000280f0000
instanceKlass java/lang/invoke/MethodHandle$1
instanceKlass org/eclipse/aether/transport/wagon/WagonTransporterFactory
instanceKlass org/eclipse/aether/internal/transport/wagon/PlexusWagonProvider
instanceKlass org/eclipse/aether/transport/wagon/WagonProvider
instanceKlass org/eclipse/aether/internal/transport/wagon/PlexusWagonConfigurator
instanceKlass org/eclipse/aether/transport/wagon/WagonConfigurator
instanceKlass org/eclipse/aether/transport/http/ChecksumExtractor
instanceKlass org/eclipse/aether/transport/http/HttpTransporterFactory
instanceKlass org/eclipse/aether/transport/file/FileTransporterFactory
instanceKlass org/eclipse/aether/spi/connector/transport/TransporterFactory
instanceKlass org/apache/maven/repository/internal/VersionsMetadataGeneratorFactory
instanceKlass org/apache/maven/repository/internal/SnapshotMetadataGeneratorFactory
instanceKlass org/apache/maven/repository/internal/PluginsMetadataGeneratorFactory
instanceKlass org/eclipse/aether/impl/MetadataGeneratorFactory
instanceKlass org/apache/maven/repository/internal/DefaultVersionResolver
instanceKlass org/eclipse/aether/impl/VersionResolver
instanceKlass org/apache/maven/repository/internal/DefaultVersionRangeResolver
instanceKlass org/eclipse/aether/impl/VersionRangeResolver
instanceKlass org/apache/maven/repository/internal/DefaultModelCacheFactory
instanceKlass org/apache/maven/repository/internal/ModelCacheFactory
instanceKlass org/apache/maven/repository/internal/DefaultArtifactDescriptorReader
instanceKlass org/eclipse/aether/impl/ArtifactDescriptorReader
instanceKlass org/eclipse/aether/named/support/NamedLockFactorySupport
instanceKlass org/eclipse/aether/named/NamedLockFactory
instanceKlass org/eclipse/aether/internal/impl/synccontext/named/providers/StaticNameMapperProvider
instanceKlass org/eclipse/aether/internal/impl/synccontext/named/providers/GAVNameMapperProvider
instanceKlass org/eclipse/aether/internal/impl/synccontext/named/providers/GAECVNameMapperProvider
instanceKlass org/eclipse/aether/internal/impl/synccontext/named/providers/FileStaticNameMapperProvider
instanceKlass org/eclipse/aether/internal/impl/synccontext/named/providers/FileHashingGAVNameMapperProvider
instanceKlass org/eclipse/aether/internal/impl/synccontext/named/providers/FileHashingGAECVNameMapperProvider
instanceKlass org/eclipse/aether/internal/impl/synccontext/named/providers/FileGAVNameMapperProvider
instanceKlass org/eclipse/aether/internal/impl/synccontext/named/providers/FileGAECVNameMapperProvider
instanceKlass org/eclipse/aether/internal/impl/synccontext/named/NameMapper
instanceKlass org/eclipse/aether/internal/impl/synccontext/named/providers/DiscriminatingNameMapperProvider
instanceKlass org/eclipse/aether/internal/impl/synccontext/named/NamedLockFactoryAdapterFactoryImpl
instanceKlass org/eclipse/aether/internal/impl/synccontext/named/NamedLockFactoryAdapterFactory
instanceKlass org/eclipse/aether/internal/impl/synccontext/legacy/DefaultSyncContextFactory
instanceKlass org/eclipse/aether/impl/SyncContextFactory
instanceKlass org/eclipse/aether/internal/impl/synccontext/DefaultSyncContextFactory
instanceKlass org/eclipse/aether/spi/synccontext/SyncContextFactory
instanceKlass java/lang/Deprecated
instanceKlass org/eclipse/aether/internal/impl/slf4j/Slf4jLoggerFactory
instanceKlass org/eclipse/aether/internal/impl/resolution/ArtifactResolverPostProcessorSupport
instanceKlass org/eclipse/aether/internal/impl/filter/RemoteRepositoryFilterSourceSupport
instanceKlass org/eclipse/aether/spi/connector/filter/RemoteRepositoryFilterSource
instanceKlass org/eclipse/aether/spi/resolution/ArtifactResolverPostProcessor
instanceKlass org/eclipse/aether/internal/impl/filter/DefaultRemoteRepositoryFilterManager
instanceKlass org/eclipse/aether/impl/RemoteRepositoryFilterManager
instanceKlass org/eclipse/aether/internal/impl/collect/DependencyCollectorDelegate
instanceKlass org/eclipse/aether/internal/impl/collect/DefaultDependencyCollector
instanceKlass org/eclipse/aether/impl/DependencyCollector
instanceKlass org/eclipse/aether/internal/impl/checksum/TrustedToProvidedChecksumsSourceAdapter
instanceKlass org/eclipse/aether/spi/checksums/ProvidedChecksumsSource
instanceKlass org/eclipse/aether/internal/impl/checksum/FileTrustedChecksumsSourceSupport
instanceKlass org/eclipse/aether/spi/checksums/TrustedChecksumsSource
instanceKlass org/eclipse/aether/spi/connector/checksum/ChecksumAlgorithmFactorySupport
instanceKlass org/eclipse/aether/spi/connector/checksum/ChecksumAlgorithmFactory
instanceKlass org/eclipse/aether/internal/impl/checksum/DefaultChecksumAlgorithmFactorySelector
instanceKlass org/eclipse/aether/spi/connector/checksum/ChecksumAlgorithmFactorySelector
instanceKlass org/eclipse/aether/internal/impl/SimpleLocalRepositoryManagerFactory
instanceKlass org/eclipse/aether/internal/impl/Maven2RepositoryLayoutFactory
instanceKlass org/eclipse/aether/spi/connector/layout/RepositoryLayoutFactory
instanceKlass org/eclipse/aether/spi/log/LoggerFactory
instanceKlass org/eclipse/aether/internal/impl/LoggerFactoryProvider
instanceKlass org/eclipse/aether/internal/impl/EnhancedLocalRepositoryManagerFactory
instanceKlass org/eclipse/aether/spi/localrepo/LocalRepositoryManagerFactory
instanceKlass org/eclipse/aether/internal/impl/DefaultUpdatePolicyAnalyzer
instanceKlass org/eclipse/aether/impl/UpdatePolicyAnalyzer
instanceKlass org/eclipse/aether/internal/impl/DefaultUpdateCheckManager
instanceKlass org/eclipse/aether/impl/UpdateCheckManager
instanceKlass org/eclipse/aether/internal/impl/DefaultTransporterProvider
instanceKlass org/eclipse/aether/spi/connector/transport/TransporterProvider
instanceKlass org/eclipse/aether/internal/impl/DefaultTrackingFileManager
instanceKlass org/eclipse/aether/internal/impl/TrackingFileManager
instanceKlass org/eclipse/aether/internal/impl/DefaultRepositorySystemLifecycle
instanceKlass org/eclipse/aether/impl/RepositorySystemLifecycle
instanceKlass org/eclipse/aether/internal/impl/DefaultRepositorySystem
instanceKlass org/eclipse/aether/RepositorySystem
instanceKlass org/eclipse/aether/internal/impl/DefaultRepositoryLayoutProvider
instanceKlass org/eclipse/aether/spi/connector/layout/RepositoryLayoutProvider
instanceKlass org/eclipse/aether/internal/impl/DefaultRepositoryEventDispatcher
instanceKlass org/eclipse/aether/impl/RepositoryEventDispatcher
instanceKlass org/eclipse/aether/internal/impl/DefaultRepositoryConnectorProvider
instanceKlass org/eclipse/aether/impl/RepositoryConnectorProvider
instanceKlass org/eclipse/aether/internal/impl/DefaultRemoteRepositoryManager
instanceKlass org/eclipse/aether/impl/RemoteRepositoryManager
instanceKlass org/eclipse/aether/internal/impl/DefaultOfflineController
instanceKlass org/eclipse/aether/impl/OfflineController
instanceKlass org/eclipse/aether/internal/impl/DefaultMetadataResolver
instanceKlass org/eclipse/aether/impl/MetadataResolver
instanceKlass org/eclipse/aether/internal/impl/DefaultLocalRepositoryProvider
instanceKlass org/eclipse/aether/impl/LocalRepositoryProvider
instanceKlass org/eclipse/aether/internal/impl/LocalPathPrefixComposerFactorySupport
instanceKlass org/eclipse/aether/internal/impl/LocalPathPrefixComposerFactory
instanceKlass org/eclipse/aether/internal/impl/DefaultLocalPathComposer
instanceKlass org/eclipse/aether/internal/impl/LocalPathComposer
instanceKlass org/eclipse/aether/internal/impl/DefaultInstaller
instanceKlass org/eclipse/aether/impl/Installer
instanceKlass org/eclipse/aether/internal/impl/DefaultFileProcessor
instanceKlass org/eclipse/aether/spi/io/FileProcessor
instanceKlass org/eclipse/aether/internal/impl/DefaultDeployer
instanceKlass org/eclipse/aether/impl/Deployer
instanceKlass org/eclipse/aether/internal/impl/DefaultChecksumPolicyProvider
instanceKlass org/eclipse/aether/spi/connector/checksum/ChecksumPolicyProvider
instanceKlass org/eclipse/aether/internal/impl/DefaultArtifactResolver
instanceKlass org/eclipse/aether/impl/ArtifactResolver
instanceKlass org/eclipse/aether/connector/basic/BasicRepositoryConnectorFactory
instanceKlass org/eclipse/aether/spi/locator/Service
instanceKlass org/eclipse/aether/spi/connector/RepositoryConnectorFactory
instanceKlass org/apache/maven/model/validation/DefaultModelValidator
instanceKlass org/apache/maven/model/validation/ModelValidator
instanceKlass org/apache/maven/model/superpom/DefaultSuperPomProvider
instanceKlass org/apache/maven/model/superpom/SuperPomProvider
instanceKlass org/apache/maven/model/profile/activation/PropertyProfileActivator
instanceKlass org/apache/maven/model/profile/activation/OperatingSystemProfileActivator
instanceKlass org/apache/maven/model/profile/activation/JdkVersionProfileActivator
instanceKlass org/apache/maven/model/profile/activation/FileProfileActivator
instanceKlass org/apache/maven/model/profile/activation/ProfileActivator
instanceKlass org/apache/maven/model/profile/DefaultProfileSelector
instanceKlass org/apache/maven/model/profile/ProfileSelector
instanceKlass org/apache/maven/model/profile/DefaultProfileInjector
instanceKlass org/apache/maven/model/profile/ProfileInjector
instanceKlass org/apache/maven/model/plugin/DefaultReportingConverter
instanceKlass org/apache/maven/model/plugin/ReportingConverter
instanceKlass org/apache/maven/model/plugin/DefaultReportConfigurationExpander
instanceKlass org/apache/maven/model/plugin/ReportConfigurationExpander
instanceKlass org/apache/maven/model/plugin/DefaultPluginConfigurationExpander
instanceKlass org/apache/maven/model/plugin/PluginConfigurationExpander
instanceKlass org/apache/maven/model/path/ProfileActivationFilePathInterpolator
instanceKlass org/apache/maven/model/path/DefaultUrlNormalizer
instanceKlass org/apache/maven/model/path/UrlNormalizer
instanceKlass org/apache/maven/model/path/DefaultPathTranslator
instanceKlass org/apache/maven/model/path/PathTranslator
instanceKlass org/apache/maven/model/path/DefaultModelUrlNormalizer
instanceKlass org/apache/maven/model/path/ModelUrlNormalizer
instanceKlass org/apache/maven/model/path/DefaultModelPathTranslator
instanceKlass org/apache/maven/model/path/ModelPathTranslator
instanceKlass org/apache/maven/model/normalization/DefaultModelNormalizer
instanceKlass org/apache/maven/model/normalization/ModelNormalizer
instanceKlass org/apache/maven/model/management/DefaultPluginManagementInjector
instanceKlass org/apache/maven/model/management/PluginManagementInjector
instanceKlass org/apache/maven/model/management/DefaultDependencyManagementInjector
instanceKlass org/apache/maven/model/management/DependencyManagementInjector
instanceKlass org/apache/maven/model/locator/DefaultModelLocator
instanceKlass org/apache/maven/model/io/DefaultModelWriter
instanceKlass org/apache/maven/model/io/ModelWriter
instanceKlass org/apache/maven/model/io/DefaultModelReader
instanceKlass org/apache/maven/model/interpolation/AbstractStringBasedModelInterpolator
instanceKlass org/apache/maven/model/interpolation/ModelInterpolator
instanceKlass org/apache/maven/model/interpolation/DefaultModelVersionProcessor
instanceKlass org/apache/maven/model/interpolation/ModelVersionProcessor
instanceKlass org/apache/maven/model/inheritance/DefaultInheritanceAssembler
instanceKlass org/apache/maven/model/inheritance/InheritanceAssembler
instanceKlass org/apache/maven/model/composition/DefaultDependencyManagementImporter
instanceKlass org/apache/maven/model/composition/DependencyManagementImporter
instanceKlass  @bci sun/reflect/annotation/AnnotationParser parseClassArray (ILjava/nio/ByteBuffer;Ljdk/internal/reflect/ConstantPool;Ljava/lang/Class;)Ljava/lang/Object; 10 <appendix> member <vmtarget> ; # sun/reflect/annotation/AnnotationParser$$Lambda+0x0000000028033730
instanceKlass org/apache/maven/model/building/DefaultModelProcessor
instanceKlass org/apache/maven/model/building/ModelProcessor
instanceKlass org/apache/maven/model/io/ModelReader
instanceKlass org/apache/maven/model/locator/ModelLocator
instanceKlass org/apache/maven/model/building/DefaultModelBuilder
instanceKlass org/apache/maven/model/building/ModelBuilder
instanceKlass org/apache/maven/cli/internal/BootstrapCoreExtensionManager
instanceKlass org/apache/maven/cli/configuration/SettingsXmlConfigurationProcessor
instanceKlass org/apache/maven/cli/configuration/ConfigurationProcessor
instanceKlass org/apache/maven/toolchain/io/DefaultToolchainsWriter
instanceKlass org/apache/maven/toolchain/io/ToolchainsWriter
instanceKlass org/apache/maven/toolchain/io/DefaultToolchainsReader
instanceKlass org/apache/maven/toolchain/io/ToolchainsReader
instanceKlass org/apache/maven/toolchain/building/DefaultToolchainsBuilder
instanceKlass org/apache/maven/toolchain/building/ToolchainsBuilder
instanceKlass org/apache/maven/execution/MavenSession
instanceKlass org/apache/maven/session/scope/internal/SessionScope$ScopeState
instanceKlass  @bci org/apache/maven/session/scope/internal/SessionScope <clinit> ()V 0 <appendix> argL0 ; # org/apache/maven/session/scope/internal/SessionScope$$Lambda+0x00000000280d17c8
instanceKlass org/apache/maven/session/scope/internal/SessionScope
instanceKlass org/apache/maven/plugin/internal/MavenPluginMavenPrerequisiteChecker
instanceKlass org/apache/maven/plugin/internal/MavenPluginJavaPrerequisiteChecker
instanceKlass org/apache/maven/plugin/MavenPluginPrerequisitesChecker
instanceKlass org/apache/maven/plugin/internal/AbstractMavenPluginDependenciesValidator
instanceKlass org/apache/maven/plugin/internal/MavenPluginDependenciesValidator
instanceKlass org/apache/maven/plugin/internal/AbstractMavenPluginParametersValidator
instanceKlass org/apache/maven/plugin/internal/MavenPluginConfigurationValidator
instanceKlass org/apache/maven/eventspy/AbstractEventSpy
instanceKlass org/apache/maven/eventspy/EventSpy
instanceKlass org/apache/maven/plugin/PluginValidationManager
instanceKlass org/apache/maven/plugin/DefaultMojosExecutionStrategy
instanceKlass org/apache/maven/plugin/MojosExecutionStrategy
instanceKlass org/apache/maven/lifecycle/internal/LifecycleDependencyResolver
instanceKlass org/apache/maven/lifecycle/internal/DefaultProjectArtifactFactory
instanceKlass org/apache/maven/lifecycle/internal/ProjectArtifactFactory
instanceKlass org/sonatype/plexus/components/sec/dispatcher/SecDispatcher
instanceKlass org/apache/maven/internal/secdispatcher/SecDispatcherProvider
instanceKlass org/apache/maven/internal/aether/ResolverLifecycle
instanceKlass org/apache/maven/internal/aether/DefaultRepositorySystemSessionFactory
instanceKlass org/apache/maven/extension/internal/CoreExportsProvider
instanceKlass org/apache/maven/plugin/MojoExecution
instanceKlass org/apache/maven/project/MavenProject
instanceKlass org/apache/maven/execution/scope/internal/MojoExecutionScope$ScopeState
instanceKlass org/apache/maven/execution/MojoExecutionEvent
instanceKlass org/apache/maven/execution/scope/MojoExecutionScoped
instanceKlass com/google/inject/RestrictedBindingSource$Permit
instanceKlass org/apache/maven/execution/scope/internal/MojoExecutionScope$1
instanceKlass org/apache/maven/execution/scope/internal/MojoExecutionScope
instanceKlass org/apache/maven/execution/MojoExecutionListener
instanceKlass  @bci org/eclipse/sisu/space/QualifiedTypeBinder newInstance (Ljava/lang/Class;)Ljava/lang/Object; 17 <appendix> member <vmtarget> ; # org/eclipse/sisu/space/QualifiedTypeBinder$$Lambda+0x00000000280ca900
instanceKlass org/apache/maven/execution/DefaultMavenExecutionRequestPopulator
instanceKlass org/apache/maven/execution/MavenExecutionRequestPopulator
instanceKlass org/apache/maven/classrealm/DefaultClassRealmManager
instanceKlass org/apache/maven/classrealm/ClassRealmManager
instanceKlass org/apache/maven/SessionScoped
instanceKlass org/apache/maven/ReactorReader
instanceKlass org/apache/maven/repository/internal/MavenWorkspaceReader
instanceKlass org/eclipse/aether/repository/WorkspaceReader
instanceKlass org/eclipse/sisu/space/WildcardKey$QualifiedImpl
instanceKlass org/eclipse/sisu/space/WildcardKey$Qualified
instanceKlass org/eclipse/sisu/space/WildcardKey
instanceKlass org/eclipse/sisu/Typed
instanceKlass org/sonatype/inject/EagerSingleton
instanceKlass org/eclipse/sisu/EagerSingleton
instanceKlass org/sonatype/inject/Mediator
instanceKlass org/eclipse/sisu/inject/TypeArguments
instanceKlass org/apache/maven/DefaultArtifactFilterManager
instanceKlass org/apache/maven/ArtifactFilterManager
instanceKlass org/objectweb/asm/Context
instanceKlass org/objectweb/asm/Attribute
instanceKlass org/objectweb/asm/AnnotationVisitor
instanceKlass org/objectweb/asm/ClassReader
instanceKlass org/eclipse/sisu/space/IndexedClassFinder$1
instanceKlass org/eclipse/sisu/inject/Logs$SLF4JSink
instanceKlass org/eclipse/sisu/inject/Logs$Sink
instanceKlass org/eclipse/sisu/inject/Logs
instanceKlass org/eclipse/sisu/space/QualifierCache
instanceKlass org/eclipse/sisu/space/QualifiedTypeVisitor
instanceKlass org/eclipse/sisu/plexus/PlexusTypeVisitor$ComponentAnnotationVisitor
instanceKlass org/eclipse/sisu/space/AnnotationVisitor
instanceKlass org/eclipse/sisu/plexus/PlexusTypeVisitor
instanceKlass org/eclipse/sisu/space/ClassVisitor
instanceKlass org/eclipse/sisu/plexus/PlexusXmlBeanModule$PlexusXmlBeanSource
instanceKlass org/eclipse/sisu/inject/DescriptionSource
instanceKlass org/eclipse/sisu/inject/AnnotatedSource
instanceKlass org/eclipse/sisu/Hidden
instanceKlass org/eclipse/sisu/Priority
instanceKlass org/eclipse/sisu/Description
instanceKlass org/eclipse/sisu/inject/Sources
instanceKlass com/google/inject/Key$AnnotationInstanceStrategy
instanceKlass com/google/inject/name/NamedImpl
instanceKlass com/google/inject/name/Named
instanceKlass com/google/inject/name/Names
instanceKlass com/google/inject/internal/MoreTypes$ParameterizedTypeImpl
instanceKlass  @bci sun/reflect/generics/reflectiveObjects/TypeVariableImpl getGenericDeclaration ()Ljava/lang/reflect/GenericDeclaration; 60 <appendix> member <vmtarget> ; # sun/reflect/generics/reflectiveObjects/TypeVariableImpl$$TypeSwitch+0x0000000028033520
instanceKlass java/lang/classfile/MethodModel
instanceKlass java/lang/classfile/FieldModel
instanceKlass  @bci jdk/internal/classfile/impl/ClassFileImpl attributeMapper ()Ljava/util/function/Function; 7 <appendix> argL0 ; # jdk/internal/classfile/impl/ClassFileImpl$$Lambda+0x800000051
instanceKlass java/lang/classfile/ClassModel
instanceKlass java/lang/classfile/AttributedElement
instanceKlass java/lang/classfile/CompoundElement
instanceKlass java/lang/classfile/instruction/SwitchCase
instanceKlass  @bci java/lang/runtime/SwitchBootstraps generateTypeSwitchSkeleton (Ljava/lang/Class;[Ljava/lang/Object;Ljava/util/List;Ljava/util/List;)Ljava/util/function/Consumer; 45 <appendix> member <vmtarget> ; # java/lang/runtime/SwitchBootstraps$$Lambda+0x80000001d
instanceKlass java/lang/classfile/AccessFlags
instanceKlass  @bci java/lang/runtime/SwitchBootstraps generateTypeSwitch (Ljava/lang/invoke/MethodHandles$Lookup;Ljava/lang/Class;[Ljava/lang/Object;)Ljava/lang/invoke/MethodHandle; 70 <appendix> member <vmtarget> ; # java/lang/runtime/SwitchBootstraps$$Lambda+0x80000001c
instanceKlass java/lang/invoke/DirectMethodHandle$1
instanceKlass jdk/internal/misc/PreviewFeatures
instanceKlass java/lang/runtime/SwitchBootstraps
instanceKlass sun/reflect/generics/reflectiveObjects/ParameterizedTypeImpl
instanceKlass sun/reflect/generics/reflectiveObjects/LazyReflectiveObjectGenerator
instanceKlass org/apache/maven/wagon/Wagon
instanceKlass org/apache/maven/toolchain/ToolchainsBuilder
instanceKlass org/apache/maven/toolchain/ToolchainManagerPrivate
instanceKlass org/apache/maven/toolchain/ToolchainManager
instanceKlass org/apache/maven/toolchain/ToolchainFactory
instanceKlass org/apache/maven/settings/MavenSettingsBuilder
instanceKlass org/apache/maven/rtinfo/RuntimeInformation
instanceKlass org/apache/maven/project/artifact/ProjectArtifactsCache
instanceKlass org/apache/maven/project/artifact/MavenMetadataCache
instanceKlass org/apache/maven/project/ProjectRealmCache
instanceKlass org/apache/maven/project/ProjectDependenciesResolver
instanceKlass org/apache/maven/project/ProjectBuildingHelper
instanceKlass org/apache/maven/project/ProjectBuilder
instanceKlass org/apache/maven/project/MavenProjectHelper
instanceKlass org/apache/maven/plugin/version/PluginVersionResolver
instanceKlass org/apache/maven/plugin/prefix/PluginPrefixResolver
instanceKlass org/apache/maven/plugin/internal/PluginDependenciesResolver
instanceKlass org/apache/maven/plugin/PluginRealmCache
instanceKlass org/apache/maven/plugin/PluginManager
instanceKlass org/apache/maven/plugin/PluginDescriptorCache
instanceKlass org/apache/maven/plugin/PluginArtifactsCache
instanceKlass org/apache/maven/plugin/MavenPluginManager
instanceKlass org/apache/maven/plugin/LegacySupport
instanceKlass org/apache/maven/plugin/ExtensionRealmCache
instanceKlass org/apache/maven/plugin/BuildPluginManager
instanceKlass org/apache/maven/model/plugin/LifecycleBindingsInjector
instanceKlass org/apache/maven/lifecycle/internal/builder/BuilderCommon
instanceKlass org/apache/maven/lifecycle/internal/builder/Builder
instanceKlass org/apache/maven/lifecycle/internal/MojoExecutor
instanceKlass org/apache/maven/lifecycle/internal/MojoDescriptorCreator
instanceKlass org/apache/maven/lifecycle/internal/LifecycleTaskSegmentCalculator
instanceKlass org/apache/maven/lifecycle/internal/LifecycleStarter
instanceKlass org/apache/maven/lifecycle/internal/LifecyclePluginResolver
instanceKlass org/apache/maven/lifecycle/internal/LifecycleModuleBuilder
instanceKlass org/apache/maven/lifecycle/internal/LifecycleExecutionPlanCalculator
instanceKlass org/apache/maven/lifecycle/internal/LifecycleDebugLogger
instanceKlass org/apache/maven/lifecycle/internal/ExecutionEventCatapult
instanceKlass org/apache/maven/lifecycle/internal/BuildListCalculator
instanceKlass org/apache/maven/lifecycle/MojoExecutionConfigurator
instanceKlass org/apache/maven/lifecycle/LifecycleMappingDelegate
instanceKlass org/apache/maven/lifecycle/LifecycleExecutor
instanceKlass org/apache/maven/lifecycle/LifeCyclePluginAnalyzer
instanceKlass org/apache/maven/lifecycle/DefaultLifecycles
instanceKlass org/apache/maven/graph/GraphBuilder
instanceKlass org/apache/maven/eventspy/internal/EventSpyDispatcher
instanceKlass org/apache/maven/configuration/BeanConfigurator
instanceKlass org/apache/maven/bridge/MavenRepositorySystem
instanceKlass org/apache/maven/artifact/resolver/ResolutionErrorHandler
instanceKlass org/apache/maven/artifact/repository/metadata/io/MetadataReader
instanceKlass org/apache/maven/artifact/metadata/ArtifactMetadataSource
instanceKlass org/apache/maven/repository/legacy/metadata/ArtifactMetadataSource
instanceKlass org/apache/maven/artifact/handler/manager/ArtifactHandlerManager
instanceKlass org/apache/maven/artifact/factory/ArtifactFactory
instanceKlass org/apache/maven/ProjectDependenciesResolver
instanceKlass org/apache/maven/Maven
instanceKlass org/apache/maven/artifact/handler/ArtifactHandler
instanceKlass org/apache/maven/lifecycle/Lifecycle
instanceKlass org/eclipse/sisu/space/CloningClassSpace$1
instanceKlass org/apache/maven/lifecycle/mapping/LifecycleMapping
instanceKlass org/apache/maven/repository/metadata/GraphConflictResolver
instanceKlass org/apache/maven/repository/metadata/GraphConflictResolutionPolicy
instanceKlass org/eclipse/sisu/plexus/ConfigurationImpl
instanceKlass org/apache/maven/repository/metadata/ClasspathTransformation
instanceKlass org/apache/maven/repository/legacy/resolver/transform/ArtifactTransformationManager
instanceKlass org/apache/maven/repository/legacy/resolver/transform/ArtifactTransformation
instanceKlass org/apache/maven/repository/legacy/resolver/conflict/ConflictResolverFactory
instanceKlass org/apache/maven/repository/legacy/resolver/conflict/ConflictResolver
instanceKlass java/lang/foreign/MemorySegment
instanceKlass org/apache/maven/repository/legacy/repository/ArtifactRepositoryFactory
instanceKlass org/apache/maven/repository/legacy/UpdateCheckManager
instanceKlass org/apache/maven/repository/RepositorySystem
instanceKlass org/apache/maven/repository/MirrorSelector
instanceKlass org/apache/maven/project/validation/ModelValidator
instanceKlass org/apache/maven/project/path/PathTranslator
instanceKlass org/apache/maven/project/interpolation/ModelInterpolator
instanceKlass org/apache/maven/project/inheritance/ModelInheritanceAssembler
instanceKlass org/apache/maven/project/MavenProjectBuilder
instanceKlass org/apache/maven/profiles/MavenProfilesBuilder
instanceKlass org/apache/maven/execution/RuntimeInformation
instanceKlass org/apache/maven/artifact/resolver/ArtifactResolver
instanceKlass org/apache/maven/artifact/resolver/ArtifactCollector
instanceKlass org/apache/maven/repository/legacy/resolver/LegacyArtifactCollector
instanceKlass org/apache/maven/artifact/repository/metadata/RepositoryMetadataManager
instanceKlass org/apache/maven/artifact/repository/layout/ArtifactRepositoryLayout
instanceKlass org/apache/maven/artifact/repository/ArtifactRepositoryFactory
instanceKlass org/apache/maven/artifact/manager/WagonManager
instanceKlass org/apache/maven/repository/legacy/WagonManager
instanceKlass org/apache/maven/artifact/installer/ArtifactInstaller
instanceKlass org/eclipse/sisu/plexus/PlexusXmlMetadata
instanceKlass org/eclipse/sisu/plexus/Roles
instanceKlass org/apache/maven/artifact/deployer/ArtifactDeployer
instanceKlass org/eclipse/sisu/plexus/Hints
instanceKlass org/eclipse/sisu/space/AbstractDeferredClass
instanceKlass org/eclipse/sisu/plexus/RequirementImpl
instanceKlass org/codehaus/plexus/component/annotations/Requirement
instanceKlass org/eclipse/sisu/space/Streams
instanceKlass org/eclipse/sisu/plexus/ComponentImpl
instanceKlass org/codehaus/plexus/component/annotations/Component
instanceKlass org/eclipse/sisu/plexus/PlexusTypeRegistry
instanceKlass org/eclipse/sisu/plexus/PlexusXmlScanner
instanceKlass org/eclipse/sisu/space/QualifiedTypeBinder
instanceKlass org/eclipse/sisu/plexus/PlexusTypeBinder
instanceKlass com/google/inject/spi/InjectionRequest
instanceKlass org/eclipse/sisu/bean/BeanProperty
instanceKlass com/google/common/collect/ObjectArrays
instanceKlass com/google/inject/internal/Nullability
instanceKlass  @bci com/google/inject/internal/KotlinSupport$KotlinUnsupported <clinit> ()V 7 <appendix> argL0 ; # com/google/inject/internal/KotlinSupport$KotlinUnsupported$$Lambda+0x00000000280b7d28
instanceKlass  @cpi com/sun/tools/javac/comp/Modules 1608 form vmentry <vmtarget> ; # java/lang/invoke/LambdaForm$DMH+0x00000000280b0400
instanceKlass com/google/inject/internal/KotlinSupport$KotlinUnsupported
instanceKlass com/google/inject/internal/KotlinSupport$KotlinSupportHolder
instanceKlass com/google/inject/internal/KotlinSupportInterface
instanceKlass com/google/inject/internal/KotlinSupport
instanceKlass com/google/inject/spi/InjectionPoint$OverrideIndex
instanceKlass org/eclipse/sisu/inject/RankedBindings
instanceKlass org/eclipse/sisu/Mediator
instanceKlass sun/reflect/generics/visitor/Reifier
instanceKlass sun/reflect/generics/visitor/TypeTreeVisitor
instanceKlass sun/reflect/generics/tree/TypeVariableSignature
instanceKlass sun/reflect/generics/factory/CoreReflectionFactory
instanceKlass sun/reflect/generics/factory/GenericsFactory
instanceKlass sun/reflect/generics/scope/AbstractScope
instanceKlass sun/reflect/generics/scope/Scope
instanceKlass com/google/inject/Inject
instanceKlass javax/inject/Inject
instanceKlass  @bci com/google/inject/internal/DeclaredMembers getDeclaredFields (Ljava/lang/Class;)[Ljava/lang/reflect/Field; 38 <appendix> argL0 ; # com/google/inject/internal/DeclaredMembers$$Lambda+0x00000000280b60f0
instanceKlass  @bci com/google/inject/internal/DeclaredMembers getDeclaredFields (Ljava/lang/Class;)[Ljava/lang/reflect/Field; 20 <appendix> argL0 ; # com/google/inject/internal/DeclaredMembers$$Lambda+0x00000000280b5ea8
instanceKlass  @bci com/google/inject/internal/DeclaredMembers getDeclaredFields (Ljava/lang/Class;)[Ljava/lang/reflect/Field; 15 <appendix> argL0 ; # com/google/inject/internal/DeclaredMembers$$Lambda+0x00000000280b5c60
instanceKlass  @bci com/google/inject/internal/DeclaredMembers getDeclaredFields (Ljava/lang/Class;)[Ljava/lang/reflect/Field; 7 <appendix> argL0 ; # com/google/inject/internal/DeclaredMembers$$Lambda+0x00000000280b5a18
instanceKlass java/lang/reflect/WildcardType
instanceKlass com/google/inject/spi/InjectionPoint$InjectableMembers
instanceKlass com/google/inject/spi/InjectionPoint$InjectableMember
instanceKlass com/google/inject/spi/InjectionPoint
instanceKlass java/lang/reflect/ParameterizedType
instanceKlass com/google/inject/internal/MoreTypes$GenericArrayTypeImpl
instanceKlass com/google/inject/internal/MoreTypes$CompositeType
instanceKlass java/lang/reflect/GenericArrayType
instanceKlass com/google/inject/Key$AnnotationTypeStrategy
instanceKlass com/google/common/util/concurrent/AbstractFuture$Failure
instanceKlass com/google/common/util/concurrent/AbstractFuture$Cancellation
instanceKlass com/google/common/util/concurrent/AbstractFuture$DelegatingToFuture
instanceKlass com/google/common/util/concurrent/Platform
instanceKlass com/google/common/util/concurrent/Uninterruptibles
instanceKlass com/google/common/util/concurrent/AbstractFuture$Listener
instanceKlass com/google/common/util/concurrent/AbstractFutureState$Waiter
instanceKlass com/google/common/util/concurrent/LazyLogger
instanceKlass java/util/concurrent/Executor
instanceKlass com/google/common/util/concurrent/AbstractFutureState$AtomicHelper
instanceKlass com/google/common/util/concurrent/internal/InternalFutureFailureAccess
instanceKlass com/google/common/util/concurrent/AbstractFuture$Trusted
instanceKlass com/google/common/util/concurrent/ListenableFuture
instanceKlass  @bci com/sun/tools/javac/comp/Operators$UnaryOperatorHelper addUnaryOperator (Lcom/sun/tools/javac/comp/Operators$OperatorType;Lcom/sun/tools/javac/comp/Operators$OperatorType;[I)Lcom/sun/tools/javac/comp/Operators$UnaryOperatorHelper; 9 <appendix> form vmentry <vmtarget> ; # java/lang/invoke/LambdaForm$DMH+0x00000000280b0000
instanceKlass  @bci sun/reflect/annotation/AnnotationParser parseEnumArray (ILjava/lang/Class;Ljava/nio/ByteBuffer;Ljdk/internal/reflect/ConstantPool;Ljava/lang/Class;)Ljava/lang/Object; 16 <appendix> member <vmtarget> ; # sun/reflect/annotation/AnnotationParser$$Lambda+0x000000002802dd58
instanceKlass java/lang/annotation/Documented
instanceKlass javax/inject/Named
instanceKlass javax/inject/Qualifier
instanceKlass com/google/inject/BindingAnnotation
instanceKlass javax/inject/Scope
instanceKlass com/google/inject/ScopeAnnotation
instanceKlass com/google/inject/internal/Annotations$AnnotationChecker
instanceKlass com/google/inject/internal/Annotations$TestAnnotation
instanceKlass com/google/inject/internal/Annotations$AnnotationToStringConfig
instanceKlass com/google/common/base/Joiner$MapJoiner
instanceKlass com/google/common/base/Joiner
instanceKlass com/google/inject/internal/Annotations
instanceKlass org/eclipse/sisu/Parameters
instanceKlass org/eclipse/sisu/wire/ParameterKeys
instanceKlass com/google/inject/internal/util/StackTraceElements$InMemoryStackTraceElement
instanceKlass com/google/inject/internal/util/StackTraceElements
instanceKlass org/eclipse/sisu/wire/TypeConverterCache
instanceKlass com/google/inject/internal/Scoping
instanceKlass com/google/inject/internal/InternalFactory
instanceKlass java/lang/StackTraceElement$HashedModules
instanceKlass com/google/inject/internal/InternalFlags$1
instanceKlass com/google/inject/internal/InternalFlags
instanceKlass com/google/inject/spi/ConstructorBinding
instanceKlass com/google/inject/spi/ProviderInstanceBinding
instanceKlass com/google/inject/internal/DelayedInitialize
instanceKlass com/google/inject/spi/ProviderKeyBinding
instanceKlass com/google/inject/spi/InstanceBinding
instanceKlass com/google/inject/spi/HasDependencies
instanceKlass com/google/inject/spi/LinkedKeyBinding
instanceKlass com/google/inject/spi/UntargettedBinding
instanceKlass com/google/inject/internal/BindingImpl
instanceKlass com/google/inject/Key$AnnotationStrategy
instanceKlass org/eclipse/sisu/wire/ElementAnalyzer$1
instanceKlass com/google/inject/util/Modules$EmptyModule
instanceKlass com/google/inject/util/Modules$OverriddenModuleBuilder
instanceKlass com/google/inject/util/Modules
instanceKlass java/util/stream/Nodes$ArrayNode
instanceKlass  @bci com/google/inject/internal/DeclaredMembers getDeclaredMethods (Ljava/lang/Class;)[Ljava/lang/reflect/Method; 62 <appendix> argL0 ; # com/google/inject/internal/DeclaredMembers$$Lambda+0x00000000280a0000
instanceKlass java/util/stream/SortedOps
instanceKlass com/google/common/collect/Ordering
instanceKlass  @bci com/google/inject/internal/DeclaredMembers getDeclaredMethods (Ljava/lang/Class;)[Ljava/lang/reflect/Method; 38 <appendix> argL0 ; # com/google/inject/internal/DeclaredMembers$$Lambda+0x000000002809a000
instanceKlass  @bci com/google/inject/internal/DeclaredMembers getDeclaredMethods (Ljava/lang/Class;)[Ljava/lang/reflect/Method; 33 <appendix> argL0 ; # com/google/inject/internal/DeclaredMembers$$Lambda+0x000000002809fd38
instanceKlass  @bci java/util/Comparator thenComparing (Ljava/util/Comparator;)Ljava/util/Comparator; 7 <appendix> member <vmtarget> ; # java/util/Comparator$$Lambda+0x000000002802b5e0
instanceKlass  @cpi java/util/Comparator 258 form vmentry <vmtarget> ; # java/lang/invoke/LambdaForm$DMH+0x0000000028098c00
instanceKlass  @bci java/util/Comparator comparing (Ljava/util/function/Function;Ljava/util/Comparator;)Ljava/util/Comparator; 12 <appendix> member <vmtarget> ; # java/util/Comparator$$Lambda+0x000000002802b318
instanceKlass  @bci com/google/inject/internal/DeclaredMembers getDeclaredMethods (Ljava/lang/Class;)[Ljava/lang/reflect/Method; 20 <appendix> argL0 ; # com/google/inject/internal/DeclaredMembers$$Lambda+0x000000002809faf0
instanceKlass  @bci com/google/inject/internal/DeclaredMembers getDeclaredMethods (Ljava/lang/Class;)[Ljava/lang/reflect/Method; 15 <appendix> argL0 ; # com/google/inject/internal/DeclaredMembers$$Lambda+0x000000002809f8a8
instanceKlass  @bci java/util/Comparator comparing (Ljava/util/function/Function;)Ljava/util/Comparator; 6 <appendix> member <vmtarget> ; # java/util/Comparator$$Lambda+0x000000002802b050
instanceKlass java/lang/invoke/TypeConvertingMethodAdapter$1
instanceKlass java/lang/classfile/constantpool/IntegerEntry
instanceKlass java/lang/invoke/InnerClassLambdaMetafactory$4
instanceKlass java/lang/invoke/InnerClassLambdaMetafactory$SerializationSupport
instanceKlass  @cpi com/sun/tools/javac/comp/Operators 745 form vmentry <vmtarget> ; # java/lang/invoke/LambdaForm$DMH+0x0000000028098800
instanceKlass  @bci com/google/inject/internal/DeclaredMembers getDeclaredMethods (Ljava/lang/Class;)[Ljava/lang/reflect/Method; 7 <appendix> argL0 ; # com/google/inject/internal/DeclaredMembers$$Lambda+0x000000002809f660
instanceKlass com/google/inject/internal/DeclaredMembers
instanceKlass com/google/common/base/ExtraObjectsMethodsForWeb
instanceKlass com/google/common/collect/ImmutableMap$Builder
instanceKlass com/google/inject/internal/MoreTypes
instanceKlass com/google/inject/multibindings/ProvidesIntoOptional
instanceKlass com/google/inject/multibindings/ProvidesIntoMap
instanceKlass com/google/inject/multibindings/ProvidesIntoSet
instanceKlass com/google/inject/Provides
instanceKlass javax/inject/Singleton
instanceKlass com/google/inject/spi/ElementSource
instanceKlass com/google/inject/spi/ScopeBinding
instanceKlass com/google/inject/Scopes$2
instanceKlass com/google/inject/Scopes$1
instanceKlass com/google/inject/internal/SingletonScope
instanceKlass com/google/inject/Scopes
instanceKlass com/google/inject/Singleton
instanceKlass com/google/inject/spi/Elements$ModuleInfo
instanceKlass com/google/inject/PrivateModule
instanceKlass  @bci java/util/stream/Collectors toList ()Ljava/util/stream/Collector; 14 <appendix> argL0 ; # java/util/stream/Collectors$$Lambda+0x000000002802a030
instanceKlass  @bci java/util/stream/Collectors toList ()Ljava/util/stream/Collector; 9 <appendix> argL0 ; # java/util/stream/Collectors$$Lambda+0x0000000028029df8
instanceKlass  @bci java/util/stream/Collectors toList ()Ljava/util/stream/Collector; 4 <appendix> argL0 ; # java/util/stream/Collectors$$Lambda+0x0000000028029bd0
instanceKlass  @bci com/google/inject/spi/BindingSourceRestriction$PermitMapConstruction pushModule (Ljava/lang/Class;Lcom/google/inject/spi/ModuleSource;)V 5 <appendix> member <vmtarget> ; # com/google/inject/spi/BindingSourceRestriction$PermitMapConstruction$$Lambda+0x0000000028095628
instanceKlass  @bci com/google/inject/spi/BindingSourceRestriction getPermits (Ljava/lang/Class;)Ljava/util/stream/Stream; 43 <appendix> argL0 ; # com/google/inject/spi/BindingSourceRestriction$$Lambda+0x00000000280953d0
instanceKlass  @bci com/google/inject/spi/BindingSourceRestriction getPermits (Ljava/lang/Class;)Ljava/util/stream/Stream; 33 <appendix> argL0 ; # com/google/inject/spi/BindingSourceRestriction$$Lambda+0x0000000028095188
instanceKlass  @cpi com/sun/tools/javac/comp/Operators$OperatorHelper 140 form vmentry <vmtarget> ; # java/lang/invoke/LambdaForm$DMH+0x0000000028098400
instanceKlass java/util/stream/Streams$2
instanceKlass java/util/stream/Streams$ConcatSpliterator
instanceKlass sun/reflect/annotation/AnnotatedTypeFactory$AnnotatedTypeBaseImpl
instanceKlass java/lang/reflect/AnnotatedType
instanceKlass sun/reflect/annotation/AnnotatedTypeFactory
instanceKlass sun/reflect/annotation/TypeAnnotation$LocationInfo$Location
instanceKlass sun/reflect/annotation/TypeAnnotation$LocationInfo
instanceKlass sun/reflect/generics/tree/ClassSignature
instanceKlass sun/reflect/generics/tree/Signature
instanceKlass sun/reflect/generics/tree/ClassTypeSignature
instanceKlass sun/reflect/generics/tree/SimpleClassTypeSignature
instanceKlass sun/reflect/generics/tree/FieldTypeSignature
instanceKlass sun/reflect/generics/tree/BaseType
instanceKlass sun/reflect/generics/tree/TypeSignature
instanceKlass sun/reflect/generics/tree/ReturnType
instanceKlass sun/reflect/generics/tree/TypeArgument
instanceKlass sun/reflect/generics/tree/FormalTypeParameter
instanceKlass sun/reflect/generics/tree/TypeTree
instanceKlass sun/reflect/generics/tree/Tree
instanceKlass sun/reflect/generics/parser/SignatureParser
instanceKlass java/lang/reflect/TypeVariable
instanceKlass sun/reflect/generics/repository/AbstractRepository
instanceKlass sun/reflect/annotation/TypeAnnotation
instanceKlass sun/reflect/annotation/TypeAnnotationParser
instanceKlass java/lang/Class$AnnotationData
instanceKlass java/lang/annotation/Target
# instanceKlass java/lang/invoke/LambdaForm$MH+0x0000000028098000
instanceKlass jdk/internal/classfile/impl/StackMapDecoder$1
instanceKlass jdk/internal/classfile/impl/StackMapDecoder
instanceKlass jdk/internal/classfile/impl/StackCounter
instanceKlass  @bci java/lang/reflect/ProxyGenerator lambda$generateLookupAccessor$0 (Ljava/lang/classfile/MethodBuilder;)V 30 <appendix> member <vmtarget> ; # java/lang/reflect/ProxyGenerator$$Lambda+0x0000000028022c98
instanceKlass  @bci java/lang/reflect/ProxyGenerator generateLookupAccessor (Ljava/lang/classfile/ClassBuilder;)V 10 <appendix> member <vmtarget> ; # java/lang/reflect/ProxyGenerator$$Lambda+0x0000000028022a58
instanceKlass java/lang/classfile/constantpool/StringEntry
instanceKlass java/lang/classfile/constantpool/ConstantValueEntry
instanceKlass  @bci java/lang/reflect/ProxyGenerator generateStaticInitializer (Ljava/lang/classfile/ClassBuilder;)V 10 <appendix> member <vmtarget> ; # java/lang/reflect/ProxyGenerator$$Lambda+0x00000000280220b0
instanceKlass jdk/internal/classfile/impl/BytecodeHelpers$1
instanceKlass java/lang/classfile/attribute/StackMapTableAttribute
instanceKlass java/lang/classfile/attribute/StackMapFrameInfo
instanceKlass java/lang/classfile/instruction/ExceptionCatch
instanceKlass  @bci java/lang/reflect/ProxyGenerator$ProxyMethod lambda$generateMethod$0 (Ljava/lang/classfile/MethodBuilder;)V 30 <appendix> member <vmtarget> ; # java/lang/reflect/ProxyGenerator$ProxyMethod$$Lambda+0x0000000028021340
instanceKlass java/lang/classfile/attribute/ExceptionsAttribute
instanceKlass  @bci java/lang/reflect/ProxyGenerator$ProxyMethod generateMethod (Ljava/lang/classfile/ClassBuilder;)V 42 <appendix> member <vmtarget> ; # java/lang/reflect/ProxyGenerator$ProxyMethod$$Lambda+0x00000000280209d8
instanceKlass  @bci java/lang/reflect/ProxyGenerator generateConstructor (Ljava/lang/classfile/ClassBuilder;)V 8 <appendix> member <vmtarget> ; # java/lang/reflect/ProxyGenerator$$Lambda+0x0000000028020798
instanceKlass  @bci java/lang/reflect/ProxyGenerator generateClassFile ()[B 197 <appendix> member <vmtarget> ; # java/lang/reflect/ProxyGenerator$$Lambda+0x0000000028020558
instanceKlass  @bci java/lang/reflect/ProxyGenerator proxyMethodsFor (Ljava/lang/String;)Ljava/util/List; 5 <appendix> argL0 ; # java/lang/reflect/ProxyGenerator$$Lambda+0x0000000028020310
instanceKlass java/lang/reflect/ProxyGenerator$ProxyMethod
instanceKlass java/lang/classfile/attribute/StackMapFrameInfo$ObjectVerificationTypeInfo
instanceKlass java/lang/classfile/attribute/StackMapFrameInfo$VerificationTypeInfo
instanceKlass java/util/StringJoiner
instanceKlass java/lang/classfile/ClassFile$Option
instanceKlass java/lang/reflect/ProxyGenerator
instanceKlass  @bci java/lang/WeakPairMap computeIfAbsent (Ljava/lang/Object;Ljava/lang/Object;Ljava/util/function/BiFunction;)Ljava/lang/Object; 18 <appendix> member <vmtarget> ; # java/lang/WeakPairMap$$Lambda+0x000000002801f678
instanceKlass  @bci java/lang/Module implAddExportsOrOpens (Ljava/lang/String;Ljava/lang/Module;ZZZ)V 150 <appendix> argL0 ; # java/lang/Module$$Lambda+0x000000002801f440
instanceKlass  @bci java/lang/module/ModuleDescriptor$Builder packages (Ljava/util/Set;)Ljava/lang/module/ModuleDescriptor$Builder; 17 <appendix> argL0 ; # java/lang/module/ModuleDescriptor$Builder$$Lambda+0x80000000e
instanceKlass jdk/internal/module/Checks
instanceKlass java/lang/module/ModuleDescriptor$Builder
instanceKlass  @bci java/lang/reflect/Proxy$ProxyBuilder getDynamicModule (Ljava/lang/ClassLoader;)Ljava/lang/Module; 4 <appendix> argL0 ; # java/lang/reflect/Proxy$ProxyBuilder$$Lambda+0x000000002801eab0
instanceKlass java/lang/PublicMethods
instanceKlass java/util/Collections$1
instanceKlass java/lang/reflect/Proxy$ProxyBuilder
instanceKlass  @bci java/lang/reflect/Proxy getProxyConstructor (Ljava/lang/ClassLoader;[Ljava/lang/Class;)Ljava/lang/reflect/Constructor; 18 <appendix> argL0 ; # java/lang/reflect/Proxy$$Lambda+0x000000002801de38
instanceKlass java/lang/ClassValue$Identity
instanceKlass java/lang/ClassValue$Entry
instanceKlass java/lang/ClassValue
instanceKlass java/lang/reflect/Proxy
instanceKlass sun/reflect/annotation/AnnotationInvocationHandler
instanceKlass java/lang/reflect/InvocationHandler
instanceKlass sun/reflect/annotation/ExceptionProxy
instanceKlass java/lang/annotation/Inherited
instanceKlass java/lang/annotation/Retention
instanceKlass sun/reflect/annotation/AnnotationType
instanceKlass sun/invoke/util/BytecodeDescriptor
instanceKlass com/google/inject/RestrictedBindingSource
instanceKlass com/google/inject/spi/BindingSourceRestriction
instanceKlass com/google/inject/spi/ModuleSource
instanceKlass com/google/inject/internal/ProviderMethodsModule
instanceKlass com/google/inject/spi/BindingSourceRestriction$PermitMapConstruction$PermitMapImpl
instanceKlass com/google/inject/spi/BindingSourceRestriction$PermitMap
instanceKlass com/google/inject/spi/BindingSourceRestriction$PermitMapConstruction
instanceKlass com/google/common/collect/Hashing
instanceKlass com/google/common/math/IntMath$1
instanceKlass com/google/common/math/MathPreconditions
instanceKlass com/google/common/math/IntMath
instanceKlass com/google/inject/internal/AbstractBindingBuilder
instanceKlass com/google/inject/binder/ConstantBindingBuilder
instanceKlass com/google/inject/binder/AnnotatedElementBuilder
instanceKlass com/google/inject/spi/Elements$RecordingBinder
instanceKlass com/google/inject/Binding
instanceKlass com/google/inject/spi/DefaultBindingTargetVisitor
instanceKlass com/google/inject/spi/BindingTargetVisitor
instanceKlass com/google/inject/spi/Elements
instanceKlass com/google/inject/internal/InjectorShell$RootModule
instanceKlass com/google/common/collect/ListMultimap
instanceKlass com/google/inject/internal/InjectorBindingData
instanceKlass java/util/concurrent/atomic/AtomicReferenceArray
instanceKlass java/util/concurrent/Future
instanceKlass com/google/common/cache/LocalCache$LoadingValueReference
instanceKlass java/util/concurrent/ConcurrentLinkedQueue$Node
instanceKlass com/google/common/cache/Weigher
instanceKlass com/google/common/base/Predicate
instanceKlass com/google/common/base/Equivalence
instanceKlass java/util/function/BiPredicate
instanceKlass com/google/common/base/MoreObjects
instanceKlass com/google/common/cache/LocalCache$1
instanceKlass com/google/common/cache/ReferenceEntry
instanceKlass com/google/common/cache/CacheLoader
instanceKlass com/google/common/cache/LocalCache$LocalManualCache
instanceKlass  @bci com/google/inject/internal/WeakKeySet <init> (Ljava/lang/Object;)V 12 <appendix> member <vmtarget> ; # com/google/inject/internal/WeakKeySet$$Lambda+0x0000000028089e28
instanceKlass  @cpi com/sun/tools/javac/code/Symtab 1410 form vmentry <vmtarget> ; # java/lang/invoke/LambdaForm$DMH+0x000000002808c000
instanceKlass java/util/AbstractMap$SimpleImmutableEntry
instanceKlass com/google/common/cache/RemovalListener
instanceKlass com/google/common/cache/LocalCache$StrongValueReference
instanceKlass com/google/common/cache/LocalCache$ValueReference
instanceKlass com/google/common/cache/CacheBuilder$2
instanceKlass com/google/common/cache/CacheStats
instanceKlass com/google/common/base/Suppliers$SupplierOfInstance
instanceKlass com/google/common/base/Suppliers
instanceKlass com/google/common/cache/CacheBuilder$1
instanceKlass com/google/common/cache/AbstractCache$StatsCounter
instanceKlass com/google/common/cache/LoadingCache
instanceKlass com/google/common/cache/Cache
instanceKlass com/google/common/base/Supplier
instanceKlass com/google/common/cache/CacheBuilder
instanceKlass com/google/inject/internal/WeakKeySet
instanceKlass com/google/common/collect/Sets
instanceKlass com/google/inject/internal/InjectorJitBindingData
instanceKlass java/util/Arrays$ArrayItr
instanceKlass com/google/inject/internal/ProcessedBindingData
instanceKlass com/google/inject/spi/DefaultElementVisitor
instanceKlass com/google/inject/internal/InjectorShell$Builder
instanceKlass com/google/common/collect/Lists
instanceKlass com/google/common/collect/CollectPreconditions
instanceKlass com/google/common/collect/LinkedHashMultimap$MultimapIterationChain
instanceKlass com/google/common/collect/Platform
instanceKlass com/google/common/collect/Multiset
instanceKlass com/google/common/collect/AbstractMultimap
instanceKlass com/google/common/collect/SetMultimap
instanceKlass com/google/common/base/Converter
instanceKlass com/google/common/base/Function
instanceKlass com/google/common/collect/ImmutableMap
instanceKlass com/google/common/collect/BiMap
instanceKlass com/google/common/collect/SortedMapDifference
instanceKlass com/google/common/collect/MapDifference
instanceKlass com/google/common/collect/Maps
instanceKlass com/google/inject/internal/CycleDetectingLock
instanceKlass com/google/common/collect/Multimap
instanceKlass com/google/inject/internal/CycleDetectingLock$CycleDetectingLockFactory
instanceKlass com/google/inject/internal/Initializable
instanceKlass com/google/inject/internal/Initializer
instanceKlass com/google/common/collect/PeekingIterator
instanceKlass com/google/common/collect/UnmodifiableIterator
instanceKlass com/google/common/collect/Iterators
instanceKlass com/google/common/collect/ImmutableCollection$Builder
instanceKlass com/google/common/collect/ImmutableSet$SetBuilderImpl
instanceKlass com/google/inject/internal/util/SourceProvider
instanceKlass com/google/inject/spi/ErrorDetail
instanceKlass com/google/inject/internal/Errors
instanceKlass com/google/common/base/Preconditions
instanceKlass java/util/logging/Logger$SystemLoggerHelper
instanceKlass jdk/internal/logger/BootstrapLogger$BootstrapExecutors
instanceKlass jdk/internal/logger/BootstrapLogger$RedirectedLoggers
instanceKlass jdk/internal/foreign/MemorySessionImpl
instanceKlass java/lang/foreign/MemorySegment$Scope
instanceKlass java/util/Spliterators$1Adapter
instanceKlass java/util/Spliterators$ArraySpliterator
instanceKlass jdk/internal/logger/BootstrapLogger$DetectBackend
instanceKlass jdk/internal/logger/BootstrapLogger
instanceKlass sun/util/logging/PlatformLogger$ConfigurableBridge
instanceKlass sun/util/logging/PlatformLogger$Bridge
instanceKlass java/lang/System$Logger
instanceKlass  @bci java/util/stream/MatchOps makeRef (Ljava/util/function/Predicate;Ljava/util/stream/MatchOps$MatchKind;)Ljava/util/stream/TerminalOp; 20 <appendix> member <vmtarget> ; # java/util/stream/MatchOps$$Lambda+0x800000004
instanceKlass java/util/stream/MatchOps$BooleanTerminalSink
instanceKlass java/util/stream/MatchOps$MatchOp
instanceKlass java/util/stream/MatchOps
instanceKlass java/util/stream/Streams
instanceKlass java/util/stream/Stream$Builder
instanceKlass java/util/stream/Streams$AbstractStreamBuilderImpl
instanceKlass java/util/stream/ReferencePipeline$7$1FlatMap
instanceKlass  @bci java/util/logging/Level$KnownLevel findByName (Ljava/lang/String;Ljava/util/function/Function;)Ljava/util/Optional; 29 <appendix> argL0 ; # java/util/logging/Level$KnownLevel$$Lambda+0x800000026
instanceKlass  @bci java/util/logging/Level findLevel (Ljava/lang/String;)Ljava/util/logging/Level; 13 <appendix> argL0 ; # java/util/logging/Level$$Lambda+0x800000023
instanceKlass java/util/Hashtable$Enumerator
instanceKlass java/util/logging/LogManager$VisitedLoggers
instanceKlass  @bci java/util/logging/LogManager$LoggerContext addLocalLogger (Ljava/util/logging/Logger;Z)Z 95 <appendix> form vmentry <vmtarget> ; # java/lang/invoke/LambdaForm$MH+0x0000000028074000
instanceKlass java/lang/invoke/StringConcatFactory
instanceKlass java/lang/System$LoggerFinder
instanceKlass java/util/logging/LogManager$LoggingProviderAccess
instanceKlass sun/util/logging/internal/LoggingProviderImpl$LogManagerAccess
instanceKlass java/util/Collections$SynchronizedMap
instanceKlass java/util/logging/LogManager$LogNode
instanceKlass java/util/logging/LogManager$LoggerContext
instanceKlass java/util/logging/LogManager
instanceKlass java/util/logging/Logger$ConfigurationData
instanceKlass java/util/logging/Logger$LoggerBundle
instanceKlass  @bci java/util/logging/Level$KnownLevel add (Ljava/util/logging/Level;)V 49 <appendix> argL0 ; # java/util/logging/Level$KnownLevel$$Lambda+0x800000025
instanceKlass  @bci java/util/logging/Level$KnownLevel add (Ljava/util/logging/Level;)V 19 <appendix> argL0 ; # java/util/logging/Level$KnownLevel$$Lambda+0x800000024
instanceKlass java/util/logging/Level
instanceKlass java/util/logging/Handler
instanceKlass java/util/logging/Logger
instanceKlass com/google/common/base/Ticker
instanceKlass com/google/common/base/Stopwatch
instanceKlass com/google/inject/internal/util/ContinuousStopwatch
instanceKlass com/google/inject/Injector
instanceKlass com/google/inject/internal/InternalInjectorCreator
instanceKlass com/google/inject/Guice
instanceKlass org/eclipse/sisu/wire/Wiring
instanceKlass org/eclipse/sisu/wire/WireModule$Strategy$1
instanceKlass org/eclipse/sisu/wire/WireModule$Strategy
instanceKlass org/eclipse/sisu/wire/AbstractTypeConverter
instanceKlass com/google/inject/spi/ElementVisitor
instanceKlass org/eclipse/sisu/wire/WireModule
instanceKlass org/eclipse/sisu/bean/BeanBinder
instanceKlass org/eclipse/sisu/plexus/PlexusBindingModule
instanceKlass org/codehaus/plexus/DefaultPlexusContainer$BootModule
instanceKlass org/codehaus/plexus/component/annotations/Configuration
instanceKlass org/eclipse/sisu/plexus/PlexusAnnotatedMetadata
instanceKlass org/eclipse/sisu/plexus/PlexusBeanMetadata
instanceKlass org/eclipse/sisu/plexus/PlexusAnnotatedBeanModule$PlexusAnnotatedBeanSource
instanceKlass org/eclipse/sisu/space/SpaceModule$2
instanceKlass org/eclipse/sisu/space/SpaceModule$Strategy$2
instanceKlass org/eclipse/sisu/space/SpaceModule$Strategy$1
instanceKlass org/eclipse/sisu/space/DefaultClassFinder
instanceKlass org/objectweb/asm/ClassVisitor
instanceKlass org/eclipse/sisu/space/SpaceScanner
instanceKlass org/eclipse/sisu/space/IndexedClassFinder
instanceKlass org/eclipse/sisu/space/ClassFinder
instanceKlass org/eclipse/sisu/space/SpaceModule
instanceKlass org/eclipse/sisu/space/SpaceVisitor
instanceKlass org/eclipse/sisu/plexus/PlexusTypeListener
instanceKlass org/eclipse/sisu/space/QualifiedTypeListener
instanceKlass org/eclipse/sisu/plexus/PlexusAnnotatedBeanModule$1
instanceKlass org/eclipse/sisu/space/SpaceModule$Strategy
instanceKlass org/eclipse/sisu/plexus/PlexusAnnotatedBeanModule
instanceKlass org/eclipse/sisu/plexus/PlexusBeanSource
instanceKlass org/eclipse/sisu/plexus/PlexusXmlBeanModule
instanceKlass org/eclipse/sisu/plexus/PlexusBeanModule
instanceKlass org/eclipse/sisu/space/URLClassSpace
instanceKlass org/codehaus/plexus/DefaultPlexusContainer$SLF4JLoggerFactoryProvider
instanceKlass com/google/inject/util/Providers$ConstantProvider
instanceKlass com/google/inject/util/Providers
instanceKlass org/codehaus/plexus/personality/plexus/lifecycle/phase/Disposable
instanceKlass org/codehaus/plexus/personality/plexus/lifecycle/phase/Startable
instanceKlass org/codehaus/plexus/personality/plexus/lifecycle/phase/Initializable
instanceKlass org/codehaus/plexus/personality/plexus/lifecycle/phase/Contextualizable
instanceKlass org/codehaus/plexus/logging/LogEnabled
instanceKlass org/eclipse/sisu/bean/PropertyBinding
instanceKlass javax/annotation/PreDestroy
instanceKlass javax/annotation/PostConstruct
instanceKlass org/eclipse/sisu/bean/LifecycleBuilder
instanceKlass org/eclipse/sisu/bean/BeanScheduler$1
instanceKlass com/google/inject/spi/DefaultBindingScopingVisitor
instanceKlass com/google/inject/spi/BindingScopingVisitor
instanceKlass org/eclipse/sisu/bean/BeanScheduler$CycleActivator
instanceKlass com/google/inject/PrivateBinder
instanceKlass com/google/inject/spi/ModuleAnnotatedMethodScanner
instanceKlass com/google/inject/MembersInjector
instanceKlass com/google/inject/spi/TypeListener
instanceKlass org/aopalliance/intercept/MethodInterceptor
instanceKlass org/aopalliance/intercept/Interceptor
instanceKlass org/aopalliance/aop/Advice
instanceKlass com/google/inject/binder/AnnotatedConstantBindingBuilder
instanceKlass com/google/inject/spi/Message
instanceKlass com/google/inject/spi/Element
instanceKlass com/google/inject/Scope
instanceKlass com/google/inject/spi/Dependency
instanceKlass com/google/inject/TypeLiteral
instanceKlass com/google/inject/Key
instanceKlass com/google/inject/binder/AnnotatedBindingBuilder
instanceKlass com/google/inject/binder/LinkedBindingBuilder
instanceKlass com/google/inject/binder/ScopedBindingBuilder
instanceKlass com/google/inject/spi/ProvisionListener
instanceKlass com/google/inject/Binder
instanceKlass org/eclipse/sisu/bean/BeanScheduler
instanceKlass org/eclipse/sisu/plexus/DefaultPlexusBeanLocator
instanceKlass org/eclipse/sisu/plexus/RealmManager
instanceKlass org/codehaus/plexus/context/ContextMapAdapter
instanceKlass org/codehaus/plexus/context/DefaultContext
instanceKlass org/codehaus/plexus/logging/AbstractLogger
instanceKlass org/codehaus/plexus/logging/AbstractLoggerManager
instanceKlass java/util/Date
instanceKlass java/text/DigitList
instanceKlass java/text/FieldPosition
instanceKlass java/text/DecimalFormatSymbols
instanceKlass java/text/DateFormatSymbols
instanceKlass sun/util/calendar/CalendarUtils
instanceKlass sun/util/calendar/CalendarDate
instanceKlass sun/util/resources/Bundles$CacheKeyReference
instanceKlass java/util/ResourceBundle$ResourceBundleProviderHelper
instanceKlass  @bci sun/util/cldr/CLDRLocaleProviderAdapter applyAliases (Ljava/util/Locale;)Ljava/util/Locale; 4 <appendix> argL0 ; # sun/util/cldr/CLDRLocaleProviderAdapter$$Lambda+0x800000060
instanceKlass sun/util/resources/Bundles$CacheKey
instanceKlass java/util/ResourceBundle$3
instanceKlass java/util/ResourceBundle$1
instanceKlass jdk/internal/access/JavaUtilResourceBundleAccess
instanceKlass sun/util/resources/Bundles
instanceKlass sun/util/resources/LocaleData$LocaleDataStrategy
instanceKlass sun/util/resources/Bundles$Strategy
instanceKlass sun/util/resources/LocaleData
instanceKlass sun/util/locale/provider/LocaleResources
instanceKlass java/util/stream/Node$Builder
instanceKlass java/util/stream/AbstractSpinedBuffer
instanceKlass java/util/stream/Node$OfDouble
instanceKlass java/util/stream/Node$OfLong
instanceKlass java/util/stream/Node$OfInt
instanceKlass java/util/stream/Node$OfPrimitive
instanceKlass java/util/stream/Nodes$EmptyNode
instanceKlass java/util/stream/Node
instanceKlass java/util/stream/Nodes
instanceKlass  @bci sun/util/locale/provider/LocaleProviderAdapter toLocaleArray (Ljava/util/Set;)[Ljava/util/Locale; 21 <appendix> argL0 ; # sun/util/locale/provider/LocaleProviderAdapter$$Lambda+0x800000063
instanceKlass java/util/function/IntFunction
instanceKlass java/util/stream/DistinctOps
instanceKlass  @bci sun/util/locale/provider/LocaleProviderAdapter toLocaleArray (Ljava/util/Set;)[Ljava/util/Locale; 6 <appendix> argL0 ; # sun/util/locale/provider/LocaleProviderAdapter$$Lambda+0x800000061
instanceKlass java/util/Spliterators$IteratorSpliterator
instanceKlass java/util/Spliterators
instanceKlass  @bci java/util/ResourceBundle$Control getCandidateLocales (Ljava/lang/String;Ljava/util/Locale;)Ljava/util/List; 23 <appendix> argL0 ; # java/util/ResourceBundle$Control$$Lambda+0x800000021
instanceKlass  @bci java/util/ResourceBundle$Control <clinit> ()V 39 <appendix> argL0 ; # java/util/ResourceBundle$Control$$Lambda+0x800000022
instanceKlass java/util/ResourceBundle
instanceKlass java/util/ResourceBundle$Control
instanceKlass sun/util/locale/provider/CalendarDataUtility$CalendarWeekParameterGetter
instanceKlass sun/util/locale/provider/LocaleServiceProviderPool$LocalizedObjectGetter
instanceKlass sun/util/locale/provider/LocaleServiceProviderPool
instanceKlass java/util/Locale$Builder
instanceKlass sun/util/locale/provider/CalendarDataUtility
instanceKlass sun/util/calendar/CalendarSystem$GregorianHolder
instanceKlass sun/util/calendar/CalendarSystem
instanceKlass java/util/Calendar$Builder
instanceKlass sun/util/locale/provider/AvailableLanguageTags
instanceKlass java/util/ServiceLoader$ProviderImpl
instanceKlass java/util/ServiceLoader$Provider
instanceKlass sun/util/resources/cldr/provider/CLDRLocaleDataMetaInfo
instanceKlass  @bci jdk/internal/module/SystemModuleFinders$SystemModuleReader read (Ljava/lang/String;)Ljava/util/Optional; 19 <appendix> member <vmtarget> ; # jdk/internal/module/SystemModuleFinders$SystemModuleReader$$Lambda+0x0000000028018970
instanceKlass jdk/internal/module/SystemModuleFinders
instanceKlass java/lang/WeakPairMap$Pair$Lookup
instanceKlass java/lang/WeakPairMap$Pair
instanceKlass java/lang/WeakPairMap
instanceKlass java/lang/Module$ReflectionData
instanceKlass jdk/internal/module/ModulePatcher$PatchedModuleReader
instanceKlass java/util/ServiceLoader$2
instanceKlass java/util/ServiceLoader$1
instanceKlass java/util/ServiceLoader$LazyClassPathLookupIterator
instanceKlass java/util/concurrent/CopyOnWriteArrayList$COWIterator
instanceKlass java/util/ServiceLoader$ModuleServicesLookupIterator
instanceKlass java/util/ServiceLoader
instanceKlass sun/util/locale/InternalLocaleBuilder$CaseInsensitiveChar
instanceKlass sun/util/locale/InternalLocaleBuilder
instanceKlass sun/util/locale/StringTokenIterator
instanceKlass java/text/ParsePosition
instanceKlass sun/util/cldr/CLDRBaseLocaleDataMetaInfo
instanceKlass sun/util/locale/provider/LocaleDataMetaInfo
instanceKlass sun/util/locale/provider/ResourceBundleBasedAdapter
instanceKlass sun/util/locale/provider/LocaleProviderAdapter
instanceKlass java/util/spi/LocaleServiceProvider
instanceKlass sun/util/calendar/ZoneInfoFile$ZoneOffsetTransitionRule
instanceKlass java/lang/invoke/VarHandle$AccessDescriptor
instanceKlass java/lang/invoke/VarForm
instanceKlass java/lang/invoke/VarHandleGuards
instanceKlass java/lang/invoke/VarHandles
instanceKlass jdk/internal/util/ByteArray
instanceKlass sun/util/calendar/ZoneInfoFile
instanceKlass java/time/ZoneId
instanceKlass java/util/TimeZone
instanceKlass java/util/Calendar
instanceKlass java/text/AttributedCharacterIterator$Attribute
instanceKlass com/google/inject/matcher/AbstractMatcher
instanceKlass com/google/inject/matcher/Matcher
instanceKlass com/google/inject/spi/TypeConverter
instanceKlass org/codehaus/plexus/DefaultPlexusContainer$LoggerProvider
instanceKlass org/codehaus/plexus/DefaultPlexusContainer$DefaultsModule
instanceKlass org/codehaus/plexus/DefaultPlexusContainer$ContainerModule
instanceKlass java/util/concurrent/locks/ReentrantReadWriteLock$WriteLock
instanceKlass java/util/concurrent/locks/ReentrantReadWriteLock$ReadLock
instanceKlass java/util/concurrent/locks/ReentrantReadWriteLock
instanceKlass java/util/concurrent/locks/ReadWriteLock
instanceKlass org/eclipse/sisu/inject/ImplicitBindings
instanceKlass org/eclipse/sisu/inject/MildValues$InverseMapping
instanceKlass org/eclipse/sisu/inject/MildValues
instanceKlass org/eclipse/sisu/inject/Weak
instanceKlass sun/reflect/misc/ReflectUtil
instanceKlass java/util/concurrent/atomic/AtomicReferenceFieldUpdater
instanceKlass org/eclipse/sisu/inject/RankedSequence$Content
instanceKlass org/eclipse/sisu/inject/RankedSequence
instanceKlass org/eclipse/sisu/inject/BindingSubscriber
instanceKlass org/eclipse/sisu/inject/DefaultBeanLocator
instanceKlass org/eclipse/sisu/inject/DeferredClass
instanceKlass org/codehaus/plexus/DefaultPlexusContainer$LoggerManagerProvider
instanceKlass org/eclipse/sisu/inject/DeferredProvider
instanceKlass com/google/inject/Provider
instanceKlass com/google/inject/AbstractModule
instanceKlass org/codehaus/plexus/context/Context
instanceKlass org/eclipse/sisu/inject/BindingPublisher
instanceKlass org/eclipse/sisu/inject/RankingFunction
instanceKlass org/eclipse/sisu/space/ClassSpace
instanceKlass javax/inject/Provider
instanceKlass org/eclipse/sisu/bean/BeanManager
instanceKlass org/eclipse/sisu/plexus/PlexusBeanLocator
instanceKlass org/codehaus/plexus/classworlds/ClassWorldListener
instanceKlass com/google/inject/Module
instanceKlass org/eclipse/sisu/inject/MutableBeanLocator
instanceKlass org/eclipse/sisu/inject/BeanLocator
instanceKlass org/codehaus/plexus/DefaultPlexusContainer
instanceKlass org/codehaus/plexus/MutablePlexusContainer
instanceKlass java/util/stream/ReduceOps$AccumulatingSink
instanceKlass java/util/stream/ReduceOps$Box
instanceKlass java/util/stream/ReduceOps$ReduceOp
instanceKlass java/util/stream/ReduceOps
instanceKlass  @bci java/util/function/Function andThen (Ljava/util/function/Function;)Ljava/util/function/Function; 7 <appendix> member <vmtarget> ; # java/util/function/Function$$Lambda+0x00000000280150b8
instanceKlass  @cpi java/util/function/Function 58 form vmentry <vmtarget> ; # java/lang/invoke/LambdaForm$DMH+0x0000000028060000
instanceKlass  @bci org/apache/maven/extension/internal/CoreExports <init> (Lorg/codehaus/plexus/classworlds/realm/ClassRealm;Ljava/util/Set;Ljava/util/Set;)V 38 <appendix> argL0 ; # org/apache/maven/extension/internal/CoreExports$$Lambda+0x000000002805dff0
instanceKlass  @bci java/util/stream/Collectors castingIdentity ()Ljava/util/function/Function; 0 <appendix> argL0 ; # java/util/stream/Collectors$$Lambda+0x800000048
instanceKlass  @bci java/util/stream/Collectors uniqKeysMapMerger ()Ljava/util/function/BinaryOperator; 0 <appendix> argL0 ; # java/util/stream/Collectors$$Lambda+0x0000000028014e68
instanceKlass java/util/function/BinaryOperator
instanceKlass  @bci java/util/stream/Collectors uniqKeysMapAccumulator (Ljava/util/function/Function;Ljava/util/function/Function;)Ljava/util/function/BiConsumer; 2 <appendix> member <vmtarget> ; # java/util/stream/Collectors$$Lambda+0x0000000028014c28
instanceKlass  @bci java/util/stream/Collectors toMap (Ljava/util/function/Function;Ljava/util/function/Function;)Ljava/util/stream/Collector; 4 <appendix> argL0 ; # java/util/stream/Collectors$$Lambda+0x0000000028014a00
instanceKlass java/util/stream/Collector
instanceKlass java/util/stream/Collectors
instanceKlass  @bci org/apache/maven/extension/internal/CoreExports <init> (Lorg/codehaus/plexus/classworlds/realm/ClassRealm;Ljava/util/Set;Ljava/util/Set;)V 30 <appendix> member <vmtarget> ; # org/apache/maven/extension/internal/CoreExports$$Lambda+0x000000002805dda0
instanceKlass  @bci java/util/function/Function identity ()Ljava/util/function/Function; 0 <appendix> argL0 ; # java/util/function/Function$$Lambda+0x00000000280145b8
instanceKlass java/lang/classfile/constantpool/InterfaceMethodRefEntry
instanceKlass java/util/HashMap$HashMapSpliterator
instanceKlass org/apache/maven/extension/internal/CoreExports
instanceKlass java/util/Collections$UnmodifiableCollection$1
instanceKlass org/codehaus/plexus/DefaultContainerConfiguration
instanceKlass org/codehaus/plexus/ContainerConfiguration
instanceKlass org/codehaus/plexus/util/BaseIOUtil
instanceKlass org/codehaus/plexus/util/xml/XMLWriter
instanceKlass org/codehaus/plexus/util/xml/Xpp3Dom
instanceKlass org/codehaus/plexus/util/xml/pull/MXParser
instanceKlass org/codehaus/plexus/util/xml/pull/XmlPullParser
instanceKlass org/codehaus/plexus/util/xml/Xpp3DomBuilder
instanceKlass java/util/regex/ASCII
instanceKlass  @bci java/util/regex/CharPredicates ASCII_SPACE ()Ljava/util/regex/Pattern$BmpCharPredicate; 0 <appendix> argL0 ; # java/util/regex/CharPredicates$$Lambda+0x800000029
instanceKlass  @bci java/util/regex/Pattern DOT ()Ljava/util/regex/Pattern$CharPredicate; 0 <appendix> argL0 ; # java/util/regex/Pattern$$Lambda+0x0000000028012960
instanceKlass  @bci java/util/regex/Pattern union (Ljava/util/regex/Pattern$CharPredicate;Ljava/util/regex/Pattern$CharPredicate;Z)Ljava/util/regex/Pattern$CharPredicate; 14 <appendix> member <vmtarget> ; # java/util/regex/Pattern$$Lambda+0x0000000028012280
instanceKlass org/codehaus/plexus/util/ReaderFactory
instanceKlass org/apache/maven/project/ExtensionDescriptor
instanceKlass org/apache/maven/project/ExtensionDescriptorBuilder
instanceKlass org/apache/maven/extension/internal/CoreExtensionEntry
instanceKlass org/codehaus/plexus/logging/Logger
instanceKlass org/apache/maven/cli/logging/Slf4jLoggerManager
instanceKlass org/slf4j/impl/MavenSlf4jSimpleFriend
instanceKlass org/slf4j/MavenSlf4jFriend
instanceKlass  @bci org/apache/commons/cli/CommandLine getOptionValue (Ljava/lang/String;Ljava/lang/String;)Ljava/lang/String; 7 <appendix> member <vmtarget> ; # org/apache/commons/cli/CommandLine$$Lambda+0x000000002805a208
instanceKlass org/apache/maven/cli/logging/BaseSlf4jConfiguration
instanceKlass org/codehaus/plexus/util/PropertyUtils
instanceKlass org/apache/maven/cli/logging/Slf4jConfiguration
instanceKlass org/apache/maven/cli/logging/Slf4jConfigurationFactory
instanceKlass org/slf4j/impl/OutputChoice
instanceKlass java/io/FileInputStream$1
instanceKlass org/slf4j/impl/SimpleLoggerConfiguration$1
instanceKlass java/text/Format
instanceKlass org/slf4j/impl/SimpleLoggerConfiguration
instanceKlass org/slf4j/helpers/NamedLoggerBase
instanceKlass org/slf4j/impl/SimpleLoggerFactory
instanceKlass org/slf4j/impl/StaticLoggerBinder
instanceKlass org/slf4j/spi/LoggerFactoryBinder
instanceKlass java/util/Collections$3
instanceKlass java/net/URLClassLoader$1
instanceKlass jdk/internal/loader/URLClassPath$1
instanceKlass java/lang/CompoundEnumeration
instanceKlass jdk/internal/loader/BuiltinClassLoader$1
instanceKlass java/util/Collections$EmptyEnumeration
instanceKlass org/slf4j/helpers/Util
instanceKlass org/slf4j/helpers/NOPLoggerFactory
instanceKlass java/util/concurrent/LinkedBlockingQueue$Node
instanceKlass java/util/concurrent/locks/AbstractQueuedSynchronizer$ConditionObject
instanceKlass java/util/concurrent/locks/Condition
instanceKlass java/util/concurrent/BlockingQueue
instanceKlass org/slf4j/helpers/SubstituteLoggerFactory
instanceKlass org/slf4j/ILoggerFactory
instanceKlass org/slf4j/event/LoggingEvent
instanceKlass org/slf4j/LoggerFactory
instanceKlass org/codehaus/plexus/interpolation/SimpleRecursionInterceptor
instanceKlass java/util/LinkedList$ListItr
instanceKlass org/codehaus/plexus/util/StringUtils
instanceKlass org/apache/maven/cli/CLIReportingUtils
instanceKlass  @bci org/apache/maven/cli/MavenCli populateProperties (Lorg/apache/maven/cli/CliRequest;Ljava/util/Properties;Ljava/util/Properties;)V 236 <appendix> argL0 ; # org/apache/maven/cli/MavenCli$$Lambda+0x0000000028056fd8
instanceKlass  @cpi com/sun/tools/javac/file/Locations 596 form vmentry <vmtarget> ; # java/lang/invoke/LambdaForm$DMH+0x0000000028051c00
instanceKlass java/util/function/BiConsumer
instanceKlass org/codehaus/plexus/interpolation/AbstractValueSource
instanceKlass org/codehaus/plexus/interpolation/RecursionInterceptor
instanceKlass org/codehaus/plexus/interpolation/StringSearchInterpolator
instanceKlass org/codehaus/plexus/interpolation/Interpolator
instanceKlass org/codehaus/plexus/interpolation/BasicInterpolator
instanceKlass org/apache/maven/properties/internal/SystemProperties
instanceKlass java/util/concurrent/ConcurrentHashMap$MapEntry
instanceKlass java/util/Collections$SynchronizedCollection
instanceKlass java/util/Properties$EntrySet
instanceKlass java/util/Collections$UnmodifiableMap$UnmodifiableEntrySet$UnmodifiableEntry
instanceKlass java/util/Collections$UnmodifiableMap$UnmodifiableEntrySet$1
instanceKlass org/codehaus/plexus/util/Os
instanceKlass org/apache/maven/properties/internal/EnvironmentUtils
instanceKlass java/util/stream/Sink$ChainedReference
instanceKlass java/util/stream/FindOps$FindOp
instanceKlass java/util/stream/TerminalOp
instanceKlass  @bci java/util/stream/FindOps$FindSink$OfRef <clinit> ()V 6 <appendix> argL0 ; # java/util/stream/FindOps$FindSink$OfRef$$Lambda+0x80000004e
instanceKlass  @bci java/util/stream/FindOps$FindSink$OfRef <clinit> ()V 0 <appendix> argL0 ; # java/util/stream/FindOps$FindSink$OfRef$$Lambda+0x80000004f
instanceKlass java/util/stream/FindOps$FindSink
instanceKlass java/util/stream/TerminalSink
instanceKlass java/util/stream/Sink
instanceKlass java/util/stream/FindOps
instanceKlass  @bci org/apache/commons/cli/CommandLine resolveOption (Ljava/lang/String;)Lorg/apache/commons/cli/Option; 19 <appendix> member <vmtarget> ; # org/apache/commons/cli/CommandLine$$Lambda+0x0000000028055408
instanceKlass java/util/function/Predicate
instanceKlass java/util/EnumMap$1
instanceKlass java/util/stream/StreamOpFlag$MaskBuilder
instanceKlass java/util/stream/Stream
instanceKlass java/util/stream/BaseStream
instanceKlass java/util/stream/PipelineHelper
instanceKlass java/util/stream/StreamSupport
instanceKlass java/util/ArrayList$ArrayListSpliterator
instanceKlass java/util/Spliterator
instanceKlass java/util/LinkedList$Node
instanceKlass java/util/AbstractList$Itr
instanceKlass org/apache/commons/cli/Util
instanceKlass  @bci org/apache/commons/cli/CommandLine$Builder <clinit> ()V 0 <appendix> argL0 ; # org/apache/commons/cli/CommandLine$Builder$$Lambda+0x0000000028054fc0
instanceKlass  @cpi org/apache/commons/cli/CommandLine$Builder 105 form vmentry <vmtarget> ; # java/lang/invoke/LambdaForm$DMH+0x0000000028051800
instanceKlass  @cpi com/sun/tools/javac/code/DeferredCompletionFailureHandler$2 102 form vmentry <vmtarget> ; # java/lang/invoke/LambdaForm$DMH+0x0000000028051400
instanceKlass org/apache/commons/cli/CommandLine$Builder
instanceKlass org/apache/commons/cli/CommandLine
instanceKlass java/util/LinkedHashMap$LinkedHashIterator
instanceKlass  @bci org/apache/commons/cli/Parser parse (Lorg/apache/commons/cli/Options;[Ljava/lang/String;Ljava/util/Properties;Z)Lorg/apache/commons/cli/CommandLine; 4 <appendix> argL0 ; # org/apache/commons/cli/Parser$$Lambda+0x0000000028054778
instanceKlass  @cpi javax/crypto/spec/SecretKeySpec 169 form vmentry <vmtarget> ; # java/lang/invoke/LambdaForm$DMH+0x0000000028051000
instanceKlass org/apache/commons/cli/Parser
instanceKlass org/apache/maven/cli/CleanArgument
instanceKlass org/apache/commons/cli/OptionValidator
instanceKlass org/apache/commons/cli/Option$Builder
instanceKlass org/apache/commons/cli/Option
instanceKlass org/apache/commons/cli/Options
instanceKlass org/apache/commons/cli/CommandLineParser
instanceKlass org/apache/maven/cli/CLIManager
instanceKlass java/util/IdentityHashMap$IdentityHashMapIterator
instanceKlass org/apache/maven/cli/logging/Slf4jStdoutLogger
instanceKlass sun/nio/fs/WindowsPath$1
instanceKlass sun/nio/fs/WindowsLinkSupport
instanceKlass org/eclipse/aether/DefaultRepositoryCache
instanceKlass org/apache/maven/project/ProjectBuildingRequest
instanceKlass org/apache/maven/execution/DefaultMavenExecutionRequest
instanceKlass org/apache/maven/execution/MavenExecutionRequest
instanceKlass java/lang/Shutdown$Lock
instanceKlass java/lang/Shutdown
instanceKlass java/lang/ApplicationShutdownHooks$1
instanceKlass java/lang/ApplicationShutdownHooks
instanceKlass java/lang/Thread$ThreadNumbering
instanceKlass  @bci org/fusesource/jansi/AnsiConsole ansiStream (Z)Lorg/fusesource/jansi/AnsiPrintStream; 310 <appendix> member <vmtarget> ; # org/fusesource/jansi/AnsiConsole$$Lambda+0x000000002804c438
instanceKlass  @bci org/fusesource/jansi/AnsiConsole ansiStream (Z)Lorg/fusesource/jansi/AnsiPrintStream; 299 <adapter> ; # java/lang/invoke/LambdaForm$MH+0x0000000028050c00
# instanceKlass java/lang/invoke/LambdaForm$DMH+0x0000000028050800
instanceKlass  @bci org/fusesource/jansi/AnsiConsole ansiStream (Z)Lorg/fusesource/jansi/AnsiPrintStream; 299 <appendix> form vmentry <vmtarget> ; # java/lang/invoke/LambdaForm$DMH+0x0000000028050400
instanceKlass  @bci org/fusesource/jansi/AnsiConsole ansiStream (Z)Lorg/fusesource/jansi/AnsiPrintStream; 299 <appendix> member <vmtarget> ; # org/fusesource/jansi/AnsiConsole$$Lambda+0x000000002804c208
instanceKlass  @cpi org/fusesource/jansi/AnsiConsole 481 form vmentry <vmtarget> ; # java/lang/invoke/LambdaForm$DMH+0x0000000028050000
instanceKlass org/fusesource/jansi/io/AnsiOutputStream$IoRunnable
instanceKlass java/util/regex/IntHashSet
instanceKlass java/util/regex/Matcher
instanceKlass java/util/regex/MatchResult
instanceKlass java/util/Properties$LineReader
instanceKlass org/fusesource/jansi/AnsiConsole$1
instanceKlass sun/net/www/MessageHeader
instanceKlass sun/net/www/protocol/jar/JarFileFactory
instanceKlass sun/net/www/protocol/jar/URLJarFile$URLJarFileCloseController
instanceKlass java/net/URLConnection
instanceKlass org/fusesource/jansi/internal/Kernel32
instanceKlass jdk/internal/loader/NativeLibraries$Unloader
instanceKlass java/util/Collections$UnmodifiableCollection
instanceKlass jdk/internal/jimage/ImageReader$Node
instanceKlass jdk/internal/jimage/ImageLocation
instanceKlass jdk/internal/jimage/decompressor/Decompressor
instanceKlass jdk/internal/jimage/ImageStringsReader
instanceKlass jdk/internal/jimage/ImageStrings
instanceKlass jdk/internal/jimage/ImageHeader
instanceKlass jdk/internal/jimage/NativeImageBuffer$1
instanceKlass jdk/internal/jimage/NativeImageBuffer
instanceKlass java/security/AccessControlContext
instanceKlass java/security/AccessController
instanceKlass jdk/internal/jimage/BasicImageReader$1
instanceKlass java/security/PrivilegedAction
instanceKlass jdk/internal/jimage/BasicImageReader
instanceKlass jdk/internal/jimage/ImageReader
instanceKlass jdk/internal/jimage/ImageReaderFactory$1
# instanceKlass java/lang/invoke/LambdaForm$MH+0x0000000028049c00
instanceKlass jdk/internal/reflect/Reflection$1Holder
instanceKlass sun/reflect/annotation/AnnotationParser
instanceKlass org/fusesource/jansi/internal/OSInfo
instanceKlass jdk/internal/jimage/ImageReaderFactory
instanceKlass jdk/internal/module/SystemModuleFinders$SystemImage
instanceKlass jdk/internal/module/SystemModuleFinders$SystemModuleReader
instanceKlass java/lang/module/ModuleReader
instanceKlass jdk/internal/loader/BuiltinClassLoader$2
instanceKlass jdk/internal/module/Resources
instanceKlass org/fusesource/jansi/internal/JansiLoader$1
instanceKlass  @bci org/fusesource/jansi/internal/JansiLoader initialize ()Z 10 <appendix> argL0 ; # org/fusesource/jansi/internal/JansiLoader$$Lambda+0x000000002804af40
instanceKlass org/fusesource/jansi/internal/JansiLoader
instanceKlass org/fusesource/jansi/internal/CLibrary
instanceKlass java/util/TreeMap$Entry
instanceKlass java/lang/ProcessEnvironment$CheckedEntry
instanceKlass java/lang/ProcessEnvironment$CheckedEntrySet$1
instanceKlass java/lang/ProcessEnvironment$EntryComparator
instanceKlass java/lang/ProcessEnvironment$NameComparator
instanceKlass org/fusesource/jansi/io/AnsiProcessor
instanceKlass org/fusesource/jansi/io/AnsiOutputStream$WidthSupplier
instanceKlass org/fusesource/jansi/AnsiConsole
instanceKlass  @bci org/fusesource/jansi/Ansi <clinit> ()V 27 <appendix> argL0 ; # org/fusesource/jansi/Ansi$$Lambda+0x0000000028047620
instanceKlass  @cpi jdk/internal/jrtfs/SystemImage 214 form vmentry <vmtarget> ; # java/lang/invoke/LambdaForm$DMH+0x0000000028049800
instanceKlass java/util/concurrent/Callable
instanceKlass org/fusesource/jansi/Ansi
instanceKlass org/apache/maven/shared/utils/logging/LoggerLevelRenderer
instanceKlass org/apache/maven/shared/utils/logging/MessageBuilder
instanceKlass org/apache/maven/shared/utils/logging/MessageUtils
instanceKlass  @bci jdk/internal/reflect/DirectMethodHandleAccessor invokeImpl (Ljava/lang/Object;[Ljava/lang/Object;)Ljava/lang/Object; 72 <adapter> ; # java/lang/invoke/LambdaForm$MH+0x0000000028049400
# instanceKlass java/lang/invoke/LambdaForm$MH+0x0000000028049000
# instanceKlass java/lang/invoke/LambdaForm$MH+0x0000000028048c00
# instanceKlass java/lang/invoke/LambdaForm$MH+0x0000000028048800
# instanceKlass java/lang/invoke/LambdaForm$MH+0x0000000028048400
instanceKlass sun/invoke/util/ValueConversions$WrapperCache
# instanceKlass java/lang/invoke/LambdaForm$MH+0x0000000028048000
instanceKlass java/lang/invoke/LambdaFormBuffer
instanceKlass java/lang/invoke/LambdaFormEditor$TransformKey
instanceKlass java/lang/invoke/LambdaFormEditor
instanceKlass java/lang/invoke/DelegatingMethodHandle$Holder
instanceKlass jdk/internal/reflect/MethodHandleAccessorFactory$LazyStaticHolder
instanceKlass  @bci java/util/regex/Pattern negate (Ljava/util/regex/Pattern$CharPredicate;)Ljava/util/regex/Pattern$CharPredicate; 1 <appendix> member <vmtarget> ; # java/util/regex/Pattern$$Lambda+0x800000035
instanceKlass  @bci java/util/regex/Pattern Range (II)Ljava/util/regex/Pattern$CharPredicate; 23 <appendix> member <vmtarget> ; # java/util/regex/Pattern$$Lambda+0x80000002e
instanceKlass  @bci java/util/regex/Pattern union (Ljava/util/regex/Pattern$CharPredicate;Ljava/util/regex/Pattern$CharPredicate;Z)Ljava/util/regex/Pattern$CharPredicate; 6 <appendix> member <vmtarget> ; # java/util/regex/Pattern$$Lambda+0x800000036
instanceKlass  @bci java/util/regex/CharPredicates ASCII_DIGIT ()Ljava/util/regex/Pattern$BmpCharPredicate; 0 <appendix> argL0 ; # java/util/regex/CharPredicates$$Lambda+0x800000028
instanceKlass java/util/regex/CharPredicates
instanceKlass java/util/regex/Pattern$BitClass
instanceKlass java/util/regex/Pattern$TreeInfo
instanceKlass  @bci java/util/regex/Pattern Single (I)Ljava/util/regex/Pattern$BmpCharPredicate; 1 <appendix> member <vmtarget> ; # java/util/regex/Pattern$$Lambda+0x80000002d
instanceKlass java/util/regex/Pattern$BmpCharPredicate
instanceKlass java/util/regex/Pattern$CharPredicate
instanceKlass java/util/regex/Pattern$Node
instanceKlass java/util/regex/Pattern
instanceKlass org/apache/maven/cli/CliRequest
instanceKlass org/codehaus/plexus/interpolation/ValueSource
instanceKlass org/apache/maven/toolchain/building/ToolchainsBuildingRequest
instanceKlass org/apache/maven/building/Source
instanceKlass org/codehaus/plexus/logging/LoggerManager
instanceKlass org/slf4j/Logger
instanceKlass org/apache/maven/execution/ExecutionListener
instanceKlass org/eclipse/aether/transfer/TransferListener
instanceKlass org/apache/maven/exception/ExceptionHandler
instanceKlass org/eclipse/aether/RepositoryCache
instanceKlass org/apache/maven/eventspy/EventSpy$Context
instanceKlass org/codehaus/plexus/PlexusContainer
instanceKlass org/apache/maven/cli/MavenCli
instanceKlass  @bci java/util/zip/ZipFile$Source initCEN (ILjava/util/zip/ZipCoder;)V 507 <appendix> argL0 ; # java/util/zip/ZipFile$Source$$Lambda+0x0000000028004cd0
instanceKlass java/io/RandomAccessFile$1
instanceKlass java/util/TreeMap$PrivateEntryIterator
instanceKlass java/util/TimSort
instanceKlass java/util/Arrays$LegacyMergeSort
instanceKlass java/lang/invoke/DirectMethodHandle$2
instanceKlass java/lang/invoke/ClassSpecializer$Factory
instanceKlass java/lang/invoke/ClassSpecializer$SpeciesData
instanceKlass java/lang/invoke/ClassSpecializer$1
instanceKlass jdk/internal/vm/annotation/Stable
instanceKlass jdk/internal/vm/annotation/AOTSafeClassInitializer
instanceKlass java/lang/invoke/ClassSpecializer
instanceKlass  @bci org/codehaus/plexus/classworlds/launcher/Configurator associateRealms ()V 18 <appendix> argL0 ; # org/codehaus/plexus/classworlds/launcher/Configurator$$Lambda+0x0000000028042b38
instanceKlass java/lang/invoke/Invokers$Holder
instanceKlass java/lang/invoke/MethodHandleImpl$1
instanceKlass jdk/internal/access/JavaLangInvokeAccess
instanceKlass  @bci org/codehaus/plexus/classworlds/launcher/ConfigurationParser loadGlob (Ljava/lang/String;Z)V 83 <appendix> member <vmtarget> ; # org/codehaus/plexus/classworlds/launcher/ConfigurationParser$$Lambda+0x0000000028042908
instanceKlass java/lang/invoke/TypeConvertingMethodAdapter
instanceKlass java/lang/invoke/InnerClassLambdaMetafactory$6
instanceKlass java/lang/invoke/InnerClassLambdaMetafactory$3
instanceKlass java/lang/classfile/Interfaces
instanceKlass java/util/ImmutableCollections$Access$1
instanceKlass jdk/internal/access/JavaUtilCollectionAccess
instanceKlass java/util/ImmutableCollections$Access
instanceKlass java/lang/invoke/InnerClassLambdaMetafactory$1
instanceKlass java/lang/invoke/LambdaProxyClassArchive
instanceKlass java/lang/invoke/InfoFromMemberName
instanceKlass java/lang/invoke/MethodHandleInfo
instanceKlass java/lang/invoke/AbstractValidatingLambdaMetafactory
instanceKlass java/lang/invoke/BootstrapMethodInvoker
instanceKlass  @cpi org/codehaus/plexus/classworlds/launcher/ConfigurationParser 340 form vmentry <vmtarget> ; # java/lang/invoke/LambdaForm$DMH+0x0000000028043000
instanceKlass jdk/internal/classfile/impl/ClassReaderImpl
instanceKlass java/lang/classfile/ClassReader
instanceKlass jdk/internal/classfile/impl/ClassHierarchyImpl$CachedClassHierarchyResolver$1
instanceKlass java/lang/classfile/ClassHierarchyResolver$ClassHierarchyInfo
instanceKlass jdk/internal/classfile/impl/ClassHierarchyImpl$CachedClassHierarchyResolver
instanceKlass jdk/internal/classfile/impl/ClassHierarchyImpl$ClassLoadingClassHierarchyResolver$1
instanceKlass jdk/internal/classfile/impl/ClassHierarchyImpl$ClassLoadingClassHierarchyResolver
instanceKlass java/lang/classfile/ClassHierarchyResolver
instanceKlass jdk/internal/classfile/impl/ClassHierarchyImpl
instanceKlass jdk/internal/classfile/impl/RawBytecodeHelper$1
instanceKlass jdk/internal/classfile/impl/RawBytecodeHelper
instanceKlass jdk/internal/classfile/impl/StackMapGenerator$Frame
instanceKlass jdk/internal/classfile/impl/StackMapGenerator
instanceKlass jdk/internal/classfile/impl/AnnotationReader
instanceKlass java/lang/classfile/CustomAttribute
instanceKlass jdk/internal/classfile/impl/TerminalFieldBuilder
instanceKlass java/lang/classfile/FieldBuilder
instanceKlass java/lang/invoke/InvokerBytecodeGenerator$2
instanceKlass jdk/internal/classfile/impl/BytecodeHelpers
instanceKlass java/lang/classfile/constantpool/MethodRefEntry
instanceKlass sun/invoke/util/VerifyType
instanceKlass jdk/internal/classfile/impl/DirectCodeBuilder$8
instanceKlass java/lang/classfile/instruction/LabelTarget
instanceKlass java/lang/classfile/Label
instanceKlass jdk/internal/classfile/impl/BufWriterImpl
instanceKlass java/lang/classfile/BufWriter
instanceKlass java/lang/classfile/instruction/LocalVariableType
instanceKlass java/lang/classfile/instruction/LocalVariable
instanceKlass java/lang/classfile/instruction/CharacterRange
instanceKlass java/lang/classfile/PseudoInstruction
instanceKlass java/lang/classfile/CodeElement
instanceKlass jdk/internal/classfile/impl/TerminalCodeBuilder
instanceKlass jdk/internal/classfile/impl/LabelContext
instanceKlass java/lang/classfile/CodeBuilder
instanceKlass java/lang/invoke/InvokerBytecodeGenerator$4$1
instanceKlass java/lang/classfile/constantpool/FieldRefEntry
instanceKlass java/lang/classfile/constantpool/MemberRefEntry
instanceKlass java/lang/classfile/constantpool/NameAndTypeEntry
instanceKlass jdk/internal/classfile/impl/TerminalMethodBuilder
instanceKlass jdk/internal/classfile/impl/MethodInfo
instanceKlass java/lang/classfile/MethodBuilder
instanceKlass java/lang/invoke/InvokerBytecodeGenerator$4
instanceKlass java/lang/classfile/attribute/SourceFileAttribute
instanceKlass java/lang/classfile/Superclass
instanceKlass jdk/internal/classfile/impl/AttributeHolder
instanceKlass java/lang/classfile/ClassBuilder
instanceKlass java/lang/classfile/ClassFileBuilder
instanceKlass jdk/internal/classfile/impl/AbstractDirectBuilder
instanceKlass java/lang/invoke/InvokerBytecodeGenerator$1
instanceKlass jdk/internal/classfile/impl/ClassFileImpl
instanceKlass java/lang/classfile/ClassFile
instanceKlass java/lang/invoke/InvokerBytecodeGenerator$3
instanceKlass java/util/function/Consumer
instanceKlass java/lang/classfile/constantpool/ClassEntry
instanceKlass java/lang/classfile/constantpool/LoadableConstantEntry
instanceKlass jdk/internal/classfile/impl/EntryMap
instanceKlass jdk/internal/classfile/impl/BootstrapMethodEntryImpl
instanceKlass java/lang/classfile/BootstrapMethodEntry
instanceKlass jdk/internal/classfile/impl/SplitConstantPool
instanceKlass java/io/FilenameFilter
instanceKlass java/lang/invoke/InvokerBytecodeGenerator$8
instanceKlass jdk/internal/classfile/impl/AbstractAttributeMapper
instanceKlass java/lang/classfile/AttributeMapper
instanceKlass java/lang/classfile/Attributes
instanceKlass jdk/internal/classfile/impl/Util$Writable
instanceKlass jdk/internal/classfile/impl/AbstractElement
instanceKlass java/lang/classfile/attribute/RuntimeVisibleAnnotationsAttribute
instanceKlass java/lang/classfile/FieldElement
instanceKlass java/lang/classfile/MethodElement
instanceKlass java/lang/classfile/ClassElement
instanceKlass java/lang/classfile/Attribute
instanceKlass java/lang/classfile/ClassFileElement
instanceKlass jdk/internal/classfile/impl/Util
instanceKlass java/lang/classfile/constantpool/Utf8Entry
instanceKlass java/lang/classfile/constantpool/AnnotationConstantValueEntry
instanceKlass java/lang/classfile/constantpool/PoolEntry
instanceKlass jdk/internal/classfile/impl/AbstractPoolEntry
instanceKlass jdk/internal/classfile/impl/TemporaryConstantPool
instanceKlass java/lang/classfile/constantpool/ConstantPoolBuilder
instanceKlass java/lang/classfile/constantpool/ConstantPool
instanceKlass java/lang/classfile/Annotation
instanceKlass java/lang/classfile/AnnotationElement
instanceKlass java/lang/invoke/InvokerBytecodeGenerator
instanceKlass java/lang/invoke/LambdaForm$Holder
instanceKlass java/lang/invoke/LambdaForm$Name
instanceKlass java/lang/reflect/Array
instanceKlass java/lang/invoke/Invokers
instanceKlass sun/invoke/util/ValueConversions
instanceKlass java/lang/invoke/DirectMethodHandle$Holder
instanceKlass java/lang/invoke/LambdaForm$NamedFunction
instanceKlass java/lang/constant/DynamicConstantDesc
instanceKlass jdk/internal/constant/DirectMethodHandleDescImpl$1
instanceKlass jdk/internal/constant/DirectMethodHandleDescImpl
instanceKlass java/lang/constant/DirectMethodHandleDesc
instanceKlass java/lang/constant/MethodHandleDesc$1
instanceKlass java/lang/constant/MethodHandleDesc
instanceKlass jdk/internal/constant/MethodTypeDescImpl
instanceKlass java/lang/constant/MethodTypeDesc
instanceKlass jdk/internal/constant/ConstantUtils
instanceKlass jdk/internal/constant/ArrayClassDescImpl
instanceKlass jdk/internal/constant/ClassOrInterfaceDescImpl
instanceKlass java/lang/constant/ClassDesc
instanceKlass java/lang/constant/ConstantDescs
instanceKlass sun/invoke/util/Wrapper$Format
instanceKlass java/lang/invoke/MethodTypeForm
instanceKlass java/lang/invoke/MethodType$1
instanceKlass java/lang/invoke/LambdaMetafactory
instanceKlass java/util/ArrayList$Itr
instanceKlass org/codehaus/plexus/classworlds/strategy/AbstractStrategy
instanceKlass org/codehaus/plexus/classworlds/strategy/Strategy
instanceKlass org/codehaus/plexus/classworlds/strategy/StrategyFactory
instanceKlass java/util/NavigableMap
instanceKlass java/util/SortedMap
instanceKlass java/util/NavigableSet
instanceKlass java/util/SortedSet
instanceKlass java/util/SequencedSet
instanceKlass sun/nio/ch/IOStatus
instanceKlass sun/nio/ch/Util$BufferCache
instanceKlass sun/nio/ch/Util
instanceKlass jdk/internal/misc/Blocker
instanceKlass sun/nio/ch/NativeThread
instanceKlass java/nio/charset/CoderResult
instanceKlass java/io/Reader
instanceKlass java/lang/Readable
instanceKlass org/codehaus/plexus/classworlds/launcher/ConfigurationParser
instanceKlass org/codehaus/plexus/classworlds/launcher/Configurator
instanceKlass org/codehaus/plexus/classworlds/launcher/ConfigurationHandler
instanceKlass sun/nio/ch/SelChImpl
instanceKlass java/nio/channels/NetworkChannel
instanceKlass sun/nio/ch/Streams
instanceKlass java/nio/channels/Channels
instanceKlass sun/nio/ch/FileChannelImpl$Closer
instanceKlass sun/nio/ch/NativeThreadSet
instanceKlass java/nio/channels/spi/AbstractInterruptibleChannel$1
instanceKlass sun/nio/ch/Interruptible
instanceKlass sun/nio/ch/IOUtil
instanceKlass sun/nio/ch/NativeDispatcher
instanceKlass java/nio/channels/ScatteringByteChannel
instanceKlass java/nio/channels/GatheringByteChannel
instanceKlass java/nio/channels/SeekableByteChannel
instanceKlass java/nio/channels/ByteChannel
instanceKlass java/nio/channels/WritableByteChannel
instanceKlass java/nio/channels/ReadableByteChannel
instanceKlass java/nio/channels/spi/AbstractInterruptibleChannel
instanceKlass java/nio/channels/InterruptibleChannel
instanceKlass java/nio/channels/Channel
instanceKlass java/util/Collections$EmptyIterator
instanceKlass sun/nio/fs/WindowsChannelFactory$Flags
instanceKlass sun/nio/fs/WindowsChannelFactory$1
instanceKlass sun/nio/fs/WindowsChannelFactory
instanceKlass sun/nio/fs/WindowsSecurityDescriptor
instanceKlass java/nio/file/attribute/FileAttribute
instanceKlass java/net/URI$Parser
instanceKlass java/nio/file/FileSystems$DefaultFileSystemHolder
instanceKlass java/nio/file/FileSystems
instanceKlass java/nio/file/Paths
instanceKlass java/lang/PublicMethods$Key
instanceKlass java/lang/PublicMethods$MethodList
instanceKlass org/codehaus/plexus/classworlds/ClassWorld
instanceKlass jdk/internal/misc/MethodFinder
instanceKlass org/codehaus/plexus/classworlds/launcher/Launcher
instanceKlass java/security/PermissionCollection
instanceKlass java/security/SecureClassLoader$1
instanceKlass java/util/zip/Checksum$1
instanceKlass java/util/zip/CRC32
instanceKlass java/util/zip/Checksum
instanceKlass java/lang/Package$VersionInfo
instanceKlass java/lang/NamedPackage
instanceKlass java/util/SequencedMap
instanceKlass java/util/jar/Attributes
instanceKlass jdk/internal/loader/Resource
instanceKlass sun/security/util/Debug
instanceKlass sun/security/util/SignatureFileVerifier
instanceKlass java/util/zip/ZipFile$InflaterCleanupAction
instanceKlass java/util/zip/Inflater$InflaterZStreamRef
instanceKlass java/util/zip/Inflater
instanceKlass java/util/zip/ZipEntry
instanceKlass java/nio/Bits$1
instanceKlass jdk/internal/misc/VM$BufferPool
instanceKlass java/nio/Bits
instanceKlass sun/nio/ch/DirectBuffer
instanceKlass jdk/internal/perf/PerfCounter$CoreCounters
instanceKlass jdk/internal/perf/Perf
instanceKlass jdk/internal/perf/PerfCounter
instanceKlass java/nio/file/attribute/FileTime
instanceKlass java/util/zip/ZipUtils
instanceKlass java/util/zip/ZipFile$Source$End
instanceKlass java/io/RandomAccessFile$2
instanceKlass jdk/internal/access/JavaIORandomAccessFileAccess
instanceKlass java/io/RandomAccessFile
instanceKlass java/io/DataInput
instanceKlass java/io/DataOutput
instanceKlass sun/nio/fs/WindowsNativeDispatcher$CompletionStatus
instanceKlass sun/nio/fs/WindowsNativeDispatcher$AclInformation
instanceKlass sun/nio/fs/WindowsNativeDispatcher$Account
instanceKlass sun/nio/fs/WindowsNativeDispatcher$DiskFreeSpace
instanceKlass sun/nio/fs/WindowsNativeDispatcher$VolumeInformation
instanceKlass sun/nio/fs/WindowsNativeDispatcher$FirstStream
instanceKlass sun/nio/fs/WindowsNativeDispatcher$FirstFile
instanceKlass java/util/Enumeration
instanceKlass java/util/concurrent/ConcurrentHashMap$Traverser
instanceKlass jdk/internal/loader/NativeLibraries$2
instanceKlass jdk/internal/loader/NativeLibrary
instanceKlass java/util/ArrayDeque$DeqIterator
instanceKlass jdk/internal/loader/NativeLibraries$NativeLibraryContext$1
instanceKlass jdk/internal/loader/NativeLibraries$NativeLibraryContext
instanceKlass java/util/concurrent/ConcurrentHashMap$CollectionView
instanceKlass jdk/internal/loader/NativeLibraries$Holder
instanceKlass jdk/internal/loader/NativeLibraries$1
instanceKlass jdk/internal/loader/NativeLibraries$LibraryPaths
instanceKlass jdk/internal/loader/BootLoader$Holder
instanceKlass sun/nio/fs/WindowsNativeDispatcher
instanceKlass sun/nio/fs/NativeBuffer$Deallocator
instanceKlass sun/nio/fs/NativeBuffer
instanceKlass java/lang/ThreadLocal$ThreadLocalMap
instanceKlass java/lang/ThreadLocal
instanceKlass sun/nio/fs/NativeBuffers
instanceKlass sun/nio/fs/WindowsFileAttributes
instanceKlass java/nio/file/attribute/DosFileAttributes
instanceKlass sun/nio/fs/AbstractBasicFileAttributeView
instanceKlass sun/nio/fs/DynamicFileAttributeView
instanceKlass sun/nio/fs/WindowsFileAttributeViews
instanceKlass sun/nio/fs/Util
instanceKlass java/nio/file/attribute/BasicFileAttributeView
instanceKlass java/nio/file/attribute/FileAttributeView
instanceKlass java/nio/file/attribute/AttributeView
instanceKlass java/nio/file/Files
instanceKlass java/nio/file/CopyOption
instanceKlass java/nio/file/attribute/BasicFileAttributes
instanceKlass sun/nio/fs/WindowsPath
instanceKlass java/nio/file/Path
instanceKlass java/nio/file/Watchable
instanceKlass java/util/zip/ZipFile$Source$Key
instanceKlass sun/nio/fs/WindowsPathParser
instanceKlass java/nio/file/FileSystem
instanceKlass java/nio/file/OpenOption
instanceKlass java/nio/file/spi/FileSystemProvider
instanceKlass sun/nio/fs/DefaultFileSystemProvider
instanceKlass java/util/zip/ZipFile$Source
instanceKlass java/lang/ref/Cleaner$Cleanable
instanceKlass jdk/internal/ref/CleanerImpl$CleanableList$Node
instanceKlass jdk/internal/ref/CleanerImpl$CleanableList
instanceKlass jdk/internal/ref/CleanerImpl
instanceKlass java/lang/ref/Cleaner$1
instanceKlass java/lang/ref/Cleaner
instanceKlass jdk/internal/ref/CleanerFactory$1
instanceKlass java/util/concurrent/ThreadFactory
instanceKlass jdk/internal/ref/CleanerFactory
instanceKlass java/util/zip/ZipFile$CleanableResource
instanceKlass java/util/zip/ZipCoder
instanceKlass java/lang/Runtime$Version
instanceKlass java/util/jar/JavaUtilJarAccessImpl
instanceKlass jdk/internal/access/JavaUtilJarAccess
instanceKlass jdk/internal/loader/FileURLMapper
instanceKlass java/util/zip/ZipFile$1
instanceKlass jdk/internal/access/JavaUtilZipFileAccess
instanceKlass java/util/BitSet
instanceKlass java/util/zip/ZipFile
instanceKlass java/util/zip/ZipConstants
instanceKlass jdk/internal/loader/URLClassPath$Loader
instanceKlass sun/net/util/URLUtil
instanceKlass java/lang/StringCoding
instanceKlass sun/nio/cs/MS1252$Holder
instanceKlass sun/nio/cs/ArrayDecoder
instanceKlass java/nio/charset/CharsetDecoder
instanceKlass sun/launcher/LauncherHelper
instanceKlass jdk/internal/util/StrongReferenceKey
instanceKlass jdk/internal/util/ReferenceKey
instanceKlass jdk/internal/util/ReferencedKeyMap$1
instanceKlass jdk/internal/util/ReferencedKeyMap
instanceKlass java/util/Locale$2
instanceKlass java/util/Locale$1
instanceKlass sun/util/locale/LocaleUtils
instanceKlass java/util/Locale$3
instanceKlass sun/util/locale/BaseLocale$1
instanceKlass java/util/Locale
instanceKlass sun/usagetracker/UsageTrackerClient
instanceKlass jdk/internal/util/EnvUtils
instanceKlass jdk/internal/vm/PostVMInitHook
instanceKlass jdk/internal/vm/ContinuationSupport
instanceKlass java/lang/ClassLoader$Holder
instanceKlass java/lang/ModuleLayer$Controller
instanceKlass java/util/concurrent/CopyOnWriteArrayList
instanceKlass jdk/internal/module/ServicesCatalog$ServiceProvider
instanceKlass jdk/internal/loader/AbstractClassLoaderValue$Memoizer
instanceKlass java/util/ImmutableCollections$ListItr
instanceKlass java/util/ListIterator
instanceKlass java/util/ImmutableCollections$Set12$1
instanceKlass jdk/internal/loader/BuiltinClassLoader$LoadedModule
instanceKlass java/util/Optional
instanceKlass java/util/ImmutableCollections$SetN$SetNIterator
instanceKlass java/lang/Module$EnableNativeAccess
instanceKlass jdk/internal/loader/BootLoader
instanceKlass jdk/internal/loader/AbstractClassLoaderValue
instanceKlass jdk/internal/module/ServicesCatalog
instanceKlass java/util/Deque
instanceKlass java/util/Queue
instanceKlass sun/net/util/IPAddressUtil$MASKS
instanceKlass sun/net/util/IPAddressUtil
instanceKlass java/net/URLStreamHandler
instanceKlass sun/net/www/ParseUtil
instanceKlass java/net/URL$1
instanceKlass jdk/internal/access/JavaNetURLAccess
instanceKlass java/net/URL$DefaultFactory
instanceKlass java/net/URLStreamHandlerFactory
instanceKlass jdk/internal/loader/URLClassPath
instanceKlass jdk/internal/loader/ClassLoaderHelper
instanceKlass jdk/internal/loader/NativeLibraries
instanceKlass java/security/Principal
instanceKlass java/lang/ClassLoader$ParallelLoaders
instanceKlass java/security/cert/Certificate
instanceKlass jdk/internal/loader/ArchivedClassLoaders
instanceKlass java/net/URI$1
instanceKlass jdk/internal/access/JavaNetUriAccess
instanceKlass jdk/internal/module/ArchivedBootLayer
instanceKlass jdk/internal/module/ModuleBootstrap$Counters
instanceKlass jdk/internal/module/ModuleLoaderMap$Modules
instanceKlass jdk/internal/module/ModuleLoaderMap
instanceKlass jdk/internal/module/ModulePatcher
instanceKlass jdk/internal/util/DecimalDigits
instanceKlass java/io/FileSystem
instanceKlass java/io/DefaultFileSystem
instanceKlass java/io/File
instanceKlass java/lang/module/ModuleDescriptor$1
instanceKlass jdk/internal/access/JavaLangModuleAccess
instanceKlass sun/invoke/util/VerifyAccess
instanceKlass java/util/KeyValueHolder
instanceKlass java/util/ImmutableCollections$MapN$MapNIterator
instanceKlass java/lang/invoke/MethodHandles$Lookup
instanceKlass java/lang/invoke/MemberName$Factory
instanceKlass java/lang/invoke/MethodHandles
instanceKlass jdk/internal/module/ModuleBootstrap
instanceKlass java/util/HexFormat
instanceKlass jdk/internal/util/ClassFileDumper
instanceKlass java/lang/CharacterData
instanceKlass java/lang/invoke/MethodHandleStatics
instanceKlass java/util/Collections
instanceKlass java/lang/Thread$ThreadIdentifiers
instanceKlass sun/io/Win32ErrorMode
instanceKlass jdk/internal/misc/OSEnvironment
instanceKlass jdk/internal/misc/Signal$NativeHandler
instanceKlass java/util/Hashtable$Entry
instanceKlass jdk/internal/misc/Signal
instanceKlass java/lang/Terminator$1
instanceKlass jdk/internal/misc/Signal$Handler
instanceKlass java/lang/Terminator
instanceKlass java/nio/Buffer$2
instanceKlass jdk/internal/access/JavaNioAccess
instanceKlass java/nio/Buffer$1
instanceKlass jdk/internal/misc/ScopedMemoryAccess
instanceKlass java/nio/charset/CodingErrorAction
instanceKlass sun/nio/cs/SingleByte
instanceKlass java/lang/StringUTF16
instanceKlass sun/nio/cs/IBM850$Holder
instanceKlass sun/nio/cs/ArrayEncoder
instanceKlass java/nio/charset/CharsetEncoder
instanceKlass java/io/Writer
instanceKlass java/io/OutputStream
instanceKlass java/io/Flushable
instanceKlass java/io/FileDescriptor$1
instanceKlass jdk/internal/access/JavaIOFileDescriptorAccess
instanceKlass java/io/FileDescriptor
instanceKlass jdk/internal/util/StaticProperty
instanceKlass jdk/internal/reflect/MethodHandleAccessorFactory
instanceKlass jdk/internal/reflect/Reflection
instanceKlass java/lang/reflect/Modifier
instanceKlass java/lang/Class$Atomic
instanceKlass java/lang/Class$ReflectionData
instanceKlass jdk/internal/util/ModifiedUtf
instanceKlass java/nio/charset/StandardCharsets
instanceKlass java/nio/charset/Charset$5
instanceKlass sun/nio/cs/HistoricallyNamedCharset
instanceKlass java/util/Arrays
instanceKlass jdk/internal/util/Preconditions$3
instanceKlass jdk/internal/util/Preconditions$2
instanceKlass jdk/internal/util/Preconditions$4
instanceKlass java/util/function/BiFunction
instanceKlass jdk/internal/util/Preconditions$1
instanceKlass jdk/internal/util/Preconditions
instanceKlass java/nio/charset/Charset$4
instanceKlass jdk/internal/lang/LazyConstantImpl
instanceKlass java/lang/LazyConstant
instanceKlass java/nio/charset/Charset$3
instanceKlass java/lang/ScopedValue$Cache
instanceKlass java/lang/ScopedValue
instanceKlass java/nio/charset/spi/CharsetProvider
instanceKlass java/nio/charset/Charset
instanceKlass java/util/HashMap$HashIterator
instanceKlass java/util/concurrent/locks/LockSupport
instanceKlass java/util/concurrent/ConcurrentHashMap$Node
instanceKlass java/util/concurrent/ConcurrentHashMap$CounterCell
instanceKlass java/util/concurrent/locks/ReentrantLock
instanceKlass java/util/concurrent/locks/Lock
instanceKlass java/lang/Runtime
instanceKlass java/lang/VersionProps
instanceKlass java/lang/StringConcatHelper
instanceKlass jdk/internal/util/ArraysSupport
instanceKlass java/lang/StringLatin1
instanceKlass java/lang/StrictMath
instanceKlass jdk/internal/util/SystemProps$Raw
instanceKlass jdk/internal/util/SystemProps
instanceKlass java/lang/System$1
instanceKlass jdk/internal/access/JavaLangAccess
instanceKlass java/lang/ref/ReferenceQueue$Lock
instanceKlass java/lang/ref/ReferenceQueue
instanceKlass java/lang/ref/Reference$1
instanceKlass jdk/internal/access/JavaLangRefAccess
instanceKlass java/lang/Math
instanceKlass java/io/ObjectStreamClass
instanceKlass jdk/internal/reflect/ReflectionFactory
instanceKlass jdk/internal/access/SharedSecrets
instanceKlass java/lang/reflect/ReflectAccess
instanceKlass jdk/internal/access/JavaLangReflectAccess
instanceKlass java/util/Objects
instanceKlass jdk/internal/misc/CDS
instanceKlass java/lang/Module$ArchivedData
instanceKlass jdk/internal/misc/VM
instanceKlass java/lang/String$FoldCaseComparator
instanceKlass java/lang/String$CaseInsensitiveComparator
instanceKlass java/util/Comparator
instanceKlass java/io/ObjectStreamField
instanceKlass jdk/internal/math/FDBigInteger
instanceKlass java/lang/ModuleLayer
instanceKlass java/util/ImmutableCollections
instanceKlass jdk/internal/module/ModuleLoaderMap$Mapper
instanceKlass java/util/function/Function
instanceKlass java/lang/module/ResolvedModule
instanceKlass java/lang/module/Configuration
instanceKlass java/lang/module/ModuleDescriptor$Opens
instanceKlass java/util/HashMap$Node
instanceKlass java/util/Map$Entry
instanceKlass java/util/Collections$UnmodifiableMap
instanceKlass jdk/internal/module/ModuleHashes
instanceKlass jdk/internal/module/ModuleTarget
instanceKlass jdk/internal/module/SystemModuleFinders$2
instanceKlass jdk/internal/module/ModuleHashes$HashSupplier
instanceKlass jdk/internal/module/SystemModuleFinders$1
instanceKlass java/util/function/Supplier
instanceKlass java/net/URI
instanceKlass java/lang/module/ModuleDescriptor$Provides
instanceKlass java/lang/module/ModuleDescriptor$Exports
instanceKlass java/lang/module/ModuleDescriptor$Requires
instanceKlass java/lang/module/ModuleDescriptor$Version
instanceKlass java/lang/module/ModuleDescriptor
instanceKlass java/lang/module/ModuleReference
instanceKlass java/util/Set
instanceKlass jdk/internal/module/SystemModuleFinders$SystemModuleFinder
instanceKlass java/lang/module/ModuleFinder
instanceKlass jdk/internal/module/ArchivedModuleGraph
instanceKlass sun/util/locale/BaseLocale
instanceKlass java/util/jar/Attributes$Name
instanceKlass java/lang/Character$CharacterCache
instanceKlass java/lang/Short$ShortCache
instanceKlass java/lang/Byte$ByteCache
instanceKlass java/lang/Long$LongCache
instanceKlass java/lang/Integer$IntegerCache
instanceKlass jdk/internal/vm/FillerObject
instanceKlass jdk/internal/vm/vector/VectorSupport$VectorPayload
instanceKlass jdk/internal/vm/vector/VectorSupport
instanceKlass java/lang/reflect/RecordComponent
instanceKlass java/util/Iterator
instanceKlass java/lang/Void
instanceKlass java/lang/Number
instanceKlass java/lang/Character
instanceKlass java/lang/Boolean
instanceKlass java/util/concurrent/locks/AbstractOwnableSynchronizer
instanceKlass java/lang/LiveStackFrame
instanceKlass java/lang/ClassFrameInfo
instanceKlass java/lang/StackWalker$StackFrame
instanceKlass java/lang/StackStreamFactory$AbstractStackWalker
instanceKlass java/lang/StackWalker
instanceKlass java/nio/Buffer
instanceKlass java/lang/StackTraceElement
instanceKlass java/util/RandomAccess
instanceKlass java/util/List
instanceKlass java/util/SequencedCollection
instanceKlass java/util/AbstractCollection
instanceKlass java/util/Collection
instanceKlass java/lang/Iterable
instanceKlass java/util/concurrent/ConcurrentMap
instanceKlass java/util/AbstractMap
instanceKlass java/security/CodeSource
instanceKlass jdk/internal/loader/ClassLoaders
instanceKlass java/util/jar/Manifest
instanceKlass java/lang/Enum
instanceKlass java/net/URL
instanceKlass java/io/InputStream
instanceKlass java/io/Closeable
instanceKlass java/lang/AutoCloseable
instanceKlass jdk/internal/module/Modules
instanceKlass jdk/internal/misc/Unsafe
instanceKlass jdk/internal/misc/UnsafeConstants
instanceKlass java/lang/AbstractStringBuilder
instanceKlass java/lang/Appendable
instanceKlass java/lang/AssertionStatusDirectives
instanceKlass jdk/internal/foreign/abi/ABIDescriptor
instanceKlass jdk/internal/foreign/abi/NativeEntryPoint
instanceKlass java/lang/invoke/CallSite
instanceKlass java/lang/invoke/MethodType
instanceKlass java/lang/invoke/TypeDescriptor$OfMethod
instanceKlass java/lang/invoke/LambdaForm
instanceKlass java/lang/invoke/MethodHandleNatives
instanceKlass java/lang/invoke/MethodHandleImpl
instanceKlass java/lang/invoke/ResolvedMethodName
instanceKlass java/lang/invoke/MemberName
instanceKlass java/lang/invoke/VarHandle
instanceKlass java/lang/invoke/MethodHandle
instanceKlass jdk/internal/reflect/ConstructorAccessorImpl
instanceKlass jdk/internal/reflect/ConstructorAccessor
instanceKlass jdk/internal/reflect/CallerSensitive
instanceKlass java/lang/annotation/Annotation
instanceKlass jdk/internal/reflect/ConstantPool
instanceKlass jdk/internal/reflect/MethodAccessorImpl
instanceKlass jdk/internal/reflect/MethodAccessor
instanceKlass jdk/internal/vm/StackChunk
instanceKlass jdk/internal/vm/Continuation
instanceKlass jdk/internal/vm/ContinuationScope
instanceKlass java/lang/reflect/Parameter
instanceKlass java/lang/reflect/Member
instanceKlass java/lang/reflect/AccessibleObject
instanceKlass java/lang/Module
instanceKlass java/util/Map
instanceKlass java/util/Dictionary
instanceKlass java/lang/ThreadGroup
instanceKlass java/lang/Thread$UncaughtExceptionHandler
instanceKlass java/lang/Thread$Constants
instanceKlass java/lang/Thread$FieldHolder
instanceKlass java/lang/Thread
instanceKlass java/lang/Runnable
instanceKlass java/lang/ref/Reference
instanceKlass java/lang/Record
instanceKlass java/security/ProtectionDomain
instanceKlass java/lang/Throwable
instanceKlass java/lang/System
instanceKlass java/lang/ClassLoader
instanceKlass java/lang/Cloneable
instanceKlass java/lang/Class
instanceKlass java/lang/invoke/TypeDescriptor$OfField
instanceKlass java/lang/invoke/TypeDescriptor
instanceKlass java/lang/reflect/Type
instanceKlass java/lang/reflect/GenericDeclaration
instanceKlass java/lang/reflect/AnnotatedElement
instanceKlass java/lang/String
instanceKlass java/lang/constant/ConstantDesc
instanceKlass java/lang/constant/Constable
instanceKlass java/lang/CharSequence
instanceKlass java/lang/Comparable
instanceKlass java/io/Serializable
ciInstanceKlass java/lang/Object 1 1 116 7 1 10 12 1 1 10 7 12 1 1 1 10 7 12 1 1 1 10 12 1 1 8 1 10 12 1 1 10 7 12 1 1 1 10 12 1 10 12 1 1 100 1 8 1 10 12 1 10 7 12 1 1 1 7 1 10 12 1 7 1 10 12 1 1 8 1 3 8 1 100 1 5 0 1 1 1 1 1 1 1 1 1 1 1 1 1 1 1 1 7 1 1 1 1 1 1 1 1 1 1 1 1 1 7 1 1 1 1 1 1 3 1 1 1
ciInstanceKlass java/io/Serializable 1 0 7 100 1 100 1 1 1
ciInstanceKlass java/lang/System 1 1 591 10 100 12 1 1 1 10 7 12 1 1 1 10 12 1 1 10 12 1 9 12 1 1 10 7 12 1 1 1 11 100 12 1 1 1 10 100 12 1 1 1 10 12 1 1 100 1 8 1 10 12 1 9 12 1 1 9 12 1 1 10 7 12 1 1 1 10 7 12 1 1 1 10 12 1 1 10 12 1 10 7 12 1 1 1 10 12 1 10 12 1 1 7 1 10 12 1 1 100 1 8 1 10 10 12 1 1 100 1 8 1 10 10 7 12 1 1 10 12 10 7 12 1 1 10 7 12 1 1 1 100 1 8 1 10 10 7 12 1 1 1 10 7 12 1 1 1 100 1 10 100 12 1 1 1 10 12 1 1 10 7 12 1 1 1 10 12 1 1 10 12 1 10 12 1 8 1 10 12 1 1 10 12 1 1 8 1 10 12 1 7 1 7 1 10 12 1 9 7 12 1 1 1 10 7 12 1 1 1 10 12 1 10 12 1 10 7 12 1 1 1 100 1 8 1 10 9 12 1 1 9 12 1 10 12 1 10 100 12 1 1 10 12 1 10 12 1 1 100 1 10 8 1 10 12 1 1 10 12 1 10 12 1 1 10 12 1 1 8 1 11 7 12 1 1 10 12 11 12 1 1 11 7 12 1 1 1 11 7 12 1 1 11 12 1 1 7 1 11 12 1 10 12 1 8 1 10 12 1 1 8 1 8 1 8 1 8 1 11 12 1 10 12 1 1 10 12 1 10 12 1 8 1 10 12 1 1 8 1 9 12 1 8 1 10 7 12 1 1 8 1 7 1 9 7 12 1 1 1 10 12 1 7 1 9 12 10 9 12 7 1 10 12 9 12 1 1 8 1 10 12 1 1 8 1 9 12 1 10 7 12 1 1 10 12 1 10 12 1 1 11 7 12 1 1 10 12 10 7 12 1 1 1 9 12 1 1 100 1 100 1 8 1 10 12 1 1 10 12 1 8 1 8 1 10 8 1 8 1 8 1 8 1 8 1 10 8 1 10 7 12 1 1 1 10 7 12 1 1 1 10 12 1 1 7 1 10 10 12 1 10 12 1 9 12 1 1 1 1 1 1 1 1 1 1 1 1 100 1 1 100 1 1 1 1 1 1 1 1 1 1 3 1 1 1 1 1 1 1 1 1 1 1 1 1 1 1 1 1 1 1 1 1 1 1 1 1 1 1 1 1 1 1 1 1 1 1 1 1 1 1 1 1 1 1 1 1 1 1 1 1 1 1 100 1 1 1 1 1 1 1 1 1 1 1 1 1 1 1 1 1 1 1 1 1 1 1 1 1 100 1 100 1 1 1 1 1 1 1 1
staticfield java/lang/System in Ljava/io/InputStream; java/io/BufferedInputStream
staticfield java/lang/System out Ljava/io/PrintStream; org/fusesource/jansi/AnsiPrintStream
staticfield java/lang/System err Ljava/io/PrintStream; org/fusesource/jansi/AnsiPrintStream
instanceKlass java/security/Security$1
instanceKlass java/security/Provider
ciInstanceKlass java/util/Properties 1 1 690 10 7 12 1 1 1 100 1 10 7 12 1 1 7 1 10 12 1 9 12 1 1 9 12 1 1 9 12 1 1 10 7 12 1 1 1 10 12 1 1 8 1 10 7 12 1 1 1 7 1 10 12 1 10 12 1 1 8 1 10 12 1 7 1 10 12 10 12 1 1 9 12 1 1 10 12 1 1 7 1 10 12 1 10 12 1 10 12 1 1 100 1 8 1 10 12 1 10 12 1 10 12 1 1 10 12 1 100 1 3 10 10 7 12 1 1 1 10 12 1 10 12 1 1 8 1 10 12 1 10 12 1 1 8 1 10 7 12 1 1 10 12 1 1 10 12 1 10 12 1 1 100 1 10 12 1 10 12 1 1 7 1 9 7 12 1 1 1 10 12 1 10 12 1 1 10 12 1 1 10 12 1 1 7 1 9 12 1 1 7 1 7 1 10 12 1 7 1 11 7 12 1 1 1 11 12 1 1 11 7 12 1 1 1 11 7 12 1 1 1 11 12 1 1 11 12 1 11 12 1 10 12 1 1 8 1 10 12 1 10 7 12 1 1 10 12 1 7 1 10 10 12 1 10 12 1 100 1 10 10 12 1 1 10 100 12 1 1 9 100 12 1 1 10 12 1 1 10 100 12 1 1 1 100 1 100 1 100 1 10 8 1 8 1 10 12 1 10 12 1 10 12 1 1 10 10 12 1 1 10 12 1 1 7 1 10 10 12 1 11 7 12 1 1 10 7 12 1 1 1 8 1 10 100 12 1 1 11 11 7 1 8 1 10 100 1 11 10 12 1 10 10 12 1 10 12 1 1 10 12 1 1 10 12 1 1 10 12 1 10 12 1 10 10 12 1 10 12 1 10 12 1 10 10 12 1 1 10 12 1 1 10 10 12 1 10 12 1 10 12 1 10 12 1 10 12 1 1 10 12 1 1 10 12 1 10 12 1 10 12 1 1 10 12 10 12 1 1 10 12 1 1 10 12 1 10 12 1 1 10 12 1 1 10 12 10 11 12 1 4 11 10 12 1 1 10 100 12 1 1 11 12 1 10 12 1 1 10 100 12 1 1 10 12 1 100 1 8 1 10 12 1 10 10 100 12 1 1 1 100 1 6 0 10 12 1 1 11 100 12 1 1 1 10 12 1 10 12 1 1 1 1 1 5 0 1 1 1 1 1 1 1 1 1 1 1 1 1 1 1 1 1 1 1 1 1 1 1 1 1 1 1 1 1 1 1 1 1 1 1 1 1 1 1 100 1 1 1 1 1 1 1 1 1 1 1 1 1 1 1 1 1 1 1 1 100 1 1 1 1 1 1 1 1 1 1 1 1 100 1 100 1 1 1 1 1 100 1 1 1 1 1 1 1 1 1 1 1 1 1 1 1 1 1 1 1 1 1 1 1 1 1 1 1 1 1 1 1 1 1 1 1 1 1 1 1 1 1 1 1 1 1 1 1 1 1 1 1 1 1 1 1 1 1 1 1 1 1 1 1 1 1 1 1 1 1 1 1 1 1 1 1 1 1 100 1 1 1 1 1 1 1 1 1 1 1 100 1 1
staticfield java/util/Properties UNSAFE Ljdk/internal/misc/Unsafe; jdk/internal/misc/Unsafe
instanceKlass java/util/Hashtable
ciInstanceKlass java/util/Dictionary 1 1 36 10 7 12 1 1 1 100 1 1 1 1 1 1 1 1 1 1 1 1 1 1 1 1 1 1 1 1 1 1 1 1 1 1 1 1
instanceKlass java/util/Properties
ciInstanceKlass java/util/Hashtable 1 1 516 100 1 10 7 12 1 1 1 9 7 12 1 1 1 100 1 100 1 10 8 1 10 12 1 1 10 12 1 10 12 1 1 10 12 1 10 7 12 1 1 1 8 1 10 12 1 9 12 1 1 7 1 9 12 1 1 4 10 7 12 1 1 1 9 12 1 4 10 12 1 11 100 12 1 1 1 10 12 1 1 10 12 1 1 9 12 1 10 12 1 1 100 1 10 9 12 1 1 10 7 12 1 1 1 9 12 1 1 10 12 1 10 12 1 3 9 12 1 9 12 1 3 10 12 1 10 12 1 10 12 1 1 11 12 1 1 11 100 12 1 1 1 11 100 12 1 1 1 11 12 1 100 1 11 12 1 11 12 1 10 12 1 1 10 12 1 1 10 12 1 9 12 1 1 9 12 9 12 1 1 10 100 1 100 1 10 12 1 10 8 1 10 10 12 1 8 1 10 8 1 10 100 12 1 1 1 7 1 10 12 1 10 12 1 100 1 10 12 1 10 12 1 1 100 1 10 100 1 10 10 12 1 1 11 12 1 1 11 12 1 100 1 10 10 10 100 12 1 1 11 100 12 1 1 1 100 1 10 11 100 12 1 1 11 100 12 1 10 12 1 10 12 1 1 10 100 12 1 1 10 12 1 1 10 12 1 1 10 12 1 1 10 100 12 1 1 1 8 10 100 12 1 1 100 1 8 1 10 4 4 10 12 1 1 10 12 1 8 1 4 10 12 10 100 12 1 1 1 100 1 11 100 12 1 1 1 10 100 12 1 1 1 10 12 1 10 12 1 1 10 100 1 100 1 1 1 1 1 1 5 0 1 1 1 1 1 3 1 3 1 3 1 1 1 1 1 1 1 1 1 1 1 1 1 1 1 1 1 1 1 1 1 1 1 1 1 100 1 1 1 1 1 1 1 1 1 1 1 1 1 1 1 1 1 1 1 1 1 1 1 1 1 1 1 1 1 100 1 1 1 1 1 1 1 1 1 1 1 1 1 1 100 1 1 1 1 1 1 1 1 1 1 1 1 1 1 1 1 1 1 1 1 1 1 1 1 1 1 1 1 1 1 1 1 1 1 1 1 1 1 1 1 1 1 1 1 100 1 1 1 100 1 1 1 1 1 100 1 1 1 1 1 1 1 1 1 1 1 1 1 1 1 1 1 1
ciInstanceKlass java/util/Map 1 1 297 11 7 12 1 1 1 11 12 1 1 10 7 12 1 1 11 12 1 1 11 7 12 1 1 1 11 100 12 1 1 1 11 12 1 1 7 1 11 12 1 11 12 1 100 1 100 1 10 12 1 1 11 100 12 1 1 1 11 100 12 1 1 1 11 12 1 11 12 1 10 12 1 1 11 12 1 11 7 12 1 9 7 12 1 1 1 100 1 10 12 7 1 7 1 10 12 1 7 1 10 7 1 11 12 1 11 12 1 1 11 12 1 1 7 1 11 12 1 1 11 12 1 1 100 1 11 10 100 12 1 1 1 10 12 1 1 1 1 1 1 1 1 1 1 1 1 1 1 1 1 1 1 1 1 1 1 1 1 1 1 1 1 1 1 1 1 1 1 1 1 1 1 1 1 1 1 1 1 1 1 1 1 1 1 1 1 1 1 1 1 1 1 1 1 1 1 1 1 1 1 1 1 1 1 1 1 1 1 1 1 1 1 1 1 1 1 1 1 1 1 1 1 1 1 1 1 1 1 1 1 1 1 1 1 1 1 1 1 1 1 1 1 1 1 1 1 1 1 1 1 1 1 1 1 1 1 1 1 1 100 1 1 1 1 1 1 1 1 1 1 1 1 1 1 1 1 1 1 1 1 1 1 1 1 1 1 1 1 1 1 1 100 1 100 1 1
ciInstanceKlass java/lang/String 1 1 1518 10 7 12 1 1 1 8 1 9 7 12 1 1 1 9 12 1 1 9 12 1 1 9 12 1 1 10 12 1 10 12 1 1 10 12 1 1 9 12 1 10 7 12 1 1 1 10 12 1 1 10 12 1 10 7 12 1 1 1 10 12 1 1 10 12 1 1 10 12 1 10 12 1 1 10 12 1 10 7 12 1 1 1 7 1 9 7 12 1 1 1 10 12 1 1 9 7 12 1 1 10 12 1 9 7 12 1 1 10 12 1 10 12 1 1 10 12 1 10 7 12 1 1 1 10 12 1 10 12 1 1 10 12 1 1 10 7 12 1 1 1 10 12 1 1 10 12 10 12 1 1 3 10 12 1 1 7 1 11 12 1 1 11 12 1 11 12 1 1 10 7 12 1 1 1 10 12 1 1 9 7 12 1 1 1 10 12 1 1 10 12 1 11 12 1 10 12 1 1 100 1 100 1 10 12 1 10 7 12 1 1 1 10 12 1 10 12 1 10 12 1 1 10 12 1 10 12 1 10 12 10 12 1 100 1 100 1 100 1 10 10 12 1 1 10 12 1 10 12 1 10 12 1 1 10 12 1 1 10 100 12 1 1 100 1 11 10 7 12 1 1 11 12 1 11 12 1 10 12 1 10 12 1 10 12 10 12 1 1 10 10 7 12 1 1 1 10 7 12 1 1 10 12 1 1 10 7 12 1 1 10 12 1 10 12 1 1 10 12 1 1 10 12 1 10 12 1 10 12 1 10 12 1 1 10 12 1 10 12 1 1 10 12 1 1 10 12 1 1 10 7 12 1 1 1 10 12 1 10 12 1 100 1 10 12 1 1 10 12 1 1 10 12 1 3 3 10 12 1 100 1 10 12 1 1 10 12 1 1 10 12 1 1 10 12 1 1 10 12 1 1 10 12 1 10 12 1 1 10 12 1 1 10 12 1 10 12 1 10 12 1 10 12 1 1 10 12 1 10 12 1 10 12 1 10 12 1 10 12 1 10 12 1 10 10 12 1 100 1 10 8 1 10 12 1 1 10 12 1 8 1 10 12 1 1 100 1 10 10 12 1 1 10 8 1 10 12 1 10 10 12 10 12 1 1 10 12 1 1 7 1 5 0 100 1 8 1 10 10 12 1 1 5 0 5 0 5 0 10 12 1 1 10 100 1 10 12 1 10 12 1 10 12 1 10 10 12 1 1 10 12 1 10 12 1 10 12 1 10 12 1 10 12 1 10 12 1 1 10 12 1 1 10 12 1 1 10 10 12 1 1 10 10 12 1 100 1 10 9 100 12 1 1 1 11 100 12 1 1 1 10 12 1 1 10 12 1 1 10 7 1 10 12 1 10 12 1 10 7 12 1 1 1 10 12 1 10 12 1 1 10 12 1 11 7 1 11 12 10 12 1 10 12 1 1 9 12 1 1 11 7 12 1 1 1 10 12 1 1 10 10 12 1 10 12 1 9 12 1 10 12 10 10 12 1 10 12 1 1 10 10 12 1 10 12 1 10 12 1 1 10 12 1 1 10 10 12 1 1 10 10 7 12 1 1 1 10 12 1 10 12 1 10 12 10 10 12 10 10 12 1 10 12 1 10 10 12 10 12 1 1 10 12 10 10 12 10 12 1 10 12 10 12 10 10 12 1 10 12 1 1 10 12 1 10 10 12 1 10 7 12 1 1 1 10 12 1 1 10 10 7 12 1 1 1 11 10 12 1 10 12 1 1 10 12 1 1 10 7 12 1 1 1 10 12 1 10 12 1 10 12 1 10 12 1 10 12 1 10 12 1 100 1 10 10 12 1 10 12 1 1 8 1 10 12 1 3 3 10 12 1 10 12 1 1 10 12 7 1 10 10 12 1 1 10 12 10 12 1 10 12 1 10 12 1 1 10 12 1 1 11 7 12 1 1 1 7 1 10 12 1 10 12 1 1 8 1 10 12 1 10 12 1 11 7 12 1 1 1 11 7 12 1 1 11 12 1 10 12 1 10 12 1 1 10 10 7 12 1 1 1 10 12 1 10 12 1 10 10 12 10 12 1 1 10 10 12 1 10 10 12 1 10 10 12 1 10 10 12 1 10 12 1 1 10 10 12 1 8 1 10 12 1 1 18 12 1 1 11 100 12 1 1 1 3 18 12 1 18 12 1 8 1 10 100 12 1 1 1 11 12 1 1 10 12 10 10 12 1 10 11 12 1 1 10 12 1 1 11 12 1 18 3 11 10 11 11 10 12 1 10 12 1 1 8 1 10 12 1 10 12 1 10 12 1 1 10 12 1 11 100 12 1 100 1 100 1 10 12 100 1 10 10 100 12 1 1 1 100 1 10 7 1 10 10 12 1 10 10 12 1 8 1 10 10 12 1 8 1 8 1 10 12 1 10 12 1 10 10 12 10 100 12 1 1 10 7 12 1 1 10 100 12 1 1 8 1 10 12 1 10 12 1 10 9 12 1 10 12 9 7 12 1 1 1 10 12 1 10 12 1 10 12 1 10 12 10 12 1 10 12 1 8 1 10 100 12 1 1 1 10 12 10 12 1 1 10 12 10 12 10 12 7 1 9 12 1 1 7 1 10 7 1 10 100 1 100 1 100 1 100 1 1 1 1 1 1 5 0 1 1 1 1 1 3 1 3 1 1 1 1 1 1 1 1 1 1 1 1 1 1 1 100 1 1 1 1 1 1 1 1 1 1 1 1 1 1 1 1 1 1 1 1 1 1 1 1 1 1 1 1 1 1 1 100 1 1 1 1 1 1 1 1 1 1 1 1 1 1 1 1 1 1 1 1 1 1 1 1 1 1 1 1 1 1 1 1 100 1 100 1 1 1 1 1 1 1 1 1 1 1 1 1 1 1 1 1 1 1 1 1 1 1 1 1 1 1 1 1 1 1 1 1 1 1 1 1 1 1 1 1 1 1 1 1 1 1 1 1 1 1 1 1 1 1 1 1 1 1 1 1 1 1 1 1 1 100 1 1 1 1 1 1 1 1 1 1 1 1 1 1 1 1 1 1 1 1 1 1 1 1 1 1 1 1 1 1 1 1 1 1 1 1 1 1 1 1 1 1 1 1 1 1 1 1 1 1 1 1 1 1 1 1 1 1 1 1 1 1 1 1 1 1 1 1 1 1 1 1 1 1 1 1 1 1 1 1 1 1 1 1 1 1 1 1 1 1 1 1 1 1 1 1 1 1 1 1 1 1 1 1 1 1 1 1 1 100 1 1 1 1 1 1 1 1 1 1 1 1 1 1 1 1 1 1 1 1 1 1 1 100 1 1 1 1 1 1 1 1 1 1 1 1 1 1 1 100 1 1 1 1 1 1 1 1 1 1 1 1 1 1 1 16 15 10 12 16 15 10 12 15 10 12 15 10 12 15 10 100 12 1 1 1 1 100 1 1 1 1 1 100 1 100 1 1 1 1
staticfield java/lang/String COMPACT_STRINGS Z 1
staticfield java/lang/String serialPersistentFields [Ljava/io/ObjectStreamField; 0 [Ljava/io/ObjectStreamField;
staticfield java/lang/String CASE_INSENSITIVE_ORDER Ljava/util/Comparator; java/lang/String$CaseInsensitiveComparator
staticfield java/lang/String UNICODE_CASEFOLD_ORDER Ljava/util/Comparator; java/lang/String$FoldCaseComparator
ciInstanceKlass java/lang/Comparable 1 0 12 100 1 100 1 1 1 1 1 1 1 1
ciInstanceKlass java/lang/CharSequence 1 1 145 11 7 12 1 1 1 18 12 1 1 100 1 10 100 12 1 1 1 18 10 100 12 1 1 1 11 12 1 1 11 100 1 11 12 1 1 10 100 12 1 1 1 11 12 1 1 10 12 1 1 10 12 1 100 1 10 12 1 1 10 100 12 1 1 1 100 1 10 10 12 1 1 100 1 1 1 1 1 1 1 1 1 1 1 1 1 1 1 1 1 1 1 1 1 1 1 1 1 1 1 1 1 1 1 1 1 1 1 1 1 1 1 1 16 1 15 11 12 16 15 11 12 15 10 100 12 1 1 1 1 1 100 1 100 1 1 100 1 1 100 1 100 1 1
ciInstanceKlass java/lang/constant/Constable 1 0 11 100 1 100 1 1 1 1 1 1 1
ciInstanceKlass java/lang/constant/ConstantDesc 1 0 37 100 1 100 1 1 1 1 100 1 1 1 1 100 1 100 1 100 1 100 1 100 1 100 1 100 1 100 1 100 1 1 100 1 100 1 1
ciInstanceKlass java/lang/AutoCloseable 1 0 12 100 1 100 1 1 1 1 100 1 1 1
ciInstanceKlass java/io/Closeable 1 0 14 100 1 100 1 100 1 1 1 1 100 1 1 1
ciInstanceKlass java/lang/Appendable 1 0 14 100 1 100 1 1 1 1 100 1 1 1 1 1
ciInstanceKlass java/util/Iterator 1 1 53 100 1 8 1 10 12 1 1 10 7 12 1 1 1 11 7 12 1 1 1 11 12 1 1 11 7 12 1 1 1 100 1 1 1 1 1 1 1 1 1 1 1 1 1 1 1 1 1 1 1 1 1
instanceKlass jdk/nio/zipfs/ZipFileSystem$EntryInputStream
instanceKlass java/io/SequenceInputStream
instanceKlass org/apache/http/client/entity/LazyDecompressingInputStream
instanceKlass org/apache/http/conn/EofSensorInputStream
instanceKlass sun/nio/ch/NioSocketImpl$1
instanceKlass java/net/Socket$SocketInputStream
instanceKlass sun/security/ssl/SSLSocketImpl$AppInputStream
instanceKlass org/apache/http/impl/conn/LoggingInputStream
instanceKlass org/apache/http/impl/io/ContentLengthInputStream
instanceKlass org/apache/http/impl/io/EmptyInputStream
instanceKlass org/apache/http/impl/io/IdentityInputStream
instanceKlass org/apache/http/impl/io/ChunkedInputStream
instanceKlass org/apache/http/client/entity/DeflateInputStream
instanceKlass sun/nio/ch/ChannelInputStream
instanceKlass java/util/zip/ZipFile$ZipFileInputStream
instanceKlass java/io/FilterInputStream
instanceKlass java/io/FileInputStream
instanceKlass java/io/ByteArrayInputStream
ciInstanceKlass java/io/InputStream 1 1 197 100 1 10 7 12 1 1 1 100 1 10 10 7 12 1 1 1 10 7 12 1 1 1 10 12 1 100 1 100 1 3 10 12 1 1 100 1 8 1 10 12 1 10 7 12 1 1 1 3 100 1 8 1 10 10 7 12 1 1 1 7 1 10 11 7 12 1 1 1 10 12 1 1 11 12 1 1 11 7 12 1 1 1 11 12 1 1 7 1 10 7 12 1 1 1 5 0 10 12 1 10 12 1 1 100 1 10 8 1 10 8 1 8 1 10 12 1 1 10 100 12 1 1 1 100 1 5 0 10 12 1 100 1 100 1 1 1 1 3 1 3 1 1 1 1 1 1 1 1 1 1 1 1 1 1 1 1 1 1 1 1 1 1 1 1 1 1 1 1 1 1 1 1 1 1 1 1 1 1 1 1 1 1 1 1 1 1 1 1 1 1 1 1 1 1 1
ciInstanceKlass java/io/FileDescriptor 1 1 175 10 7 12 1 1 1 9 7 12 1 1 1 5 0 9 12 1 1 10 12 1 1 10 12 1 1 9 12 1 1 10 100 12 1 1 1 10 12 1 10 12 1 1 9 12 1 1 10 7 12 1 1 8 1 10 7 12 1 1 1 10 12 1 10 12 1 9 12 1 1 9 12 1 1 7 1 10 11 7 12 1 1 1 9 12 1 11 12 1 1 11 100 12 1 1 11 12 1 1 7 1 11 12 1 100 1 10 12 1 1 100 1 10 10 12 1 7 1 10 10 7 12 1 1 1 10 12 1 9 12 1 1 9 12 1 9 12 1 1 1 1 1 1 1 1 1 1 1 1 1 100 1 1 1 1 1 1 1 1 1 1 1 1 1 1 1 1 1 1 1 1 1 1 1
staticfield java/io/FileDescriptor in Ljava/io/FileDescriptor; java/io/FileDescriptor
staticfield java/io/FileDescriptor out Ljava/io/FileDescriptor; java/io/FileDescriptor
staticfield java/io/FileDescriptor err Ljava/io/FileDescriptor; java/io/FileDescriptor
instanceKlass lombok/javac/apt/LombokProcessor$1
instanceKlass lombok/launch/ShadowClassLoader
instanceKlass com/google/inject/internal/aop/ChildClassDefiner$ChildLoader
instanceKlass org/eclipse/sisu/space/CloningClassSpace$CloningClassLoader
instanceKlass java/security/SecureClassLoader
ciInstanceKlass java/lang/ClassLoader 1 1 1189 10 7 12 1 1 1 9 12 1 1 10 7 12 1 1 1 9 12 1 1 10 7 12 1 1 1 7 1 10 12 1 1 10 12 1 1 9 12 1 1 10 12 1 1 100 1 10 12 10 12 1 1 10 7 12 1 1 1 100 1 8 1 10 12 1 10 7 1 10 7 1 7 1 7 1 10 12 1 10 12 1 9 12 1 1 10 10 7 12 1 1 1 9 12 1 1 9 12 1 9 12 1 1 9 12 1 9 12 1 1 9 12 1 1 7 1 10 12 1 9 12 1 1 10 12 1 1 10 7 12 1 1 1 9 12 1 9 12 1 1 9 12 1 10 12 1 1 9 12 10 12 1 1 7 1 10 8 1 10 12 1 1 10 12 1 10 7 1 7 1 10 7 12 1 1 1 10 7 12 1 1 1 8 1 10 12 1 10 12 1 10 12 1 1 10 12 1 1 10 12 1 1 10 12 1 1 10 12 1 1 10 12 1 7 1 10 12 1 10 7 12 1 1 1 10 12 1 1 10 12 1 10 12 1 10 12 1 10 12 1 10 12 1 1 10 10 12 1 10 12 1 10 10 12 1 1 10 12 1 1 100 1 8 1 10 8 1 10 12 1 10 12 1 100 1 8 1 10 12 1 1 10 12 1 1 10 10 12 1 1 10 12 1 1 10 12 1 1 10 7 1 10 12 1 10 12 1 1 10 12 1 1 10 12 1 1 10 12 1 1 10 12 1 1 10 12 1 1 10 12 1 1 10 7 12 1 1 1 10 12 1 10 12 1 10 12 1 1 10 12 1 10 12 1 10 12 1 10 12 1 11 100 12 1 1 1 11 12 1 1 11 100 12 1 1 1 10 12 1 1 11 12 1 100 1 10 12 1 1 10 7 12 1 1 1 11 7 12 1 1 1 10 12 1 1 11 12 1 10 12 1 10 12 1 1 8 1 9 12 1 10 12 1 1 8 1 8 1 10 7 12 1 1 100 1 10 10 12 10 12 1 10 12 1 10 12 1 10 12 1 1 10 7 12 1 1 10 12 1 10 7 1 7 1 10 12 1 1 10 12 1 10 7 1 10 12 1 100 1 18 12 1 10 100 12 1 1 1 10 7 12 1 1 1 10 7 12 1 1 10 12 1 10 12 1 100 1 10 12 1 8 1 10 10 12 1 1 10 12 1 10 12 1 1 100 1 10 12 1 1 10 100 12 1 1 10 12 1 10 7 12 1 1 10 12 1 8 1 100 1 10 10 12 1 9 7 12 1 1 10 7 12 1 1 10 12 1 100 1 8 1 10 12 1 10 8 1 8 1 10 12 1 1 10 12 1 1 10 12 1 1 10 100 12 1 1 100 1 100 1 10 12 1 1 100 1 100 1 10 12 1 10 12 1 10 12 1 10 12 1 10 12 1 10 12 1 1 10 12 1 8 1 7 1 18 12 1 1 10 12 1 1 10 12 1 10 12 1 10 12 1 8 1 10 12 1 10 12 1 18 12 1 11 100 12 1 1 1 100 1 10 12 1 1 10 12 1 10 11 12 1 1 10 18 10 12 1 1 11 100 12 1 18 12 1 11 12 1 1 10 12 1 10 12 1 1 10 12 1 1 100 1 8 1 10 10 12 1 8 1 8 1 10 100 12 1 1 10 12 1 100 1 10 10 12 1 8 1 8 1 8 1 10 12 1 10 12 1 10 12 1 1 10 12 1 1 10 12 1 10 100 12 1 1 1 11 100 12 1 100 1 10 11 10 12 1 10 12 1 10 12 1 1 9 100 12 1 1 9 12 1 1 9 12 9 12 1 9 12 1 9 12 1 8 10 12 1 1 10 7 12 1 1 1 10 12 1 1 10 12 1 1 10 12 1 1 8 1 10 12 1 1 8 10 12 1 1 10 100 12 1 1 8 1 10 12 1 1 11 100 12 1 1 1 11 100 12 1 1 11 12 1 1 100 1 11 12 1 11 12 1 9 12 1 1 8 1 8 1 8 1 8 1 8 1 10 100 12 1 1 8 8 10 12 1 10 12 1 10 12 1 11 12 1 10 100 12 1 1 1 100 1 10 12 1 10 12 1 10 12 1 1 1 1 1 1 1 1 1 1 1 1 1 1 1 1 1 1 1 1 1 1 1 1 1 1 1 1 100 1 1 1 1 1 1 1 1 1 1 1 1 1 1 1 1 1 1 1 1 1 1 1 1 1 100 1 1 1 1 1 1 1 1 1 1 1 1 1 1 1 1 1 1 1 1 1 1 1 1 1 1 1 1 1 1 1 1 1 1 1 1 1 1 1 1 1 1 1 1 1 1 1 100 1 1 1 1 1 1 1 1 1 1 1 1 1 1 1 1 1 1 1 1 1 100 1 1 1 1 1 1 1 1 1 1 1 1 1 1 1 1 1 1 1 1 1 1 1 1 1 1 1 1 1 1 1 1 1 1 1 1 1 1 1 1 1 1 1 1 100 1 1 1 1 1 1 1 1 1 1 1 1 1 1 1 1 1 1 1 1 1 1 1 1 1 1 1 1 1 1 1 1 1 1 1 1 1 1 1 1 1 1 1 1 1 1 1 1 1 1 1 1 1 1 1 1 16 15 10 12 16 1 16 15 10 12 16 1 16 1 15 10 12 16 15 10 12 16 15 10 12 16 15 10 100 12 1 1 1 1 1 1 1 100 1 100 1 1
staticfield java/lang/ClassLoader nocerts [Ljava/security/cert/Certificate; 0 [Ljava/security/cert/Certificate;
staticfield java/lang/ClassLoader $assertionsDisabled Z 1
instanceKlass com/sun/tools/javac/file/BaseFileManager$1
instanceKlass org/apache/maven/shared/utils/logging/MessageUtils$1
instanceKlass java/util/concurrent/ForkJoinWorkerThread
instanceKlass java/util/concurrent/DelayScheduler
instanceKlass java/util/logging/LogManager$Cleaner
instanceKlass org/apache/maven/shared/utils/logging/MessageUtils$1
instanceKlass jdk/internal/misc/InnocuousThread
instanceKlass java/lang/ref/Finalizer$FinalizerThread
instanceKlass java/lang/ref/Reference$ReferenceHandler
instanceKlass java/lang/BaseVirtualThread
ciInstanceKlass java/lang/Thread 1 1 756 9 7 12 1 1 1 9 7 12 1 1 1 9 12 1 9 12 1 10 12 1 1 9 12 1 1 10 7 12 1 1 10 12 1 10 100 12 1 1 100 1 8 1 10 12 1 1 9 12 1 1 9 12 1 9 12 1 1 100 1 10 12 1 1 10 12 1 100 1 10 12 10 12 1 1 9 12 1 1 10 12 1 100 1 10 12 1 10 12 1 1 10 12 1 1 10 12 1 10 12 1 1 100 1 8 1 10 9 100 12 1 1 1 10 12 1 1 10 3 8 1 100 1 5 0 10 7 12 1 1 1 9 12 1 10 12 1 1 10 7 1 100 1 8 1 10 10 12 1 10 12 1 1 10 12 1 1 10 7 12 1 1 10 12 1 10 12 1 10 7 12 1 1 5 0 9 12 1 10 7 12 1 1 1 10 12 1 1 9 12 1 1 10 7 12 1 1 10 7 12 1 1 1 10 12 1 10 12 1 1 9 12 1 1 10 7 12 1 1 9 12 1 8 1 9 100 12 1 1 1 5 0 100 1 10 100 1 10 100 1 10 7 1 10 8 1 10 12 1 1 10 7 12 1 10 12 1 10 12 1 100 1 8 1 10 10 12 1 10 12 1 1 10 100 12 1 1 1 10 100 12 1 1 1 10 12 1 7 1 9 12 1 1 100 1 10 10 12 1 9 12 1 1 10 12 1 1 10 12 1 1 10 12 1 10 12 1 9 12 1 1 10 10 12 1 1 10 12 1 1 11 7 12 1 1 10 7 12 1 1 9 12 1 1 9 12 1 1 10 100 12 1 1 10 12 1 1 10 12 1 10 7 12 1 1 10 12 1 9 12 1 1 10 12 1 11 100 12 1 1 11 12 1 10 12 1 10 12 1 10 12 1 9 12 1 10 10 12 1 10 12 1 1 9 12 1 9 12 10 12 1 8 1 10 12 1 10 12 1 10 12 1 10 12 1 10 12 1 1 10 12 1 10 12 1 1 10 100 12 1 1 10 12 1 10 12 1 10 12 1 10 12 1 1 9 7 12 1 1 1 8 1 10 9 12 1 10 12 1 100 1 8 1 10 10 12 1 8 1 10 12 1 1 9 12 8 1 10 10 12 1 10 12 1 8 1 10 12 1 10 8 1 9 12 1 1 10 12 1 1 10 10 12 1 10 12 1 100 10 7 12 1 1 1 10 12 1 1 10 12 1 1 10 100 12 1 1 1 11 100 12 1 1 1 10 12 1 1 9 12 1 10 12 1 10 12 1 1 11 100 12 1 1 1 10 12 1 1 1 1 3 1 3 1 3 1 3 1 1 1 1 1 1 1 1 1 1 1 1 1 1 1 1 1 1 1 1 1 1 1 1 1 1 1 100 1 1 1 1 1 1 1 1 1 1 1 1 1 1 1 1 1 1 100 1 1 1 1 1 1 1 1 1 1 1 1 1 1 1 100 1 1 1 1 1 1 1 1 1 1 1 1 1 1 1 1 1 1 1 1 1 1 1 1 1 1 1 1 1 1 1 1 1 1 1 1 1 1 1 1 1 1 1 1 1 1 1 1 1 1 1 1 1 1 1 1 1 1 1 1 1 1 1 1 1 1 1 1 100 100 1 1 1 1 1 1 1 1 1 1 1 1 1 1 1 1 1 1 1 1 1 1 1 100 1 100 1 100 1 1 1 1 100 1 1 1 1 1 1 1 1 1 1 1 1
staticfield java/lang/Thread NEW_THREAD_BINDINGS Ljava/lang/Object; java/lang/Class
staticfield java/lang/Thread EMPTY_STACK_TRACE [Ljava/lang/StackTraceElement; 0 [Ljava/lang/StackTraceElement;
ciMethod java/lang/Thread terminatingThreadLocals ()Ljava/lang/ThreadLocal$ThreadLocalMap; 514 0 1904 0 0
ciMethod java/lang/Thread threadLocals ()Ljava/lang/ThreadLocal$ThreadLocalMap; 0 0 1 0 -1
ciMethod java/lang/Thread isInterrupted ()Z 258 0 129 0 -1
ciInstanceKlass java/lang/Runnable 1 0 11 100 1 100 1 1 1 1 1 1 1
ciInstanceKlass java/lang/System$1 1 1 638 10 7 12 1 1 1 10 7 12 1 1 1 10 12 1 1 10 12 1 1 10 12 1 1 10 12 1 1 10 12 1 1 10 12 1 1 10 12 1 10 12 1 1 10 12 1 1 10 12 1 1 7 1 10 12 1 10 7 12 1 1 1 10 12 1 1 10 100 12 1 1 1 10 12 1 10 7 12 1 1 1 10 12 1 1 10 12 1 1 10 12 1 1 10 12 1 1 7 1 10 12 1 10 12 1 10 12 1 1 10 12 1 10 12 1 1 10 12 1 10 12 1 10 12 1 10 12 1 10 12 1 1 10 12 1 1 10 12 1 10 12 1 1 10 7 12 1 1 1 10 12 1 10 12 1 1 10 12 1 10 12 1 10 12 1 1 10 12 1 10 12 1 10 12 1 1 10 12 1 10 12 1 1 10 12 1 10 7 12 1 1 1 10 12 1 1 10 7 12 1 1 1 10 12 1 1 10 7 12 1 1 1 10 12 1 1 10 12 1 1 10 12 1 1 10 7 12 1 1 1 10 12 1 1 10 12 1 1 9 7 12 1 1 1 9 12 1 1 10 100 12 1 1 1 10 12 1 1 10 7 12 1 1 1 7 1 10 12 1 9 12 1 1 10 12 1 1 10 12 1 1 10 12 1 1 10 12 1 1 10 12 1 1 10 12 1 1 10 12 1 1 10 12 1 1 10 12 1 1 10 12 1 1 10 12 1 10 7 12 1 1 10 12 1 1 10 12 1 10 12 1 10 12 1 1 10 12 1 10 12 1 1 10 12 1 1 10 100 12 1 1 1 100 1 10 12 1 100 1 10 10 12 1 1 10 12 1 10 12 1 1 10 100 12 1 1 1 10 12 1 1 8 1 10 12 1 1 10 12 1 1 100 1 100 1 1 1 1 1 1 1 1 1 1 1 1 1 1 1 1 1 1 1 1 1 1 1 1 1 1 1 1 1 1 1 1 1 1 1 1 1 1 1 1 1 1 1 1 1 1 1 1 1 1 1 1 1 1 1 1 1 1 1 1 1 1 1 1 1 1 1 1 1 1 1 1 1 1 1 1 1 1 1 1 1 1 1 1 1 1 1 1 1 1 1 1 1 1 1 1 1 1 1 1 1 1 1 1 1 1 1 1 1 1 1 1 1 1 1 1 1 1 1 1 1 1 1 1 1 1 1 1 1 1 100 1 1 1 1 1 1 1 1 1 1 1 1 1 1 1 1 1 1 1 1 1 1 1 1 1 1 1 1 1 1 1 1 1 1 1 1 1 1 1 1 1 1 1 1 1 1 1 1 1 1 1 1 1 1 1 1 1 1 1 1 1 1 1 1 1 1 1 1 1 1 1 1 1 1 1 1 1 1 1 1 1 1 1 1 1 1 1 1 1 1 1 1 1 1 1 1 1 1 1 1 1 12 1 1 1 1 100 1 1 100 1 1
ciMethod java/lang/System$1 getCarrierThreadLocal (Ljdk/internal/misc/CarrierThreadLocal;)Ljava/lang/Object; 514 0 29687 0 0
ciInstanceKlass jdk/internal/access/JavaLangAccess 1 0 207 100 1 100 1 1 1 1 1 1 1 1 1 1 1 1 1 1 1 1 1 1 1 1 1 1 1 1 1 1 1 1 1 1 1 1 1 1 1 1 1 1 1 1 100 1 1 1 1 1 1 1 1 1 1 1 1 1 1 1 1 1 1 1 1 1 1 1 1 1 1 1 1 1 1 1 1 1 1 1 1 1 1 1 1 1 1 1 1 1 1 1 1 1 1 1 1 1 1 1 1 1 1 1 1 1 1 1 1 100 1 1 1 1 1 1 1 1 1 1 1 1 1 1 1 1 1 1 1 1 1 1 1 1 1 1 1 1 1 1 1 1 1 1 1 1 1 1 1 1 1 1 1 1 1 1 1 1 1 1 1 1 1 1 1 1 1 1 1 1 1 1 1 1 1 1 1 1 1 1 1 1 1 1 1 1 1 1 1 1 1 1 1 1 1 1 1 1 1 1 1 1 100 1 100 1 1
ciMethod java/lang/System arraycopy (Ljava/lang/Object;ILjava/lang/Object;II)V 256 0 128 0 -1
ciInstanceKlass java/lang/Class 1 1 1658 10 7 12 1 1 1 10 7 12 1 1 9 12 1 1 9 12 1 1 9 12 1 1 9 12 1 1 9 12 1 1 9 12 1 10 12 1 1 8 1 10 12 1 8 1 8 1 10 12 1 1 10 7 12 1 1 1 10 12 1 7 1 10 10 12 1 10 12 1 1 10 12 1 1 10 12 1 1 10 7 12 1 1 10 12 1 10 12 1 10 12 1 1 10 12 1 8 1 10 12 1 8 1 10 12 1 8 1 8 1 10 12 1 1 10 7 12 1 1 1 18 12 1 1 11 7 12 1 1 1 8 1 8 1 8 1 10 7 12 1 1 1 11 12 1 1 8 1 10 12 1 10 10 12 1 1 10 12 1 8 1 10 12 1 1 8 1 10 12 1 10 12 1 1 11 100 12 1 1 1 11 100 12 1 1 1 11 8 1 18 8 1 10 12 1 10 7 12 1 1 10 12 1 1 10 12 1 1 10 7 12 1 1 1 10 12 1 1 10 12 1 1 10 7 12 1 1 1 10 7 12 1 1 1 10 7 12 1 10 12 1 1 10 7 1 10 12 1 8 1 10 8 1 8 1 8 1 8 1 8 1 8 1 8 1 8 1 9 100 12 1 1 9 100 1 9 100 1 9 100 1 9 100 1 9 100 1 9 100 1 9 100 1 9 7 1 9 12 1 1 7 1 8 1 10 12 10 12 1 1 100 1 10 12 1 1 10 7 12 1 1 1 10 7 12 1 1 1 7 1 7 1 10 10 12 1 1 10 12 1 1 100 1 10 100 12 1 1 1 10 12 1 1 10 12 1 1 10 12 9 12 1 1 10 12 1 9 12 1 1 9 12 1 1 10 12 1 1 10 7 1 10 12 1 10 12 1 1 10 9 12 1 10 12 1 8 1 10 12 1 1 10 12 1 1 10 12 1 10 12 1 10 12 1 1 9 7 12 1 1 1 10 12 1 10 7 12 1 1 10 12 1 10 12 1 10 12 1 10 12 1 9 100 12 1 1 1 9 12 1 10 12 1 10 12 1 1 9 12 1 1 10 7 10 12 1 1 10 100 12 1 1 10 12 1 10 10 100 12 1 1 1 11 100 12 1 1 9 12 1 11 12 1 1 10 12 1 10 12 1 1 10 7 1 10 10 12 1 1 10 12 1 1 10 12 1 10 10 12 1 1 100 1 8 1 10 10 12 1 1 10 12 1 100 1 11 12 1 10 12 1 1 10 12 1 10 12 1 10 12 1 1 8 1 10 12 1 8 1 9 12 1 10 12 1 10 12 1 10 12 1 10 12 100 1 9 12 1 10 12 1 9 12 1 10 12 1 10 12 1 10 12 1 10 10 12 1 10 12 1 10 12 1 10 12 1 10 12 1 10 12 1 7 1 10 10 12 1 10 12 1 11 12 1 10 12 1 1 10 12 1 1 10 12 1 1 10 12 1 1 10 12 1 1 10 12 1 1 7 1 10 10 12 1 1 10 12 1 1 10 12 1 1 10 10 12 1 10 12 1 1 10 12 1 1 10 12 1 1 10 12 1 1 10 12 10 12 1 1 10 7 12 1 1 1 10 12 1 10 12 1 1 10 12 1 10 7 12 1 1 10 12 1 1 10 10 12 1 1 100 1 10 10 12 1 1 10 100 12 1 1 1 100 1 100 1 10 12 1 1 10 12 1 10 10 12 1 1 10 12 1 10 12 1 10 12 1 10 100 12 1 1 1 11 7 12 1 1 10 12 1 10 12 1 9 7 12 1 1 8 1 10 12 1 10 12 1 10 12 1 10 12 1 1 9 12 1 9 12 1 1 10 7 12 1 1 9 12 1 10 12 1 1 10 10 12 1 10 7 12 1 1 1 10 7 12 1 1 1 10 7 12 1 1 9 12 1 1 10 12 1 9 12 1 10 12 1 1 10 12 1 10 12 1 1 9 12 1 1 9 12 1 10 12 1 10 12 1 1 9 12 1 7 1 10 10 12 1 1 7 1 10 7 11 7 1 9 12 1 1 9 12 1 10 12 1 9 12 1 1 9 12 1 10 12 1 10 12 1 1 9 12 1 7 1 10 10 12 1 1 10 10 12 1 10 12 10 10 12 1 10 12 1 1 10 12 1 8 10 7 8 1 18 8 1 8 1 10 12 1 9 12 1 9 12 1 1 10 12 1 7 1 7 1 10 12 1 9 12 1 1 10 10 12 1 9 12 1 8 1 10 12 1 10 10 12 1 1 100 1 100 1 9 12 1 100 1 8 1 10 10 7 12 1 1 1 10 12 11 7 12 1 1 1 10 12 1 10 12 1 1 10 8 1 10 12 1 8 1 10 12 1 1 9 7 12 1 1 11 12 7 1 11 7 12 1 1 9 12 1 10 100 12 1 1 1 10 7 12 1 1 10 12 1 1 9 12 1 9 10 12 1 1 10 12 1 1 10 12 1 1 10 12 1 1 10 12 1 1 11 12 1 11 12 1 1 11 7 12 1 1 11 12 1 7 1 11 12 1 10 7 12 1 1 1 10 12 1 11 12 1 10 7 12 1 1 1 10 12 1 10 7 12 1 1 1 11 12 1 11 12 1 1 10 12 1 10 12 1 1 9 12 1 1 10 12 1 10 7 12 1 1 1 10 12 1 1 10 12 1 10 12 1 10 12 1 10 7 12 1 1 1 10 12 1 8 1 10 12 1 10 12 1 10 12 1 8 1 8 1 10 7 12 1 1 10 100 12 1 1 100 1 10 12 10 7 12 1 1 1 10 7 12 1 1 1 10 12 1 1 10 12 1 18 12 1 1 11 12 1 1 18 11 12 1 18 12 1 11 12 1 10 12 1 10 12 1 7 1 8 1 8 1 10 10 12 10 12 1 8 1 10 12 1 7 1 9 12 1 1 100 1 100 1 100 1 100 1 1 1 3 1 3 1 3 1 1 1 1 1 1 1 1 1 5 0 1 1 1 1 1 1 1 1 1 1 1 1 1 1 1 1 1 1 1 1 1 1 1 1 1 1 1 1 1 100 1 1 1 1 1 1 1 1 1 1 1 100 1 1 1 1 1 1 1 1 1 1 1 1 1 1 1 1 1 1 1 1 1 1 1 1 1 1 1 1 1 1 1 1 1 1 1 1 100 1 1 1 1 1 1 1 1 1 1 1 1 1 1 1 1 1 1 1 1 1 1 1 1 1 1 1 1 1 1 100 1 1 1 1 1 1 1 1 1 1 1 1 1 1 1 1 1 1 1 1 1 1 1 1 1 1 1 1 1 1 1 1 1 1 1 1 1 1 1 1 1 1 1 1 1 1 1 1 1 1 1 1 1 1 1 1 1 1 1 100 1 100 1 1 1 1 1 1 1 1 1 1 1 1 1 1 1 1 1 1 1 1 1 1 1 1 1 1 1 1 1 1 1 1 1 1 1 1 1 1 1 1 1 1 1 1 1 1 1 1 1 1 1 1 1 1 1 1 1 1 1 1 1 1 1 1 1 1 1 1 1 1 1 1 1 1 1 1 1 1 1 1 1 1 1 1 1 1 1 1 1 1 1 1 1 1 1 1 1 1 1 1 1 1 1 1 1 1 1 1 1 1 1 1 1 1 1 1 1 1 1 1 1 1 16 15 10 12 16 15 11 12 16 1 15 10 12 16 16 15 10 12 16 15 16 1 15 10 12 16 15 10 7 12 1 1 1 1 1 100 1 1 1 1 1 1 1 1 100 1 1 100 1 100 1 1 100 1 100 1 1
staticfield java/lang/Class EMPTY_CLASS_ARRAY [Ljava/lang/Class; 0 [Ljava/lang/Class;
staticfield java/lang/Class serialPersistentFields [Ljava/io/ObjectStreamField; 0 [Ljava/io/ObjectStreamField;
ciInstanceKlass java/lang/reflect/AnnotatedElement 1 1 165 11 7 12 1 1 1 11 12 1 1 100 1 10 100 12 1 1 1 10 12 1 1 10 12 1 1 10 12 1 10 100 12 1 1 1 11 12 1 1 11 100 12 1 1 10 100 12 1 1 1 10 12 1 10 100 12 1 1 1 18 12 1 1 11 100 12 1 1 18 12 1 18 12 1 1 10 100 12 1 1 1 11 100 12 1 1 1 100 1 10 100 12 1 1 1 1 1 1 1 1 1 1 1 1 1 1 1 1 1 1 1 1 1 1 1 1 1 1 100 1 1 1 1 1 1 1 1 1 1 1 16 15 16 1 16 1 15 11 12 16 16 1 15 10 100 12 1 1 1 16 1 15 10 100 12 1 1 1 1 100 1 100 1 1
ciInstanceKlass java/lang/reflect/Type 1 1 17 11 100 12 1 1 1 100 1 1 1 1 1 1 1 1 1
ciInstanceKlass java/lang/invoke/TypeDescriptor 1 0 17 100 1 100 1 1 1 1 1 1 100 1 100 1 1 1 1
ciInstanceKlass java/lang/invoke/TypeDescriptor$OfField 1 0 21 100 1 100 1 100 1 1 1 1 1 1 1 1 1 1 1 1 1 1 1
ciInstanceKlass java/lang/reflect/GenericDeclaration 1 0 30 100 1 100 1 100 1 1 1 1 1 1 1 1 100 1 8 1 1 12 10 1 1 1 8 1 1 1 8 1
ciMethod java/lang/Class isPrimitive ()Z 260 0 130 0 0
ciMethod java/lang/Class getComponentType ()Ljava/lang/Class; 256 0 128 0 0
ciInstanceKlass java/lang/Module 1 1 1098 10 7 12 1 1 1 9 7 12 1 1 1 10 7 12 1 1 1 9 12 1 9 12 1 1 9 12 1 1 10 12 1 1 10 12 1 10 12 1 1 10 7 12 1 1 1 7 1 10 7 12 1 1 1 10 12 1 1 11 7 12 1 1 1 10 12 1 1 10 12 1 8 1 10 7 12 1 1 1 10 7 12 1 1 1 10 7 12 1 1 1 10 12 1 1 10 12 1 9 12 1 1 10 7 12 1 1 1 9 7 12 1 1 1 7 1 10 8 1 10 12 1 1 10 12 1 10 12 8 1 10 7 12 1 1 1 10 100 12 1 1 1 10 100 12 1 1 1 8 1 10 12 1 8 1 9 12 1 100 1 8 1 10 12 1 10 8 1 8 1 8 1 10 7 12 1 1 1 8 1 10 100 12 1 1 1 8 1 10 100 12 1 1 10 12 1 10 12 1 9 12 1 1 11 12 1 9 7 12 1 1 10 7 12 1 1 1 10 7 12 1 1 1 10 12 1 1 8 1 10 12 1 1 10 12 1 10 12 1 1 9 7 12 1 1 1 10 12 1 1 10 12 1 1 9 12 1 10 12 1 10 12 1 10 12 1 9 12 1 1 11 7 12 1 1 10 12 1 1 9 12 1 9 12 1 10 12 1 10 12 1 100 1 8 1 10 10 12 1 1 10 12 1 8 1 10 12 1 10 12 1 1 10 12 1 10 12 1 1 8 1 8 1 10 12 1 1 10 12 1 10 12 1 1 18 12 1 1 10 12 1 1 11 12 1 9 12 1 11 12 7 1 10 12 1 18 12 1 11 12 1 1 11 12 1 1 11 12 1 10 12 1 1 10 12 1 1 9 12 1 10 12 10 7 12 1 1 10 7 1 18 12 1 1 11 100 12 1 1 1 18 12 1 11 12 1 1 10 100 12 1 1 1 11 12 1 1 10 7 12 1 1 11 12 1 1 10 12 1 1 7 1 11 12 1 7 1 7 1 10 12 1 10 7 12 1 1 1 10 7 12 1 1 1 10 11 7 12 1 8 1 10 12 1 10 12 1 1 10 7 12 1 1 10 12 1 10 12 1 7 1 10 12 1 10 11 12 1 10 12 11 12 1 1 11 7 12 1 1 11 12 1 1 10 12 1 1 9 12 1 1 100 1 10 10 12 1 1 11 100 1 10 12 1 1 11 12 1 10 11 10 12 1 11 10 12 1 1 10 12 1 1 10 12 1 1 10 7 12 1 1 10 12 1 10 12 1 1 10 10 12 1 1 10 12 1 18 12 1 11 12 1 18 12 1 10 12 1 10 12 1 10 12 7 1 10 12 1 10 12 1 10 12 1 9 12 1 7 1 10 10 10 10 12 1 10 12 1 10 12 1 10 12 1 1 10 12 1 1 10 12 1 9 12 1 10 12 1 100 1 8 1 10 12 1 1 10 12 1 10 100 12 1 1 100 1 10 12 1 1 100 1 8 1 100 1 9 100 12 1 1 1 11 100 12 1 1 10 12 1 1 11 12 1 1 18 12 1 1 11 12 1 1 100 1 10 12 1 10 12 1 1 100 1 100 1 10 12 8 1 10 12 1 1 10 12 1 1 10 7 12 1 1 10 12 1 1 10 12 1 10 12 10 12 1 1 7 1 10 10 12 1 1 10 100 12 1 1 1 100 1 10 7 12 1 1 1 10 7 12 1 1 8 1 18 12 1 1 100 1 100 1 9 12 1 1 9 12 1 9 12 1 11 100 12 1 1 1 100 1 11 12 1 1 100 1 10 12 1 8 1 10 12 1 10 12 10 12 1 8 1 10 10 100 12 1 1 10 12 1 1 7 1 10 10 12 1 10 7 12 1 1 9 12 1 9 12 1 9 12 1 9 12 1 9 12 1 10 12 10 12 1 100 1 1 1 1 1 1 1 1 1 1 1 1 1 1 1 1 1 1 1 1 1 1 1 1 1 1 1 1 1 1 1 1 1 1 1 1 1 1 1 1 1 1 1 1 1 1 1 1 1 1 1 1 1 1 1 1 1 1 1 1 1 1 1 1 1 1 1 1 1 1 1 1 1 1 1 1 1 1 1 1 1 1 1 1 1 1 1 1 1 1 1 1 1 1 1 1 1 1 1 1 1 1 1 1 1 1 1 1 1 1 1 100 100 1 1 1 1 1 1 1 1 1 1 1 1 1 1 1 1 1 1 1 1 1 1 1 1 1 1 100 1 7 1 1 1 1 1 1 1 1 1 1 1 1 1 1 1 1 1 1 100 1 1 1 1 1 1 1 1 1 1 1 1 1 1 1 1 1 1 1 1 1 1 1 1 1 1 1 16 15 10 12 16 15 10 12 16 1 16 15 10 12 16 16 15 10 16 1 15 10 12 16 1 15 10 12 16 1 16 1 15 10 12 16 15 10 7 12 1 1 1 15 10 100 12 1 1 1 1 1 1 1 1 1 1 1 1 1 1 100 1 100 1 1
staticfield java/lang/Module ALL_UNNAMED_MODULE Ljava/lang/Module; java/lang/Module
staticfield java/lang/Module ALL_UNNAMED_MODULE_SET Ljava/util/Set; java/util/ImmutableCollections$Set12
staticfield java/lang/Module EVERYONE_MODULE Ljava/lang/Module; java/lang/Module
staticfield java/lang/Module EVERYONE_SET Ljava/util/Set; java/util/ImmutableCollections$Set12
staticfield java/lang/Module $assertionsDisabled Z 1
ciInstanceKlass java/lang/Math 1 1 480 7 1 7 1 10 100 12 1 1 1 10 7 12 1 1 1 10 12 1 10 12 1 10 12 1 10 12 1 10 12 1 6 0 6 0 10 12 1 10 12 1 10 12 1 10 12 1 10 12 1 10 12 1 1 10 12 1 10 12 1 10 12 1 10 12 1 10 12 1 10 7 12 1 1 1 100 1 3 3 3 10 12 1 1 100 1 5 0 5 0 5 0 5 0 5 0 9 100 12 1 1 1 10 100 12 1 1 1 100 1 8 1 10 12 1 8 1 10 12 1 1 10 12 1 1 100 1 5 0 5 0 100 1 3 5 0 3 5 0 10 12 1 10 12 1 10 12 1 10 12 1 10 12 1 8 1 10 12 1 8 1 10 12 1 1 10 12 1 1 9 12 1 1 9 12 1 100 1 100 1 10 10 12 1 1 8 1 10 12 1 10 12 1 1 10 10 12 1 10 12 1 10 12 1 10 12 1 1 8 1 8 1 10 12 1 1 10 12 1 10 12 10 12 10 12 1 10 12 1 10 12 1 10 12 1 10 12 6 0 10 12 1 9 12 1 1 100 1 10 10 12 1 100 1 10 12 1 10 12 1 1 10 12 1 10 12 1 10 12 10 12 1 1 10 12 1 1 10 12 1 1 10 12 6 0 10 12 1 1 10 12 10 12 1 4 10 12 1 10 12 1 10 12 10 12 1 10 12 1 10 12 1 10 12 1 10 12 1 10 12 1 5 0 6 0 4 6 0 4 6 0 4 10 12 1 6 0 6 0 10 12 1 10 12 8 1 10 12 1 10 12 1 8 1 8 1 10 12 10 12 10 7 12 1 1 1 4 6 0 1 1 1 6 0 1 6 0 1 6 0 1 1 1 1 1 1 1 1 1 1 1 1 1 1 1 1 1 1 1 1 1 1 1 1 1 1 1 1 1 1 1 1 1 1 1 1 1 1 1 1 1 1 1 1 1 1 1 1 1 1 1 1 1 1 1 1 1 1 1 1 1 1 1 1 1 1 1 1 1 1 1 1 1 1 1 1 1 1 1 1 1 1 1 1 1 1 1 1 1 1 1 1 1 1 1 1 1 1 1
staticfield java/lang/Math negativeZeroFloatBits J -2147483648
staticfield java/lang/Math negativeZeroDoubleBits J -9223372036854775808
staticfield java/lang/Math $assertionsDisabled Z 1
ciInstanceKlass jdk/internal/misc/Unsafe 1 1 1272 10 7 12 1 1 1 10 7 12 1 1 9 12 1 1 9 12 1 1 10 12 1 1 10 7 12 1 1 1 10 12 1 1 10 12 1 1 10 12 1 1 10 12 1 1 10 12 1 1 10 12 1 1 10 12 1 1 10 12 1 1 10 12 1 1 10 12 1 1 10 12 1 1 10 12 1 1 10 12 1 1 10 12 1 10 12 1 100 1 10 10 12 1 1 10 12 1 1 5 0 10 12 1 1 10 12 1 1 10 7 12 1 1 1 10 12 1 1 10 12 1 10 12 1 10 12 1 1 10 12 1 1 10 12 1 10 12 1 100 1 100 1 10 8 1 10 12 1 1 10 12 1 8 1 10 12 1 1 10 12 1 10 12 1 10 12 1 1 10 12 1 10 12 1 1 10 12 1 1 10 12 1 10 12 1 10 12 1 10 12 1 1 10 12 1 10 12 1 10 12 1 1 10 12 1 5 0 5 0 5 0 10 12 1 10 12 1 10 12 1 10 12 1 10 12 1 10 12 1 10 12 1 10 12 1 10 12 1 1 10 12 1 10 12 1 100 1 8 1 10 100 1 10 10 12 1 1 10 12 1 1 8 1 8 1 8 1 100 1 8 1 10 12 1 10 100 12 1 1 1 10 10 12 1 10 12 1 1 10 12 1 1 10 12 1 10 12 1 1 10 12 1 9 7 12 1 1 9 12 1 100 1 10 10 12 1 1 8 1 10 8 1 8 1 10 12 1 1 9 7 12 1 1 1 9 100 1 9 7 1 9 7 1 9 9 100 1 9 7 1 9 100 1 10 12 1 1 10 12 1 1 10 12 1 1 10 12 1 1 5 0 5 0 9 12 1 1 10 12 1 10 12 1 10 12 1 1 10 12 1 1 10 12 1 8 1 3 10 12 1 1 10 12 1 1 10 12 1 10 12 1 1 10 12 1 1 10 12 1 10 12 1 10 12 1 10 12 1 10 12 1 10 12 1 1 10 12 1 1 10 12 1 10 12 1 10 12 1 10 12 1 10 12 1 10 12 1 1 10 12 1 1 10 12 1 10 12 1 10 12 1 10 12 1 10 12 1 10 12 1 1 10 12 1 1 10 12 1 1 10 12 1 1 10 12 1 10 12 1 10 12 1 10 12 1 10 12 1 10 12 1 10 12 1 1 10 12 1 1 10 12 1 10 12 1 10 12 1 10 12 1 10 12 1 10 12 1 10 12 1 1 10 12 1 1 10 12 1 10 12 1 10 12 1 10 12 1 10 12 1 10 12 1 10 12 1 10 12 1 1 10 12 1 10 12 1 10 12 1 10 12 1 10 12 1 1 10 12 1 10 12 1 10 12 1 10 12 1 10 12 1 10 12 1 10 12 1 10 12 1 1 10 12 1 10 12 1 10 12 1 10 12 1 10 12 1 10 12 1 1 10 12 1 10 12 1 10 12 1 1 10 12 1 10 12 1 10 12 1 10 12 1 10 12 1 10 12 1 10 12 1 10 12 1 10 12 1 10 12 1 10 12 1 10 12 1 10 12 1 10 12 1 10 12 1 10 12 1 10 12 1 10 12 1 10 12 1 10 12 1 10 12 1 10 12 1 10 12 1 100 1 10 100 1 10 9 12 1 5 0 10 12 1 1 5 0 10 12 1 5 0 10 12 1 10 12 1 10 12 1 1 10 12 1 1 10 12 1 10 12 1 10 12 1 10 12 1 1 10 12 1 10 12 1 10 12 1 10 12 1 10 12 1 1 10 12 1 10 12 1 10 12 1 10 12 1 1 10 12 1 10 12 1 10 12 1 1 10 12 1 10 12 1 10 12 1 10 12 1 1 10 12 1 10 10 12 1 1 10 12 1 10 12 1 1 10 12 1 10 12 5 0 5 0 5 0 10 12 1 1 10 12 1 10 12 1 10 12 10 100 12 1 1 8 1 100 1 11 12 1 1 8 1 11 12 1 1 11 100 12 1 1 10 12 1 10 7 1 10 12 1 1 9 12 1 1 7 1 9 12 1 7 1 9 12 1 7 1 9 12 1 7 1 9 12 1 7 1 9 12 1 7 1 9 12 1 7 1 9 12 1 7 1 9 12 1 10 12 1 9 12 1 9 12 1 9 12 1 9 12 1 9 12 1 9 12 1 9 12 1 9 12 1 9 12 1 9 12 1 1 1 5 0 1 1 1 1 1 1 1 1 1 1 1 1 1 1 1 1 1 1 1 1 1 1 1 1 1 1 1 1 1 1 1 1 1 1 1 1 1 1 1 1 1 1 1 1 1 1 1 1 1 1 1 1 1 1 1 1 1 1 1 1 1 1 1 1 1 1 1 1 1 1 1 1 1 1 1 1 1 1 1 1 1 1 1 1 1 1 1 1 1 1 1 1 1 100 1 1 1 1 1 1 1 1 1 1 1 1 1 1 1 1 1 1 1 1 1 1 1 1 1 1 1 1 1 1 1 1 1 1 1 1 1 1 1 1 1 1 1 1 1 1 1 1 1 1 1 1 1 1 1 1 1 1 1 1 1 1 1 1 1 1 1 1 1 1 1 1 1 1 1 1 1 1 1 1 1 1 1 1 1 1 1 1 1 1 1 1 1 1 1 1 1 1 1 1 1 1 1 1 1 1 1 1 1 1 1 1 1 1 1 1 1 1 1 1 1 1 1 1 1 1 1 1 1 1 1 1 1 1 1 1 1 1 1 1 1 1 1 1 1 1 1 1 1 1 1 1 1 1 1 1 1 1 1 1 1 1 1 1 1 1 1 1 1 1 1 1 1 1 1 1 1 1 1 1 1 1 1 1 1 1 1 1 1 1 1 1 1 1 1 1 1 1 1 1 1 1 1 1 1 1 1 1 1 1 1 1 1 1
staticfield jdk/internal/misc/Unsafe theUnsafe Ljdk/internal/misc/Unsafe; jdk/internal/misc/Unsafe
staticfield jdk/internal/misc/Unsafe ARRAY_BOOLEAN_BASE_OFFSET J 16
staticfield jdk/internal/misc/Unsafe ARRAY_BYTE_BASE_OFFSET J 16
staticfield jdk/internal/misc/Unsafe ARRAY_SHORT_BASE_OFFSET J 16
staticfield jdk/internal/misc/Unsafe ARRAY_CHAR_BASE_OFFSET J 16
staticfield jdk/internal/misc/Unsafe ARRAY_INT_BASE_OFFSET J 16
staticfield jdk/internal/misc/Unsafe ARRAY_LONG_BASE_OFFSET J 16
staticfield jdk/internal/misc/Unsafe ARRAY_FLOAT_BASE_OFFSET J 16
staticfield jdk/internal/misc/Unsafe ARRAY_DOUBLE_BASE_OFFSET J 16
staticfield jdk/internal/misc/Unsafe ARRAY_OBJECT_BASE_OFFSET J 16
staticfield jdk/internal/misc/Unsafe ARRAY_BOOLEAN_INDEX_SCALE I 1
staticfield jdk/internal/misc/Unsafe ARRAY_BYTE_INDEX_SCALE I 1
staticfield jdk/internal/misc/Unsafe ARRAY_SHORT_INDEX_SCALE I 2
staticfield jdk/internal/misc/Unsafe ARRAY_CHAR_INDEX_SCALE I 2
staticfield jdk/internal/misc/Unsafe ARRAY_INT_INDEX_SCALE I 4
staticfield jdk/internal/misc/Unsafe ARRAY_LONG_INDEX_SCALE I 8
staticfield jdk/internal/misc/Unsafe ARRAY_FLOAT_INDEX_SCALE I 4
staticfield jdk/internal/misc/Unsafe ARRAY_DOUBLE_INDEX_SCALE I 8
staticfield jdk/internal/misc/Unsafe ARRAY_OBJECT_INDEX_SCALE I 4
staticfield jdk/internal/misc/Unsafe ADDRESS_SIZE I 8
ciInstanceKlass java/lang/Thread$FieldHolder 1 1 55 10 7 12 1 1 1 9 7 12 1 1 1 9 12 1 1 9 12 1 1 9 12 1 1 9 12 1 1 1 1 1 1 1 1 1 1 1 1 100 1 100 1 1 1 1 100 1 1 1 100 1 100 1 1
ciInstanceKlass java/lang/Thread$Constants 0 0 47 100 1 10 100 12 1 1 1 10 12 1 1 10 12 1 1 10 100 12 1 1 8 1 10 12 1 9 100 12 1 1 1 1 1 1 1 1 1 1 1 1 1 1 1 1 1
ciInstanceKlass java/lang/ThreadGroup 1 1 380 10 7 12 1 1 1 9 7 12 1 1 1 8 1 9 12 1 1 100 1 9 12 1 1 9 12 1 1 10 7 12 1 1 1 10 12 1 1 10 12 1 10 12 1 1 10 12 1 1 10 12 1 10 12 1 10 12 1 10 100 12 1 1 1 10 12 1 1 18 12 1 1 11 100 12 1 1 1 10 12 1 1 10 12 1 1 10 12 1 1 10 100 12 1 1 1 10 12 1 11 12 1 1 11 100 12 1 1 11 12 1 1 10 12 1 1 10 12 1 10 12 1 11 12 1 11 12 1 1 10 12 1 100 1 10 18 12 1 1 11 100 12 1 1 1 11 12 1 1 9 100 12 1 1 1 10 12 1 1 8 1 10 100 12 1 1 1 10 100 12 1 1 1 10 12 1 1 11 12 10 12 1 1 10 12 1 1 11 100 1 9 12 1 100 1 10 8 1 10 12 1 1 10 12 1 1 8 1 10 12 1 10 100 12 1 1 1 10 12 1 1 10 7 1 8 1 10 8 1 10 12 1 10 12 1 8 1 9 12 1 1 9 12 1 10 100 12 1 1 1 100 9 12 1 1 7 1 9 12 1 10 12 10 12 1 1 100 10 12 9 12 1 10 12 1 100 1 10 100 1 10 10 12 1 10 12 1 1 1 1 1 1 1 1 1 1 1 1 1 1 1 1 3 1 1 1 1 1 1 1 1 1 1 1 100 1 1 1 1 1 1 1 1 1 1 1 1 1 1 1 1 1 1 1 1 1 1 1 1 1 1 1 1 1 1 1 1 1 1 1 1 1 1 1 1 16 15 10 12 16 16 15 10 12 16 15 10 100 12 1 1 1 1 1 100 1 100 1 1
staticfield java/lang/ThreadGroup $assertionsDisabled Z 1
ciInstanceKlass java/lang/Thread$UncaughtExceptionHandler 1 0 16 100 1 100 1 1 1 1 1 1 1 1 100 1 1 1
instanceKlass java/lang/ThreadBuilders$BoundVirtualThread
instanceKlass java/lang/VirtualThread
ciInstanceKlass java/lang/BaseVirtualThread 0 0 36 10 100 12 1 1 1 100 1 1 1 1 1 1 1 1 1 1 1 1 1 1 1 1 1 1 1 1 100 1 100 1 1 100 1 1
ciInstanceKlass java/lang/VirtualThread 0 0 941 9 100 12 1 1 1 9 12 1 1 10 100 12 1 1 1 10 100 12 1 1 1 10 100 12 1 1 1 9 12 1 1 100 1 10 12 1 9 12 1 1 18 12 1 1 9 12 1 1 10 12 1 1 100 1 10 12 1 10 12 1 1 10 12 1 1 10 12 1 10 12 1 1 9 12 1 1 10 12 1 10 100 12 1 10 12 1 10 12 1 10 12 1 10 12 1 9 12 1 1 11 100 12 1 1 1 100 1 10 100 12 1 1 1 10 12 1 1 11 100 12 1 1 1 10 10 12 1 10 12 1 10 12 1 100 1 10 12 1 1 100 1 9 12 1 1 5 0 10 100 12 1 1 1 9 12 1 100 1 100 1 10 10 12 1 10 12 1 1 10 12 1 10 12 1 1 10 12 1 10 12 10 12 1 100 1 10 10 12 1 10 12 1 1 9 12 1 1 10 12 1 1 9 12 1 1 10 12 1 9 12 1 10 100 12 1 1 10 9 10 10 12 1 1 10 12 1 1 10 100 12 1 1 10 100 1 10 9 10 100 1 10 12 1 1 10 12 1 10 10 12 1 1 9 12 1 10 12 1 10 12 1 9 12 1 1 10 12 1 10 12 1 10 12 1 1 9 12 1 1 10 12 1 10 12 1 1 10 12 1 10 12 1 1 9 12 1 18 9 100 12 1 1 1 10 12 1 1 9 12 1 10 12 1 10 12 1 1 9 12 1 10 12 1 9 12 1 1 18 12 1 9 12 1 9 12 1 10 12 9 12 1 1 10 100 12 1 1 10 12 1 10 12 1 1 10 100 12 1 1 10 12 1 100 1 8 1 10 12 1 10 12 1 1 10 12 1 10 12 1 10 12 1 10 100 12 1 1 10 12 1 10 12 1 10 12 1 10 12 1 10 100 12 1 1 8 1 10 12 1 10 12 1 10 12 1 10 12 1 1 10 12 1 10 12 10 12 10 12 1 100 1 10 10 12 1 10 12 1 1 10 12 1 1 10 12 1 10 12 1 10 12 1 1 10 12 1 1 11 100 12 1 1 11 12 1 10 12 9 100 12 1 1 1 9 12 1 10 12 1 1 9 12 1 9 12 1 9 12 1 9 12 1 100 1 10 10 12 1 1 10 12 1 100 1 100 1 10 8 1 10 12 1 1 10 12 1 10 12 1 10 10 12 1 8 1 10 10 12 1 10 12 1 10 100 12 1 1 8 1 8 1 10 12 1 1 10 10 9 100 12 1 1 1 10 12 1 1 10 12 1 10 10 12 9 12 1 10 12 1 1 10 12 1 9 12 1 10 12 1 1 9 12 1 10 12 1 1 9 12 1 10 12 1 1 18 12 1 1 8 1 10 12 1 1 8 1 8 1 10 100 12 1 1 1 10 100 12 1 1 1 10 12 1 10 12 1 1 10 12 1 18 12 1 1 18 12 1 1 5 0 9 12 1 10 12 1 10 12 1 10 100 1 10 12 1 1 9 12 1 9 12 1 1 10 12 1 1 10 12 1 10 12 10 12 1 1 10 100 12 1 1 10 12 1 1 100 1 8 1 10 10 12 1 8 10 12 1 1 8 8 9 12 1 8 8 10 12 1 10 12 1 1 8 1 18 12 1 10 100 12 1 1 10 12 1 10 12 1 3 1 3 1 3 1 3 1 3 1 3 1 3 1 3 1 3 1 3 1 3 1 3 1 3 3 1 3 3 1 3 3 1 3 3 1 3 1 1 1 1 1 1 1 1 1 1 1 1 1 1 1 1 1 100 1 1 1 1 1 1 1 1 1 1 1 1 1 1 1 1 1 1 1 1 1 100 1 1 1 1 1 1 1 1 1 1 1 1 1 1 1 1 1 1 1 1 1 1 1 1 1 1 1 1 1 1 1 1 1 1 100 1 1 1 1 1 1 1 1 1 1 1 1 1 1 1 1 1 1 1 1 1 1 1 1 1 1 1 100 1 1 1 1 1 1 1 1 1 1 1 1 1 1 1 1 1 1 1 1 1 1 100 1 1 16 15 10 12 15 10 12 15 10 12 16 15 10 12 16 15 10 12 16 15 10 12 16 15 10 12 15 10 100 12 1 1 1 1 1 1 1 100 1 1 1 100 1 100 1 1
ciInstanceKlass java/lang/ThreadBuilders$BoundVirtualThread 0 0 132 10 100 12 1 1 1 9 100 12 1 1 1 10 100 12 1 1 1 9 12 1 1 10 12 1 1 10 12 1 1 9 12 1 1 10 100 12 1 1 1 10 12 1 1 100 1 8 1 10 12 1 10 12 1 1 10 12 1 1 10 12 1 1 10 100 12 1 1 1 8 1 10 12 1 8 1 10 12 1 1 10 100 12 1 1 9 100 12 1 1 1 10 12 1 1 10 10 12 1 1 1 1 1 1 1 1 1 1 1 1 1 1 1 1 1 1 1 1 1 1 1 1 1 1 1 1 100 1 1 1 1
instanceKlass lombok/javac/handlers/HandleDelegate$DelegateRecursion
instanceKlass org/apache/maven/artifact/repository/metadata/RepositoryMetadataDeploymentException
instanceKlass org/apache/maven/artifact/repository/metadata/RepositoryMetadataInstallationException
instanceKlass java/lang/Exception
instanceKlass java/lang/Error
ciInstanceKlass java/lang/Throwable 1 1 403 10 7 12 1 1 1 9 7 12 1 1 1 9 12 1 1 9 12 1 9 12 1 1 9 12 1 10 12 1 1 9 12 1 1 10 12 1 1 10 100 12 1 1 1 9 12 1 1 10 12 1 1 10 12 1 100 1 100 1 10 8 1 10 12 1 1 8 1 10 100 12 1 1 10 10 12 1 100 1 8 1 10 10 7 12 1 1 10 12 1 8 1 9 100 12 1 1 1 10 12 1 1 100 1 10 12 10 12 1 100 1 10 10 7 12 1 1 1 11 100 12 1 1 1 10 100 12 1 1 1 10 12 1 1 10 12 1 1 8 1 10 12 1 10 12 1 1 8 1 8 1 10 12 1 1 10 12 1 8 1 8 1 9 12 1 10 100 12 1 1 100 1 10 11 12 1 8 1 8 1 10 7 12 1 1 8 1 10 12 1 8 1 100 1 10 12 1 9 12 1 1 10 12 1 10 7 12 1 9 12 1 1 10 12 1 1 100 1 8 1 10 12 1 10 100 12 1 1 10 12 1 1 100 1 10 100 12 1 1 1 10 12 1 11 100 12 1 1 1 11 100 12 1 1 1 11 12 1 8 1 10 12 1 1 8 1 10 10 9 100 12 1 1 1 8 1 10 12 1 1 11 10 100 1 8 1 10 11 12 1 1 8 1 9 12 1 10 100 12 1 1 11 9 12 1 1 11 12 1 1 100 10 12 1 10 12 1 1 100 1 1 1 1 5 0 1 1 1 1 1 1 1 1 1 1 1 1 100 1 1 1 1 1 1 1 1 1 1 1 1 1 1 1 1 1 1 1 1 1 1 1 1 1 1 1 1 1 1 1 1 1 1 1 1 1 1 1 1 1 1 1 100 1 100 1 1 1 1 1 1 1 1 1 1 1 1 1 1 1 1 1 1
staticfield java/lang/Throwable UNASSIGNED_STACK [Ljava/lang/StackTraceElement; 0 [Ljava/lang/StackTraceElement;
staticfield java/lang/Throwable SUPPRESSED_SENTINEL Ljava/util/List; java/util/Collections$EmptyList
staticfield java/lang/Throwable EMPTY_THROWABLE_ARRAY [Ljava/lang/Throwable; 0 [Ljava/lang/Throwable;
staticfield java/lang/Throwable $assertionsDisabled Z 1
ciInstanceKlass jdk/internal/vm/ContinuationScope 0 0 50 10 100 12 1 1 1 10 100 12 1 1 1 100 1 9 100 12 1 1 1 10 12 1 1 10 100 12 1 1 1 10 12 1 1 10 12 1 1 1 1 1 1 1 1 1 1 1 1 1
ciInstanceKlass jdk/internal/vm/StackChunk 1 1 32 10 100 12 1 1 1 9 100 12 1 1 1 9 12 1 1 9 12 1 1 1 1 1 1 1 1 1 1 1 1 1
ciInstanceKlass java/lang/Boolean 1 1 146 10 7 12 1 1 1 9 7 12 1 1 1 10 12 1 1 10 12 1 8 1 10 7 12 1 1 9 12 1 1 9 12 1 10 12 1 1 10 12 1 1 10 12 1 1 10 12 1 10 7 12 1 1 1 10 12 1 1 9 100 12 1 1 9 12 10 100 12 1 1 1 10 12 1 1 8 1 10 7 12 1 1 1 9 12 1 1 100 1 100 1 100 1 1 1 1 1 1 5 0 1 1 1 1 1 1 1 1 1 1 1 1 1 1 1 1 1 1 1 1 1 1 1 1 1 1 1 1 1 1 1 1 1 1 1 100 1 1 1 1 1 1 1 1 1
staticfield java/lang/Boolean TRUE Ljava/lang/Boolean; java/lang/Boolean
staticfield java/lang/Boolean FALSE Ljava/lang/Boolean; java/lang/Boolean
staticfield java/lang/Boolean TYPE Ljava/lang/Class; java/lang/Class
ciInstanceKlass java/lang/Character 1 1 603 7 1 100 1 100 1 9 12 1 1 8 1 9 12 1 1 100 1 9 12 1 1 10 100 12 1 1 1 10 100 12 1 1 1 10 100 12 1 1 1 10 7 12 1 1 1 9 7 12 1 1 1 10 12 1 10 12 1 1 10 12 1 1 10 7 12 1 1 10 12 1 1 3 3 3 3 3 10 12 1 1 10 12 1 3 11 7 12 1 1 1 11 12 1 1 10 12 1 1 10 12 1 1 100 1 10 10 12 1 3 10 12 1 1 10 12 1 10 12 1 1 100 1 8 1 10 12 1 1 10 12 1 10 12 1 10 12 1 10 100 12 1 1 1 10 12 1 10 12 1 10 12 1 1 10 12 1 10 7 12 1 1 10 10 12 1 10 10 12 1 10 12 1 1 10 12 1 10 10 12 1 10 12 1 10 12 1 10 12 1 10 12 1 10 12 1 10 12 1 10 12 10 10 12 10 10 12 1 10 10 12 1 10 10 12 1 10 10 12 1 10 12 1 10 12 1 10 12 1 10 12 1 10 12 1 10 12 1 10 10 12 1 10 10 12 1 10 10 12 1 1 10 10 12 1 10 5 0 10 12 1 10 12 1 10 10 12 1 10 10 12 1 1 10 10 12 1 10 10 12 1 9 12 1 1 100 1 10 10 12 1 10 12 1 1 3 10 100 12 1 1 1 10 12 1 10 100 12 1 1 100 1 10 10 12 1 1 10 12 1 1 10 12 1 1 8 1 10 12 1 9 100 12 1 1 1 10 12 1 10 10 12 1 10 12 1 1 10 12 1 10 10 12 1 1 10 10 12 1 1 100 1 8 1 10 12 1 1 10 7 12 1 1 1 8 1 10 12 1 1 9 12 1 1 100 1 100 1 100 1 1 1 1 3 1 3 1 3 1 3 1 1 1 1 1 3 1 1 3 1 3 1 3 1 3 1 3 1 3 1 3 1 3 1 3 1 3 1 3 1 3 1 3 1 3 1 3 1 3 1 3 1 3 1 3 1 3 1 3 1 3 1 3 1 3 1 3 1 3 1 3 1 3 1 1 1 1 1 1 1 1 1 1 1 1 1 1 1 1 1 1 1 3 1 1 1 1 1 1 1 3 1 1 3 1 1 1 1 1 3 1 1 5 0 1 1 1 1 1 1 1 1 1 1 1 1 1 1 1 1 1 1 1 1 1 1 1 1 1 1 1 1 1 1 1 1 1 1 1 1 1 1 1 1 1 1 1 1 1 1 1 1 1 1 1 1 1 1 1 1 1 1 1 1 1 1 1 1 1 1 1 1 1 1 1 1 1 1 1 1 1 1 1 1 1 1 1 1 1 1 1 1 1 100 1 100 1 1 1 1 1 1
staticfield java/lang/Character TYPE Ljava/lang/Class; java/lang/Class
staticfield java/lang/Character $assertionsDisabled Z 1
ciInstanceKlass java/lang/Float 1 1 277 7 1 100 1 10 7 12 1 1 1 10 100 12 1 1 1 4 100 1 10 12 1 1 10 12 1 1 8 1 8 1 10 100 12 1 1 1 10 12 1 1 10 12 1 1 10 100 1 4 10 7 12 1 1 9 12 1 1 10 12 1 1 10 12 1 10 10 12 1 1 10 12 1 10 12 1 3 3 100 1 4 4 4 3 10 12 1 1 9 12 1 1 100 1 10 3 3 4 4 10 12 1 3 3 3 10 12 1 1 10 12 1 1 10 12 1 10 100 12 1 1 1 10 12 1 1 10 12 1 1 10 7 12 1 1 1 8 1 10 12 1 1 9 12 1 1 100 1 100 1 100 1 1 1 1 4 1 4 1 1 1 4 1 1 3 1 3 1 3 1 3 1 3 1 1 1 1 5 0 1 1 1 1 1 1 1 1 1 1 7 1 1 1 1 1 1 1 1 1 1 1 1 1 1 1 1 1 1 1 1 1 1 1 1 1 1 1 1 1 1 1 1 1 1 1 1 1 1 1 1 1 1 1 1 1 1 1 1 1 1 1 1 1 1 1 1 1 1 1 1 1 1 1 1 1 1 1 1 1 1 1 1 1 7 1 1 1 1 1 1 1 100 1 100 1 1
staticfield java/lang/Float TYPE Ljava/lang/Class; java/lang/Class
staticfield java/lang/Float $assertionsDisabled Z 1
instanceKlass java/util/concurrent/atomic/Striped64
instanceKlass java/math/BigInteger
instanceKlass java/util/concurrent/atomic/AtomicLong
instanceKlass java/util/concurrent/atomic/AtomicInteger
instanceKlass java/lang/Long
instanceKlass java/lang/Integer
instanceKlass java/lang/Short
instanceKlass java/lang/Byte
instanceKlass java/lang/Double
instanceKlass java/lang/Float
ciInstanceKlass java/lang/Number 1 1 37 10 7 12 1 1 1 10 100 12 1 1 1 100 1 1 1 1 5 0 1 1 1 1 1 1 1 1 1 1 1 1 1 1 1 1 1
ciInstanceKlass java/lang/Double 1 1 268 7 1 100 1 10 100 12 1 1 1 10 12 1 1 10 10 12 1 1 8 1 8 1 10 7 12 1 1 1 6 0 100 1 5 0 5 0 10 100 12 1 1 1 10 12 1 1 10 100 12 1 1 1 9 100 12 1 1 1 10 12 1 1 10 100 12 1 1 1 10 12 1 1 10 12 1 1 10 7 1 6 0 10 7 12 1 1 9 12 1 1 10 12 1 10 12 1 10 12 1 10 12 10 12 1 5 0 10 12 1 1 10 12 1 1 10 12 1 10 100 12 1 1 1 10 12 1 1 10 12 1 1 8 1 10 7 12 1 1 1 9 12 1 1 100 1 100 1 100 1 1 1 6 0 1 6 0 1 6 0 1 1 1 6 0 1 1 3 1 3 1 3 1 3 1 3 1 1 1 1 5 0 1 1 1 1 1 1 1 1 1 1 1 1 1 1 1 1 1 100 1 1 1 1 1 7 1 1 1 1 1 1 1 1 1 1 1 1 1 1 1 1 1 1 1 1 1 1 1 1 1 1 1 1 1 1 1 1 1 1 1 1 1 1 1 1 1 1 1 1 1 1 1 1 7 1 1 1 1 1 1 1 100 1 100 1 1
staticfield java/lang/Double TYPE Ljava/lang/Class; java/lang/Class
ciInstanceKlass java/lang/Byte 1 1 212 7 1 100 1 10 100 12 1 1 1 9 12 1 1 8 1 9 12 1 1 100 1 10 12 1 1 10 12 1 1 10 100 12 1 1 1 10 100 12 1 1 1 9 7 12 1 1 1 10 12 1 1 7 1 100 1 10 12 1 1 8 1 10 12 1 1 8 1 10 12 1 10 12 1 10 12 1 10 12 1 1 10 12 1 10 12 1 10 12 1 1 10 8 1 8 1 10 7 1 9 12 1 1 10 12 1 1 10 12 1 1 10 12 1 1 10 12 1 5 0 10 12 1 1 8 1 10 7 12 1 1 1 9 12 1 1 100 1 100 1 1 1 3 1 3 1 1 1 1 3 1 3 1 1 5 0 1 1 1 1 1 1 1 1 1 1 1 1 1 1 1 1 1 1 1 1 1 1 1 1 1 1 1 1 1 1 1 1 1 1 1 1 1 1 1 1 1 1 1 1 1 1 1 1 1 1 1 1 1 1 1
staticfield java/lang/Byte TYPE Ljava/lang/Class; java/lang/Class
ciInstanceKlass java/lang/Short 1 1 220 7 1 100 1 100 1 10 100 12 1 1 1 10 12 1 1 7 1 100 1 10 12 1 1 8 1 10 12 1 1 8 1 10 12 1 10 12 1 10 12 1 10 12 1 1 10 12 1 1 10 12 1 9 12 1 1 8 1 9 12 1 1 100 1 10 12 1 1 10 12 1 10 100 12 1 1 1 10 100 12 1 1 1 9 100 12 1 1 1 10 12 1 10 12 1 1 10 8 1 8 1 10 7 1 9 12 1 1 10 12 1 1 10 12 1 1 10 12 1 1 10 12 1 3 3 5 0 10 12 1 1 8 1 10 7 12 1 1 1 9 12 1 1 100 1 100 1 1 1 3 1 3 1 1 1 1 3 1 3 1 1 5 0 1 1 1 1 1 1 1 1 1 1 1 1 1 1 1 1 1 1 1 1 1 1 1 1 1 1 1 1 1 1 1 1 1 1 1 1 1 1 1 1 1 1 1 1 1 1 1 1 1 1 1 1 1 1 1 1
staticfield java/lang/Short TYPE Ljava/lang/Class; java/lang/Class
ciInstanceKlass java/lang/Integer 1 1 431 7 1 100 1 7 1 10 12 1 1 9 7 12 1 1 1 9 12 1 1 10 7 12 1 1 1 10 12 1 1 10 100 12 1 1 1 10 10 12 1 1 10 100 12 1 1 1 10 12 1 10 12 1 1 10 7 12 1 1 1 10 12 1 1 10 12 1 1 10 7 12 1 1 10 12 1 1 10 12 1 7 1 8 1 10 12 1 1 8 1 100 1 10 12 1 1 10 12 1 1 8 1 10 12 1 1 8 1 10 12 1 1 10 12 1 1 10 12 1 1 3 3 10 7 12 1 1 1 11 7 1 10 12 1 1 11 10 12 1 1 10 12 1 1 8 1 10 12 1 10 12 1 8 1 100 1 10 12 1 8 1 10 12 1 1 10 12 1 8 1 10 12 1 10 12 1 7 1 9 12 1 1 9 12 1 1 10 12 1 10 7 1 9 12 1 10 12 1 10 12 1 10 12 1 1 10 12 1 1 10 7 12 1 1 1 10 12 1 1 8 1 8 1 10 12 1 1 8 1 8 1 8 1 8 1 8 1 8 1 10 12 1 10 12 1 10 12 1 5 0 3 3 3 3 10 12 1 10 12 1 3 10 12 1 10 100 12 1 1 1 10 12 1 1 10 12 1 1 8 1 10 7 12 1 1 1 9 12 1 1 100 1 100 1 100 1 1 1 1 3 1 1 1 1 1 3 1 3 1 1 5 0 1 1 1 1 1 1 1 1 1 100 1 1 1 1 1 1 1 1 1 1 1 1 1 1 1 1 1 1 1 1 1 1 1 1 1 1 1 1 1 1 1 1 1 1 1 1 1 1 1 1 1 1 1 1 1 1 1 1 1 1 1 1 1 1 1 1 1 1 1 1 1 1 1 1 1 1 1 1 1 1 1 1 1 1 1 1 1 1 1 1 1 1 1 1 1 1 1 1 1 1 1 1 1 7 1 1 1 1 1 1 1 1 1 100 1 100 1 1
staticfield java/lang/Integer TYPE Ljava/lang/Class; java/lang/Class
staticfield java/lang/Integer digits [B 36
ciInstanceKlass java/lang/Long 1 1 493 7 1 100 1 7 1 10 12 1 1 9 7 12 1 1 1 9 7 12 1 1 1 10 100 12 1 1 1 10 12 1 1 10 100 12 1 1 1 10 10 12 10 12 1 10 12 1 10 12 1 5 0 5 0 7 1 10 12 1 1 10 12 1 1 10 12 1 10 12 1 10 12 1 10 12 1 1 10 100 12 1 1 10 12 1 10 12 1 1 10 12 1 1 10 12 1 1 10 12 1 1 10 100 12 1 1 1 10 12 1 1 10 12 1 1 10 7 12 1 1 10 12 1 1 10 12 1 7 1 8 1 10 12 1 8 1 100 1 10 12 1 10 12 1 1 8 1 10 12 1 1 8 1 10 12 1 1 10 12 1 1 10 12 1 1 5 0 5 0 10 100 12 1 1 1 11 100 1 10 12 1 1 11 10 12 1 1 10 12 1 1 8 1 5 0 10 12 1 1 10 12 1 1 8 1 8 1 10 12 1 8 1 10 12 1 10 12 1 5 0 5 0 9 7 12 1 1 1 10 12 1 10 12 1 1 8 1 8 1 10 12 1 1 8 1 8 1 8 1 8 1 8 1 8 1 10 12 1 10 12 1 10 7 1 9 12 1 1 10 12 1 10 12 1 1 10 12 1 1 10 100 12 1 1 1 10 12 1 1 10 12 1 10 12 1 10 12 1 5 0 5 0 5 0 10 12 1 1 10 12 1 5 0 5 0 10 12 10 12 1 10 100 12 1 1 1 10 12 1 1 10 12 1 1 8 1 10 7 12 1 1 1 9 12 1 1 100 1 100 1 100 1 1 1 1 5 0 1 1 1 1 3 1 3 1 5 0 1 1 1 1 1 1 1 1 1 100 1 1 1 1 1 1 1 1 1 1 1 1 1 1 1 1 1 1 1 1 1 1 1 1 1 1 1 1 1 1 1 1 1 1 1 1 1 1 1 1 1 1 1 1 1 1 1 1 1 1 1 1 1 1 1 1 1 1 1 1 1 1 1 1 1 1 1 1 1 1 1 1 1 1 1 1 1 1 1 1 1 1 1 1 1 1 1 1 1 1 1 1 1 1 1 1 1 1 1 1 7 1 1 1 1 1 1 1 1 1 100 1 100 1 1
staticfield java/lang/Long TYPE Ljava/lang/Class; java/lang/Class
ciInstanceKlass java/lang/Void 1 1 31 10 100 12 1 1 1 8 1 10 7 12 1 1 1 9 7 12 1 1 1 1 1 1 1 1 1 1 1 1 1
staticfield java/lang/Void TYPE Ljava/lang/Class; java/lang/Class
ciInstanceKlass jdk/internal/vm/vector/VectorSupport 0 0 601 100 1 10 100 12 1 1 1 9 12 1 1 10 100 12 1 1 1 100 1 10 12 1 11 100 12 1 1 1 11 100 12 1 1 1 11 100 12 1 1 1 11 100 12 1 1 11 100 12 1 1 11 100 12 1 1 11 100 12 1 1 11 100 12 1 1 11 100 12 1 1 11 100 12 1 1 11 100 12 1 1 1 11 100 12 1 1 11 100 12 1 1 1 11 100 12 1 1 1 11 100 12 1 1 11 100 12 1 1 1 11 100 12 1 1 100 1 10 12 1 1 11 100 12 1 1 11 100 12 1 1 11 100 12 1 1 11 100 1 11 100 12 1 1 11 100 12 1 1 11 100 12 1 1 9 12 1 1 10 100 12 1 1 11 100 12 1 1 10 100 12 1 1 1 10 100 12 1 1 10 12 1 1 10 12 1 1 1 1 1 3 1 3 1 3 1 3 1 3 1 3 1 3 1 3 1 3 1 3 1 3 1 3 1 3 1 3 1 3 1 3 1 3 1 3 1 3 1 3 1 3 1 3 1 3 1 3 1 3 1 3 1 3 1 3 1 3 1 3 1 3 1 3 1 3 1 3 1 3 1 3 1 3 1 3 1 3 1 3 1 3 1 3 1 3 1 3 1 3 1 3 1 3 1 3 1 3 1 3 1 3 1 3 1 3 1 1 1 3 1 3 1 3 1 3 1 3 1 3 1 1 1 1 1 1 1 1 1 1 1 1 1 1 1 1 1 1 1 1 1 1 1 1 1 1 1 1 1 1 1 1 1 1 1 1 1 1 1 1 1 1 1 1 1 1 1 1 1 1 1 1 1 1 1 1 1 1 1 1 1 1 1 1 1 1 1 1 1 1 1 1 1 1 1 1 1 1 1 1 1 1 1 1 1 1 1 1 1 1 1 1 1 1 1 1 1 1 1 1 1 1 1 1 1 1 1 1 1 1 1 1 1 1 1 1 1 1 1 1 1 1 1 1 1 1 1 1 1 1 1 1 1 1 1 1 1 1 1 1 1 1 1 1 1 1 1 1 1 1 1 1 1 1 1 1 1 1 1 1 1 1 1 1 1 1 1 1 1 1 1 1 1 1 1 1 1 1 1 1 1 1 1 1 1 1 1 1 1 1 1 1 1 1 1 1 1 1 1 1 1 1 1 1 1 1 1 1 1 1 1 1 1 1 1 1 1 1 1 1 1 1 1 1 1 1 1 1 1 1 1 1 1 1 1 1 1 1 1 1 1 1 1 1 1 1 1 1 1 1 1 100 1 100 1 100 1 100 1 100 1 1 1 1 1 1 1 1 1 1 1 1 1 1 1 1 1 1 1 1 1 1 1 1 1 1 1 1 1 1 1
instanceKlass jdk/internal/vm/vector/VectorSupport$VectorShuffle
instanceKlass jdk/internal/vm/vector/VectorSupport$VectorMask
instanceKlass jdk/internal/vm/vector/VectorSupport$Vector
ciInstanceKlass jdk/internal/vm/vector/VectorSupport$VectorPayload 0 0 32 10 100 12 1 1 1 9 100 12 1 1 1 10 100 12 1 1 1 1 1 1 1 1 1 1 1 1 1 1 1 1
ciInstanceKlass jdk/internal/vm/vector/VectorSupport$Vector 0 0 28 10 100 12 1 1 1 100 1 1 1 1 1 1 1 1 1 1 1 1 1 1 1 100 1 1 1 1
ciInstanceKlass jdk/internal/vm/vector/VectorSupport$VectorMask 0 0 28 10 100 12 1 1 1 100 1 1 1 1 1 1 1 1 1 1 1 1 1 1 1 100 1 1 1 1
ciInstanceKlass jdk/internal/vm/vector/VectorSupport$VectorShuffle 0 0 28 10 100 12 1 1 1 100 1 1 1 1 1 1 1 1 1 1 1 1 1 1 1 100 1 1 1 1
ciInstanceKlass jdk/internal/vm/FillerObject 0 0 16 10 100 12 1 1 1 100 1 1 1 1 1 1 1 1
instanceKlass java/lang/ref/PhantomReference
instanceKlass java/lang/ref/FinalReference
instanceKlass java/lang/ref/WeakReference
instanceKlass java/lang/ref/SoftReference
ciInstanceKlass java/lang/ref/Reference 1 1 194 9 7 12 1 1 1 9 7 12 1 1 10 12 1 1 10 12 1 1 9 12 1 1 10 12 1 1 9 12 1 1 9 12 1 1 10 12 1 10 7 12 1 1 10 12 1 1 10 12 1 7 1 8 1 10 12 1 1 7 1 10 12 1 1 10 12 1 1 10 12 1 10 12 1 1 10 12 1 1 10 12 1 10 12 1 10 12 1 9 12 1 100 1 100 1 10 12 9 12 1 9 12 1 9 12 1 100 1 10 10 12 1 10 10 7 12 1 1 7 1 10 10 7 12 1 1 1 1 1 1 1 1 1 1 1 1 1 1 1 1 1 1 1 100 1 1 1 100 1 1 1 1 1 1 1 1 1 1 1 1 1 1 1 1 1 1 1 1 1 1 1 1 1 1 1 1 1 1 1 1 1 1 1 1 1 100 1 100 1 100 1 1 1
staticfield java/lang/ref/Reference processPendingLock Ljava/lang/Object; java/lang/Object
staticfield java/lang/ref/Reference $assertionsDisabled Z 1
ciMethod java/lang/ref/Reference refersToImpl (Ljava/lang/Object;)Z 512 0 14965 0 96
ciMethod java/lang/ref/Reference refersTo0 (Ljava/lang/Object;)Z 256 0 128 0 -1
ciMethod java/lang/ref/Reference refersTo (Ljava/lang/Object;)Z 512 0 23573 0 112
ciMethod java/lang/ref/Reference reachabilityFence (Ljava/lang/Object;)V 512 0 168856 0 -1
instanceKlass java/util/ResourceBundle$BundleReference
instanceKlass sun/security/util/MemoryCache$SoftCacheEntry
instanceKlass org/eclipse/sisu/inject/MildElements$Soft
instanceKlass com/google/common/cache/LocalCache$SoftValueReference
instanceKlass sun/util/locale/provider/LocaleResources$ResourceReference
instanceKlass sun/util/resources/Bundles$BundleReference
instanceKlass org/eclipse/sisu/inject/MildKeys$Soft
instanceKlass java/lang/invoke/LambdaFormEditor$Transform
instanceKlass jdk/internal/util/SoftReferenceKey
ciInstanceKlass java/lang/ref/SoftReference 1 1 50 10 7 12 1 1 1 9 7 12 1 1 1 9 12 1 10 12 1 10 12 1 1 1 1 1 1 1 1 1 1 1 1 1 1 1 1 1 1 1 1 1 1 100 1 1 1 1 1 1
instanceKlass com/sun/tools/javac/util/UnsharedNameTable$HashEntry
instanceKlass java/util/ResourceBundle$KeyElementReference
instanceKlass sun/nio/ch/FileLockTable$FileLockReference
instanceKlass javax/crypto/JceSecurity$WeakIdentityWrapper
instanceKlass org/eclipse/sisu/inject/MildElements$Weak
instanceKlass com/google/common/collect/MapMakerInternalMap$AbstractWeakKeyEntry
instanceKlass com/google/common/cache/LocalCache$WeakEntry
instanceKlass java/lang/WeakPairMap$WeakRefPeer
instanceKlass com/google/common/cache/LocalCache$WeakValueReference
instanceKlass java/util/logging/LogManager$LoggerWeakRef
instanceKlass java/util/logging/Level$KnownLevel
instanceKlass org/eclipse/sisu/inject/MildKeys$Weak
instanceKlass jdk/internal/util/WeakReferenceKey
instanceKlass java/lang/ThreadLocal$ThreadLocalMap$Entry
instanceKlass java/util/WeakHashMap$Entry
ciInstanceKlass java/lang/ref/WeakReference 1 1 34 10 7 12 1 1 1 10 12 1 100 1 1 1 1 1 1 1 1 1 1 1 1 1 1 1 1 1 1 1 1 1 1 1
instanceKlass java/lang/ref/Finalizer
ciInstanceKlass java/lang/ref/FinalReference 1 1 50 10 7 12 1 1 1 10 7 12 1 1 1 10 12 1 1 100 1 8 1 10 12 1 1 1 1 1 1 1 1 1 1 1 1 1 1 1 1 1 1 1 1 1 1 1 1 1 100 1
instanceKlass jdk/internal/ref/PhantomCleanable
ciInstanceKlass java/lang/ref/PhantomReference 1 1 47 10 7 12 1 1 1 10 12 1 1 10 7 12 1 1 1 1 1 1 1 1 1 1 1 1 1 1 1 1 1 1 1 1 1 1 1 1 1 1 1 1 1 1 1 1 1
ciInstanceKlass java/lang/ref/Finalizer 1 1 177 9 7 12 1 1 1 10 7 12 1 1 1 9 12 1 1 9 12 1 1 9 12 1 9 12 1 9 12 1 1 10 12 1 100 1 8 1 10 12 1 10 12 1 1 9 12 1 100 1 10 12 1 7 1 11 7 12 1 1 10 12 1 100 1 10 12 1 10 7 12 1 1 1 10 12 1 1 10 100 12 1 1 8 1 10 12 1 10 12 1 10 12 1 100 1 10 12 1 10 100 12 1 1 1 100 1 10 10 12 1 1 7 1 10 12 1 10 12 1 1 10 12 1 1 10 7 12 1 1 1 7 1 10 7 1 10 10 12 1 1 1 1 1 1 1 1 1 1 1 1 1 1 1 1 1 1 1 1 1 1 1 1 1 1 100 1 1 1 1 1 1 1 1 1 1 1
staticfield java/lang/ref/Finalizer lock Ljava/lang/Object; java/lang/Object
staticfield java/lang/ref/Finalizer ENABLED Z 1
staticfield java/lang/ref/Finalizer $assertionsDisabled Z 1
instanceKlass java/lang/reflect/Executable
instanceKlass java/lang/reflect/Field
ciInstanceKlass java/lang/reflect/AccessibleObject 1 1 374 10 7 12 1 1 1 10 7 12 1 1 1 10 7 12 1 1 1 10 12 1 1 9 12 1 1 7 1 10 7 12 1 1 1 11 12 1 100 1 10 12 1 7 1 100 1 10 12 1 1 10 12 1 1 10 12 1 1 10 12 1 1 10 12 1 1 7 1 10 7 12 1 1 1 10 12 1 1 11 10 7 12 1 1 1 10 12 1 1 10 12 1 10 12 1 10 12 1 1 10 12 1 8 1 100 1 100 1 10 10 12 1 1 8 1 10 12 1 10 12 1 8 1 8 1 8 1 8 1 8 1 8 1 8 1 8 1 8 1 100 1 10 12 1 10 12 1 9 100 12 1 1 1 10 12 1 1 10 12 1 10 100 1 100 1 8 1 10 8 1 10 12 1 8 1 10 12 1 10 12 1 1 10 100 1 8 1 10 11 7 12 1 1 1 10 12 1 1 10 12 1 1 10 12 1 1 9 12 1 1 100 1 10 12 1 7 1 10 12 1 10 12 1 1 10 100 1 10 12 1 10 12 10 12 1 10 12 1 10 12 1 1 10 12 1 9 12 1 10 100 12 1 1 8 1 10 12 1 1 8 1 10 100 12 1 1 1 9 12 1 100 1 10 7 1 10 10 7 12 1 1 1 10 7 12 1 1 1 9 12 1 1 1 1 1 1 1 1 1 1 1 1 1 1 1 1 1 1 1 1 1 1 1 1 1 1 1 1 1 1 1 1 1 1 1 1 1 1 1 1 1 1 1 1 1 1 1 1 1 1 1 1 1 1 1 1 1 1 1 1 1 1 1 1 1 1 1 1 1 1 1 1 1 1 1 1 1 1 1 1 1 1 1
staticfield java/lang/reflect/AccessibleObject reflectionFactory Ljdk/internal/reflect/ReflectionFactory; jdk/internal/reflect/ReflectionFactory
ciInstanceKlass java/lang/reflect/Method 1 1 468 9 7 12 1 1 1 10 7 12 1 1 1 10 7 12 1 1 9 12 1 1 9 12 1 1 10 12 1 1 10 12 1 1 10 12 1 1 10 7 12 1 1 10 7 12 1 1 1 9 12 1 1 9 12 1 9 12 1 1 9 12 1 9 12 1 9 12 1 1 9 12 1 9 12 1 1 9 12 1 9 12 1 100 1 8 1 10 12 1 10 12 1 9 12 1 1 10 7 12 1 1 1 10 12 1 1 10 12 1 1 10 12 1 10 12 1 1 9 7 12 1 1 1 10 12 1 1 10 12 10 7 12 1 1 10 12 1 1 10 12 1 10 12 1 10 12 1 10 7 12 1 1 1 10 12 1 1 9 12 1 10 7 1 10 100 12 1 1 1 10 7 12 1 1 10 12 1 1 10 12 1 1 10 12 1 10 7 12 1 1 1 10 12 1 10 8 1 10 12 1 10 12 1 7 1 8 1 8 1 8 1 10 12 1 10 12 1 1 10 12 1 1 10 10 12 1 1 10 12 1 11 100 1 10 12 1 9 12 1 1 10 12 1 1 10 12 1 10 12 1 1 10 12 1 1 11 7 12 1 1 1 11 12 1 9 12 1 1 10 12 1 10 12 1 10 12 1 10 12 1 10 12 1 10 12 1 9 12 1 1 10 7 12 1 1 1 10 7 12 1 1 10 12 1 1 10 7 12 1 1 1 10 7 12 1 1 1 10 7 12 1 1 1 11 7 12 1 1 1 10 7 12 1 1 1 7 1 100 1 100 1 10 12 1 10 12 1 1 10 12 1 100 1 8 1 10 12 1 10 10 12 1 1 10 12 1 1 10 12 1 1 10 12 1 1 8 1 10 12 1 1 1 1 1 1 1 1 1 1 1 1 1 1 1 1 1 1 1 1 1 1 1 1 1 1 1 1 1 1 1 1 1 1 1 1 1 1 1 1 1 1 1 1 1 1 1 1 1 1 1 1 1 100 1 100 1 100 1 1 1 1 1 1 1 1 1 1 1 1 1 1 1 1 1 1 1 1 1 1 1 1 1 1 1 1 1 1
ciInstanceKlass java/lang/reflect/Member 1 1 37 100 1 10 12 1 1 100 1 100 1 1 1 1 3 1 3 1 1 1 1 1 1 1 1 1 1 1 1 1 1 1 1 1 1 1 1
instanceKlass java/lang/reflect/Constructor
instanceKlass java/lang/reflect/Method
ciInstanceKlass java/lang/reflect/Executable 1 1 582 10 7 12 1 1 1 10 7 12 1 1 1 10 7 12 1 1 1 11 7 12 1 1 1 10 7 12 1 1 1 10 12 1 1 10 7 12 1 1 1 10 100 12 1 1 1 10 12 1 8 1 10 10 12 1 1 10 12 1 1 10 100 12 1 1 1 18 12 1 1 11 100 12 1 1 1 8 1 8 1 8 1 10 100 12 1 1 1 11 12 1 1 100 1 8 1 8 1 10 12 1 100 1 8 1 10 12 1 8 1 11 100 12 1 1 1 100 1 11 100 12 1 1 1 11 12 1 8 1 18 8 1 10 12 1 10 12 1 1 18 8 1 10 12 1 100 1 10 12 1 10 12 1 11 12 1 10 12 1 1 8 1 8 1 10 12 1 1 10 12 1 1 10 10 12 1 9 12 1 1 9 100 12 1 1 1 10 100 12 1 1 1 10 12 1 10 12 1 1 10 7 12 1 1 10 12 1 10 12 1 10 12 1 10 7 12 1 1 100 1 10 100 12 1 1 1 10 12 1 1 10 7 12 1 1 10 12 1 10 12 1 1 9 7 12 1 1 1 10 100 10 12 1 10 12 1 3 100 1 8 1 10 12 1 10 12 1 10 10 12 1 10 12 1 1 8 1 8 1 8 1 9 12 1 1 9 12 1 10 12 1 100 1 8 1 10 12 1 10 12 1 10 12 1 1 10 12 1 1 10 12 1 10 12 10 12 1 7 1 10 12 1 10 12 1 1 100 1 10 100 12 1 1 1 7 1 10 7 12 1 1 1 10 12 1 1 11 7 12 1 1 10 12 1 10 100 12 1 1 1 10 12 1 1 9 12 1 10 12 1 1 10 12 1 10 12 1 1 9 7 12 1 1 1 10 7 12 1 1 1 10 12 1 10 12 1 1 9 12 1 10 10 10 10 100 12 1 1 1 10 12 1 9 12 1 10 12 1 1 9 12 1 100 1 100 1 1 1 1 1 1 1 1 1 1 1 1 1 1 1 1 1 1 1 1 1 1 1 1 1 1 1 1 1 1 1 1 1 1 1 1 100 1 1 1 1 1 1 1 1 1 1 1 1 1 1 1 1 1 1 1 100 1 1 1 1 1 1 1 1 1 1 1 1 1 1 1 1 1 1 1 1 1 1 1 1 1 1 1 1 1 1 1 1 1 1 1 1 1 1 1 1 1 1 1 100 1 1 1 1 1 1 1 1 1 1 1 1 1 1 1 1 1 1 1 1 1 1 100 1 1 16 15 16 1 16 1 15 10 12 16 15 10 100 12 1 1 1 1 100 1 1 1 100 1 1 100 1 100 1 1
ciInstanceKlass java/lang/reflect/Constructor 1 1 437 10 7 12 1 1 1 10 7 12 1 1 9 7 12 1 1 1 9 12 1 1 10 12 1 1 10 12 1 1 10 12 1 1 10 7 12 1 1 10 7 12 1 1 1 9 12 1 1 9 12 1 1 9 12 1 9 12 1 1 9 12 1 9 12 1 1 9 12 1 1 9 12 1 100 1 8 1 10 12 1 10 12 1 9 12 1 1 10 7 12 1 1 1 10 12 1 1 10 12 1 1 10 12 1 7 1 100 1 8 1 10 10 12 1 10 12 1 10 12 1 1 9 100 12 1 1 1 10 7 12 1 1 10 12 1 1 10 12 1 10 12 1 1 10 7 12 1 1 1 10 100 12 1 1 10 12 1 1 10 12 1 10 100 12 1 1 1 8 1 10 10 12 1 100 1 8 1 10 12 1 10 12 1 1 10 12 1 1 10 12 1 10 12 1 10 12 1 1 10 12 1 1 9 12 1 1 10 12 1 1 10 12 1 1 10 12 1 1 11 7 12 1 1 1 10 12 1 1 10 12 1 10 12 1 10 12 1 8 1 9 12 1 1 10 7 12 1 1 1 10 7 12 1 1 10 12 1 1 10 12 1 1 10 12 1 1 10 12 1 1 10 12 1 9 100 12 1 1 10 12 1 10 12 1 10 12 1 100 1 8 1 10 10 12 1 1 10 12 1 10 10 12 1 1 10 12 1 1 10 100 12 1 1 1 11 100 12 1 1 1 10 12 1 1 9 100 12 1 1 1 10 100 12 1 1 1 10 12 1 1 1 1 1 1 1 1 1 1 1 1 1 1 1 1 1 1 1 1 1 1 1 1 1 1 1 1 1 1 1 1 1 1 1 1 1 1 1 1 1 1 1 1 1 1 1 1 1 1 1 1 1 1 1 1 100 1 100 1 100 1 100 1 1 1 1 1 1 1 1 1 1 1 1 1 1 1 1 1 1 1 1 1 1 1 1 1 1 1 1 1 1 1 1 100 1 1
ciInstanceKlass java/lang/reflect/Field 1 1 829 9 7 12 1 1 1 10 12 1 1 10 7 12 1 1 1 10 7 12 1 1 9 12 1 1 9 12 1 1 10 12 1 1 10 12 1 1 10 12 1 1 10 7 12 1 1 10 7 12 1 1 1 9 12 1 1 9 12 1 9 12 1 9 12 1 1 9 12 1 1 9 12 1 9 12 1 1 100 1 8 1 10 12 1 10 12 1 9 12 1 1 9 12 1 10 7 12 1 1 10 12 1 1 10 12 1 1 10 12 1 9 12 1 1 10 12 1 1 9 100 12 1 1 1 10 7 12 1 1 1 7 1 10 12 1 1 10 12 1 1 10 12 1 10 12 1 10 7 1 10 7 12 1 1 7 1 10 8 1 10 12 1 1 10 12 1 1 8 1 10 12 10 12 1 8 1 8 1 10 11 100 1 9 12 1 10 12 1 1 10 12 1 1 11 7 12 1 1 1 10 12 1 11 12 1 1 11 12 1 1 11 12 1 1 11 12 1 1 11 12 1 1 11 12 1 1 11 12 1 1 11 12 1 1 11 12 1 1 10 12 1 18 12 1 1 10 12 1 1 11 12 1 1 18 12 1 11 12 1 1 18 12 1 11 12 1 1 18 12 1 11 12 1 1 18 12 1 11 12 1 1 18 12 1 11 12 1 1 18 12 1 11 12 1 1 18 12 1 11 12 1 1 18 12 1 10 12 1 10 7 12 1 1 10 12 1 10 12 1 10 12 1 10 12 1 1 10 12 1 1 10 12 1 10 7 12 1 1 10 12 1 1 11 7 1 10 12 1 7 1 10 100 12 1 1 1 10 7 12 1 1 1 9 12 1 10 7 12 1 1 1 11 7 12 1 1 1 10 12 1 1 10 12 1 1 9 7 12 1 1 10 7 12 1 1 1 10 12 1 1 10 12 1 1 11 100 12 1 10 12 1 10 12 1 10 12 1 9 12 1 100 1 10 10 12 1 1 7 1 10 12 1 1 10 10 12 1 1 10 12 1 1 10 100 12 1 1 1 9 100 12 1 1 1 10 12 1 1 10 7 12 1 1 1 10 12 1 9 12 1 10 12 1 10 12 1 10 7 12 1 1 10 8 1 10 100 12 1 1 1 8 1 10 100 12 1 1 1 9 12 1 10 9 100 12 1 1 1 10 100 12 1 1 1 18 12 1 1 10 12 1 1 10 12 1 1 10 100 12 1 1 1 10 12 1 1 10 12 1 10 12 1 10 10 12 1 1 10 12 1 10 100 12 1 1 1 10 100 12 1 1 10 12 1 8 1 10 12 1 1 10 100 12 1 1 1 10 100 12 1 1 1 8 1 8 1 8 1 8 1 8 1 8 1 10 12 1 1 8 1 8 1 8 1 10 12 1 8 1 8 1 10 12 1 8 1 8 1 8 1 8 1 8 1 10 12 1 1 10 100 12 1 1 8 1 10 12 1 100 1 1 1 1 1 1 1 1 1 1 1 1 1 1 1 1 1 1 1 1 1 1 1 1 1 1 1 1 1 1 1 1 1 1 1 1 1 1 1 1 1 1 1 1 1 1 1 1 1 1 1 1 1 1 1 1 1 1 1 1 1 1 1 1 1 1 1 1 1 1 100 1 1 1 1 1 1 1 1 1 1 1 1 1 1 1 1 1 1 1 1 1 1 1 1 1 1 100 1 1 1 1 1 1 1 1 1 1 1 1 1 1 1 1 1 1 1 1 1 1 1 1 1 1 1 1 1 1 1 1 16 15 10 12 15 10 12 15 10 12 15 10 12 15 10 12 15 10 12 15 10 12 15 10 12 15 10 12 16 15 10 12 16 1 15 10 7 12 1 1 1 1 100 1 1 1 100 1 1 1 1 100 1 1 100 1 100 1 1
staticfield java/lang/reflect/Field $assertionsDisabled Z 1
ciInstanceKlass java/lang/reflect/Parameter 1 1 253 10 7 12 1 1 1 9 7 12 1 1 1 9 12 1 1 9 12 1 1 9 12 1 10 12 1 1 10 12 1 1 100 1 10 10 12 1 1 11 100 12 1 1 1 10 12 1 10 100 12 1 1 1 10 12 1 1 10 12 1 10 12 1 1 8 1 8 1 10 100 12 1 1 1 10 12 1 10 12 9 100 12 1 1 1 9 100 12 1 1 1 10 12 1 1 10 100 12 1 1 1 10 100 12 1 1 1 10 12 1 8 1 10 12 1 9 12 1 1 10 12 1 1 9 12 1 1 10 12 1 1 10 12 1 1 10 12 1 1 10 12 1 10 10 12 1 10 100 12 1 1 1 10 12 1 1 11 100 12 1 1 10 100 12 1 1 100 1 10 100 12 1 1 1 10 12 1 1 10 12 1 1 10 12 1 1 10 12 1 1 9 12 1 100 1 10 11 12 1 11 12 1 1 100 1 1 1 1 1 1 1 1 1 1 1 1 1 1 1 1 1 1 1 1 1 1 1 1 1 1 1 1 1 1 1 1 1 1 1 1 1 1 1 100 1 1 1 1 1 100 1 1
ciInstanceKlass java/lang/reflect/RecordComponent 0 0 196 10 100 12 1 1 1 9 100 12 1 1 1 9 12 1 1 9 12 1 10 12 1 1 10 12 1 1 10 100 12 1 1 1 10 12 1 1 9 12 1 1 10 12 1 1 10 12 1 1 10 12 1 10 100 12 1 1 10 100 12 1 1 9 12 1 1 10 100 12 1 1 1 11 100 12 1 1 1 10 9 100 12 1 1 1 10 100 12 1 1 1 9 12 1 1 10 100 12 1 1 1 10 12 1 1 11 100 12 1 1 10 100 12 1 1 100 1 9 12 1 9 12 1 1 9 12 1 10 100 12 1 1 1 10 12 1 1 10 12 1 1 100 1 10 10 12 1 10 12 1 1 8 1 10 12 1 10 12 1 9 12 1 100 1 1 1 1 1 1 1 1 1 1 1 1 1 1 1 1 1 1 1 1 1 1 100 1 1 1 1 1 1 100 1 1
ciInstanceKlass java/lang/StringBuffer 1 1 487 10 7 12 1 1 1 10 12 1 10 12 1 10 12 1 1 9 7 12 1 1 1 10 12 1 1 10 12 1 10 12 1 1 9 12 1 1 10 12 1 10 12 1 1 10 12 1 1 10 12 1 10 12 1 1 10 12 1 10 12 1 1 10 12 1 1 10 7 12 1 1 1 10 12 1 1 10 12 1 10 12 1 10 12 1 10 12 1 10 12 1 10 12 1 10 12 1 10 12 1 10 12 1 10 12 1 10 12 1 10 12 1 10 12 1 10 12 1 1 10 12 1 10 12 1 1 10 12 1 1 10 10 12 1 1 10 12 1 10 12 1 10 12 1 10 12 1 10 12 1 10 12 1 10 12 10 12 1 10 12 1 10 12 1 10 12 1 1 10 12 1 10 12 1 10 10 12 1 1 10 12 1 10 12 1 10 12 1 8 1 10 12 1 10 10 100 12 1 1 1 10 10 12 1 1 9 12 1 1 10 100 12 1 1 10 100 1 8 10 100 12 1 1 1 8 10 12 1 8 1 10 12 1 10 12 1 10 100 12 1 1 1 10 100 12 1 1 1 7 1 10 12 100 1 8 1 10 10 12 1 1 10 12 1 1 10 12 1 10 12 1 10 12 1 1 10 12 1 10 12 1 10 12 1 10 12 1 10 12 1 10 12 10 12 1 10 12 1 10 12 1 10 12 1 10 12 1 10 12 1 10 12 1 10 12 1 10 12 1 10 12 1 10 12 10 12 10 12 1 10 12 1 10 12 1 10 12 10 12 1 10 12 1 10 12 1 10 12 1 10 12 1 10 12 1 10 12 1 10 12 1 10 12 1 10 12 1 10 12 1 7 1 10 12 1 9 7 12 1 1 1 9 7 1 9 12 1 1 100 1 100 1 100 1 100 1 1 1 1 5 0 1 1 1 1 1 1 1 1 1 1 1 1 1 1 1 1 1 1 1 1 1 1 1 1 1 1 1 1 1 1 1 1 1 1 1 1 1 1 1 1 1 1 1 1 1 1 1 1 1 1 1 1 1 1 1 1 1 1 1 1 100 1 1 1 1 1 100 1 1 1 1 1 1 1 1 1 1 1 1 1 1 1 1 1 1
staticfield java/lang/StringBuffer serialPersistentFields [Ljava/io/ObjectStreamField; 3 [Ljava/io/ObjectStreamField;
instanceKlass java/lang/StringBuilder
instanceKlass java/lang/StringBuffer
ciInstanceKlass java/lang/AbstractStringBuilder 1 1 653 7 1 10 7 12 1 1 1 9 7 12 1 1 1 9 12 1 9 12 1 1 9 12 1 1 10 7 12 1 1 1 10 12 1 1 100 1 3 3 10 12 1 10 12 1 1 10 12 1 1 11 7 1 100 1 100 1 10 8 1 10 12 1 10 12 1 10 12 1 1 10 12 1 10 12 1 9 12 1 10 12 1 9 12 1 1 10 7 12 1 1 1 10 10 12 1 10 12 1 10 12 1 1 9 12 1 100 1 8 1 10 12 1 10 12 1 1 8 1 10 7 12 1 1 1 10 12 1 1 8 1 10 7 12 1 1 1 100 1 8 1 10 100 1 10 12 1 10 12 1 1 10 7 12 1 1 1 10 12 1 1 10 12 1 1 10 12 1 1 10 12 1 1 10 7 12 1 1 1 10 12 1 100 1 10 10 100 12 1 1 1 9 12 1 1 9 12 1 10 12 1 1 10 10 12 1 1 10 12 1 1 10 12 1 1 10 12 1 1 10 12 1 1 10 12 1 1 10 12 1 1 10 12 1 10 10 10 12 1 10 12 1 1 10 8 1 10 12 1 1 10 12 1 10 12 1 10 12 1 10 10 7 12 1 1 1 10 12 1 1 10 12 1 10 12 1 10 12 1 10 12 100 1 9 12 1 1 9 12 1 10 12 1 1 100 1 9 12 1 9 12 10 12 1 10 12 1 1 10 12 1 1 10 12 1 10 12 1 1 10 12 1 10 12 1 1 10 12 1 1 10 10 7 12 1 1 1 10 12 1 10 12 1 10 12 1 1 10 12 1 10 12 1 1 10 12 1 10 12 1 10 12 1 10 12 1 10 12 1 10 12 1 10 12 1 10 12 1 1 10 12 1 10 12 1 10 12 10 12 1 1 18 12 1 1 100 1 10 100 12 1 1 1 18 10 12 1 1 10 12 1 1 10 12 1 10 12 1 10 12 1 1 10 12 1 10 12 1 1 11 12 1 1 10 12 1 10 12 1 1 10 12 1 10 12 1 10 12 1 10 100 1 8 1 10 10 12 1 1 10 100 12 1 1 1 10 12 1 10 12 1 1 100 1 10 12 100 1 10 100 1 10 10 7 12 1 1 100 1 1 1 1 1 1 1 1 1 1 1 100 1 1 1 1 1 1 1 1 1 1 1 1 1 1 1 1 1 1 1 1 1 1 1 1 1 1 1 1 1 1 1 1 1 1 1 1 1 1 1 1 1 1 1 1 1 1 1 1 1 1 1 1 100 1 1 1 1 1 1 1 1 1 1 1 1 1 1 1 1 1 1 1 1 1 1 1 1 1 1 1 1 1 1 1 1 1 1 1 1 1 1 1 1 1 1 1 1 1 1 1 1 1 1 1 1 1 1 1 1 1 100 1 1 1 1 1 1 100 1 1 1 1 1 1 100 1 1 16 1 15 10 12 16 15 10 12 15 10 100 12 1 1 1 1 1 1 1 100 1 100 1 1
staticfield java/lang/AbstractStringBuilder EMPTYVALUE [B 0
staticfield java/lang/AbstractStringBuilder $assertionsDisabled Z 1
ciInstanceKlass java/lang/StringBuilder 1 1 425 10 7 12 1 1 1 10 12 1 10 12 1 10 12 1 1 10 7 12 1 1 1 10 7 12 1 1 1 10 12 1 10 12 1 10 12 1 10 12 1 10 12 1 10 12 1 10 12 1 10 12 1 10 12 1 10 12 1 10 12 1 10 12 1 10 12 1 10 12 1 1 10 12 1 10 12 1 1 10 12 1 1 10 12 1 10 12 1 10 12 1 10 12 1 10 12 1 10 12 1 10 12 1 10 12 10 12 1 10 12 1 10 12 1 10 12 1 1 10 12 1 10 12 1 10 12 10 12 1 1 10 12 1 10 12 1 10 12 1 1 8 1 10 12 1 10 100 12 1 1 1 9 12 1 1 10 12 1 10 12 1 10 12 1 1 9 12 1 1 10 100 12 1 1 1 10 100 1 10 12 1 1 10 100 12 1 1 10 12 1 10 12 1 1 100 1 100 1 8 1 10 10 12 1 1 10 12 1 10 12 1 10 12 1 1 10 12 1 10 12 1 10 12 1 10 12 1 10 12 1 10 12 10 12 1 10 12 1 10 12 1 10 12 1 10 12 1 10 12 1 10 12 1 10 12 1 10 12 1 1 10 12 1 1 10 12 1 10 12 1 10 12 1 10 12 10 12 10 12 1 10 12 1 10 12 1 10 12 10 12 1 10 12 1 10 12 1 10 12 1 10 12 1 10 12 1 10 12 1 10 12 1 10 12 1 1 10 12 1 10 12 1 1 10 12 1 10 12 1 1 10 12 1 10 12 1 1 10 12 1 10 12 1 10 12 1 10 10 10 12 1 100 1 100 1 100 1 100 1 1 1 1 5 0 1 1 1 1 1 1 1 1 1 1 1 1 1 1 1 1 1 1 1 1 1 1 1 1 1 1 1 1 1 1 1 1 1 1 1 1 1 1 1 1 1 1 1 1 100 1 1 1 100 1 1 1 1 1 1 1 1 1 1 1
ciMethod java/lang/StringBuilder toString ()Ljava/lang/String; 114 0 200133 0 -1
ciMethod java/lang/StringBuilder <init> ()V 110 0 164284 0 -1
ciMethod java/lang/StringBuilder append (Ljava/lang/String;)Ljava/lang/StringBuilder; 324 0 406876 0 -1
ciMethod java/lang/StringBuilder append (J)Ljava/lang/StringBuilder; 0 0 2002 0 -1
ciInstanceKlass java/security/CodeSource 1 1 396 10 7 12 1 1 1 9 7 12 1 1 1 9 12 1 1 9 12 1 1 9 12 1 1 10 7 12 1 1 1 9 12 1 1 10 100 12 1 1 10 100 10 100 12 1 1 1 10 12 1 1 10 12 1 1 100 1 10 10 100 12 1 1 1 10 100 12 1 1 1 10 12 1 1 100 1 10 12 1 1 10 12 1 1 10 12 1 1 10 12 1 10 10 100 1 10 12 1 1 10 100 12 1 1 1 10 12 1 1 10 12 1 10 12 1 8 1 10 12 1 10 12 1 10 12 1 1 10 12 1 8 1 10 12 1 1 10 100 1 10 10 12 1 1 8 1 10 12 1 10 12 1 10 12 1 8 1 8 1 9 12 1 1 100 1 8 1 10 12 1 10 12 1 1 8 1 10 12 1 8 1 8 1 8 1 10 100 12 1 1 10 12 1 1 10 12 1 10 12 1 1 10 12 1 1 10 12 1 1 100 1 100 1 10 12 1 10 12 10 12 1 1 10 100 12 1 1 10 12 1 100 1 10 12 10 100 12 1 1 1 10 8 1 10 12 1 10 12 1 1 100 1 10 12 1 1 100 1 100 1 8 1 8 1 10 10 12 1 1 10 100 12 1 1 1 100 1 10 12 10 12 1 1 11 100 12 1 1 10 10 12 1 11 10 12 1 8 1 100 1 10 12 1 10 12 1 1 10 12 1 11 12 1 1 100 1 1 1 1 5 0 1 1 1 1 1 1 1 1 1 1 1 1 1 1 1 1 1 1 1 1 1 1 1 1 1 1 1 1 1 1 1 1 1 1 1 1 1 1 1 1 1 1 1 1 1 1 1 1 1 1 1 1 1 1 1 1 1 1 1 1 1 1 1 1 1 1 100 1 1 1 1 1 1 1
ciInstanceKlass java/security/ProtectionDomain 1 1 141 10 7 12 1 1 1 9 7 12 1 1 1 9 12 1 1 9 12 1 1 10 7 12 1 1 7 1 9 12 1 9 12 1 1 7 1 9 12 1 1 9 12 1 10 100 12 1 1 10 100 12 1 1 1 10 12 1 1 10 12 1 8 1 100 1 8 1 10 12 1 10 11 12 1 1 10 100 12 1 1 1 10 12 1 1 8 1 11 8 1 10 12 1 8 1 8 1 8 1 10 12 1 8 1 8 1 1 1 1 1 1 1 1 100 1 1 100 1 1 1 1 1 1 1 1 1 1 1 1 1 1 1 1 1 1 1 100 1 1 1
instanceKlass jdk/internal/loader/Loader
instanceKlass java/net/URLClassLoader
instanceKlass jdk/internal/loader/BuiltinClassLoader
ciInstanceKlass java/security/SecureClassLoader 1 1 171 10 7 12 1 1 1 7 1 10 12 1 9 7 12 1 1 1 10 12 1 10 12 1 10 12 1 1 10 12 1 1 10 12 1 7 1 10 7 1 10 12 1 7 1 10 12 1 11 7 12 1 1 1 7 1 10 100 12 1 1 1 11 12 1 1 11 100 12 1 1 1 11 100 12 1 1 11 12 1 1 9 12 1 1 10 100 12 1 1 1 11 12 1 1 8 1 10 100 12 1 1 1 9 12 1 1 100 1 10 8 1 10 12 1 1 10 12 1 8 1 10 12 1 1 10 100 12 1 1 1 11 12 1 10 12 1 1 1 1 1 1 1 1 1 1 1 1 1 1 1 1 1 1 1 1 1 1 1 1 1 1 1 1 1 1 1 1 1 1 1
ciInstanceKlass java/net/URL 1 1 772 10 7 12 1 1 1 10 12 1 10 7 12 1 1 9 12 1 1 9 12 1 10 12 1 1 9 12 1 1 10 7 12 1 1 1 8 1 10 12 1 1 100 1 10 10 12 1 1 8 1 10 12 1 1 9 12 1 100 1 8 1 10 12 1 10 12 1 8 1 9 12 1 10 12 1 1 9 12 1 10 12 1 10 12 1 9 12 1 9 12 1 8 1 9 12 1 10 12 1 1 8 1 9 12 1 1 10 12 1 1 10 7 12 1 1 1 8 1 10 12 1 7 1 10 12 1 10 12 1 10 12 1 10 12 1 1 10 12 1 1 8 1 10 12 1 1 10 12 1 8 1 9 12 1 8 1 10 12 1 10 7 12 1 1 1 100 1 10 12 1 10 12 1 1 10 7 12 1 1 1 100 1 8 1 10 10 12 1 8 1 10 12 1 1 10 12 1 10 12 1 10 12 1 10 12 1 10 12 1 10 12 1 8 1 10 12 1 8 1 10 10 100 1 10 10 12 1 8 1 10 7 12 1 1 1 10 12 1 9 12 1 1 10 12 1 10 100 12 1 1 1 100 1 10 12 1 10 12 1 10 12 1 10 12 1 10 12 1 10 12 10 10 12 1 8 1 100 1 10 100 12 1 1 1 10 12 1 1 10 12 1 10 12 1 1 8 1 9 100 12 1 1 1 10 100 12 1 1 1 10 12 1 10 12 1 10 7 12 1 1 1 10 12 1 1 10 12 1 9 12 1 1 9 12 1 1 100 1 8 1 10 9 12 1 1 10 7 12 1 1 8 1 10 7 12 1 1 8 1 10 12 1 1 10 12 1 8 1 8 1 10 7 12 1 1 1 100 1 10 7 12 1 1 1 10 12 1 10 12 1 9 12 1 1 10 7 12 1 1 8 1 10 7 12 1 1 1 10 12 1 1 18 12 1 1 10 7 12 1 1 8 9 100 12 1 1 1 10 12 1 1 10 12 1 10 12 1 1 10 7 12 1 1 11 7 12 1 1 10 12 1 10 12 1 9 12 1 10 12 1 1 10 100 12 1 1 10 100 12 1 1 1 8 10 100 12 1 1 100 1 10 8 8 10 12 1 8 8 8 100 1 10 12 1 9 12 1 1 10 12 1 10 12 1 1 10 12 1 10 12 10 12 1 1 10 12 1 1 10 10 10 12 1 10 12 1 10 12 1 10 12 1 10 12 1 10 10 12 1 100 1 8 1 10 10 10 12 1 1 10 12 1 10 12 1 1 8 1 7 1 10 7 12 1 1 1 10 12 1 1 11 7 12 1 1 11 12 1 10 7 1 10 10 12 1 10 7 1 10 12 1 9 7 12 1 1 1 9 12 1 1 7 1 10 10 7 12 1 1 1 100 1 1 1 1 1 5 0 1 1 1 1 1 1 1 1 1 1 1 1 1 1 1 1 1 1 1 1 1 1 1 1 1 1 1 1 1 1 1 1 1 1 1 1 1 1 1 1 1 1 1 1 1 1 1 100 1 1 1 1 1 1 1 1 1 1 1 1 1 1 1 1 1 1 1 1 1 1 1 1 1 1 1 1 1 1 1 1 1 1 1 1 100 1 1 1 1 1 1 1 1 1 1 1 1 1 100 1 1 1 1 1 1 1 1 1 1 1 1 1 1 1 1 1 1 1 1 100 1 1 1 1 1 1 1 16 15 10 12 16 1 15 10 7 12 1 1 1 1 1 1 100 1 1 1 1 100 1 100 1 1
staticfield java/net/URL defaultFactory Ljava/net/URLStreamHandlerFactory; java/net/URL$DefaultFactory
staticfield java/net/URL IN_LOOKUP Ljava/lang/ScopedValue; java/lang/ScopedValue
staticfield java/net/URL handlers Ljava/util/Hashtable; java/util/Hashtable
staticfield java/net/URL streamHandlerLock Ljava/lang/Object; java/lang/Object
staticfield java/net/URL serialPersistentFields [Ljava/io/ObjectStreamField; 7 [Ljava/io/ObjectStreamField;
ciInstanceKlass java/util/jar/Manifest 1 1 320 10 7 12 1 1 1 7 1 10 9 7 12 1 1 1 7 1 10 9 12 1 1 9 12 1 1 10 12 1 10 12 1 1 10 12 1 1 10 12 1 1 10 12 1 1 11 7 1 11 12 1 1 10 12 1 1 10 100 12 1 1 1 100 1 100 1 10 8 1 10 12 1 1 10 12 1 1 10 12 1 10 12 1 11 100 1 10 12 1 10 12 1 1 11 12 1 1 10 12 1 11 12 1 1 11 100 12 1 1 1 11 100 12 1 1 11 12 1 1 100 1 10 12 1 8 1 11 12 1 7 1 10 12 1 1 11 12 1 10 12 1 10 12 1 10 9 7 12 1 1 1 10 12 1 1 10 100 12 1 10 12 1 10 12 1 9 100 12 1 1 1 8 1 10 12 1 8 1 8 1 7 1 10 12 1 10 12 1 10 12 1 1 100 1 8 1 10 12 1 1 8 1 10 10 12 1 1 8 1 10 12 1 1 10 100 12 1 1 1 10 12 1 10 11 12 1 1 10 12 1 1 10 7 12 1 1 1 10 12 1 1 10 12 1 10 12 1 1 11 10 12 1 11 10 12 1 100 1 1 1 1 1 1 1 1 1 1 1 1 1 1 1 1 1 1 1 1 1 1 1 1 1 1 1 1 1 1 1 1 1 1 1 100 1 1 1 1 1 1 1 1 1 1 1 1 1 1 100 1 1 1 1 1 1 1 1 1 1 1
ciInstanceKlass java/io/ByteArrayInputStream 1 1 135 10 7 12 1 1 1 9 7 12 1 1 1 9 12 1 1 9 12 1 9 12 1 10 7 12 1 1 1 10 7 12 1 1 1 10 7 12 1 1 1 10 100 12 1 1 1 10 12 1 1 10 100 12 1 1 1 100 1 100 1 100 1 3 10 100 1 10 100 12 1 1 1 9 12 1 1 100 1 10 10 7 12 1 1 1 1 1 1 1 1 1 1 1 1 1 1 1 1 1 1 1 1 1 1 1 1 1 1 1 1 1 1 1 1 1 1 1 100 1 100 1 1 1 1 1 1 1 1 1 1 1 1 1 1
staticfield java/io/ByteArrayInputStream $assertionsDisabled Z 1
instanceKlass java/nio/IntBuffer
instanceKlass java/nio/CharBuffer
instanceKlass java/nio/LongBuffer
instanceKlass java/nio/ByteBuffer
ciInstanceKlass java/nio/Buffer 1 1 259 100 1 10 7 12 1 1 1 9 7 12 1 1 1 9 12 1 9 12 1 1 9 12 1 9 12 1 1 10 12 1 1 10 12 1 1 10 12 100 1 100 1 10 8 1 10 12 1 1 10 12 1 8 1 8 1 10 12 1 1 10 12 1 8 1 9 12 1 1 100 1 8 1 10 12 1 8 1 8 1 9 12 10 12 1 8 1 8 1 8 1 10 12 1 8 1 8 1 8 1 100 1 10 100 1 10 100 1 10 9 12 1 1 10 7 12 1 1 1 100 1 10 12 1 1 10 12 1 10 100 12 1 1 10 7 12 1 1 1 10 7 12 1 1 1 9 12 1 1 10 7 12 1 1 1 9 12 1 1 7 1 10 10 12 1 1 7 1 10 10 7 12 1 1 1 1 1 3 1 1 1 1 1 1 1 1 1 1 1 1 1 1 100 1 1 1 1 1 1 1 100 1 1 1 1 1 1 1 1 1 1 1 1 1 1 1 1 1 1 1 1 1 1 1 1 1 1 1 1 1 1 1 1 1 1 1 1 1 1 1 1 1 1 100 1 100 1 100 1 100 1 100 1 100 1 100 1 1
staticfield java/nio/Buffer UNSAFE Ljdk/internal/misc/Unsafe; jdk/internal/misc/Unsafe
staticfield java/nio/Buffer SCOPED_MEMORY_ACCESS Ljdk/internal/misc/ScopedMemoryAccess; jdk/internal/misc/ScopedMemoryAccess
staticfield java/nio/Buffer IOOBE_FORMATTER Ljava/util/function/BiFunction; jdk/internal/util/Preconditions$4
staticfield java/nio/Buffer $assertionsDisabled Z 1
ciMethod java/nio/Buffer position (I)Ljava/nio/Buffer; 656 0 6083 0 176
ciMethod java/nio/Buffer limit (I)Ljava/nio/Buffer; 1024 0 14849 0 184
ciMethod java/nio/Buffer flip ()Ljava/nio/Buffer; 142 0 13783 0 0
ciMethod java/nio/Buffer rewind ()Ljava/nio/Buffer; 768 0 6580 0 0
ciMethod java/nio/Buffer isReadOnly ()Z 0 0 1 0 -1
ciMethod java/nio/Buffer <init> (IIIILjava/lang/foreign/MemorySegment;)V 1024 0 11778 0 496
ciMethod java/nio/Buffer position ()I 756 0 378 0 0
ciMethod java/nio/Buffer limit ()I 326 0 163 0 0
ciMethod java/nio/Buffer remaining ()I 14 0 82615 0 88
ciMethod java/nio/Buffer capacity ()I 256 0 128 0 0
ciMethod java/nio/Buffer createCapacityException (I)Ljava/lang/IllegalArgumentException; 0 0 1 0 -1
ciMethod java/nio/Buffer createPositionException (I)Ljava/lang/IllegalArgumentException; 0 0 1 0 -1
ciMethod java/nio/Buffer createLimitException (I)Ljava/lang/IllegalArgumentException; 0 0 1 0 -1
ciMethod java/nio/Buffer session ()Ljdk/internal/foreign/MemorySessionImpl; 514 0 147971 0 -1
ciMethod java/nio/Buffer createSameBufferException ()Ljava/lang/IllegalArgumentException; 0 0 1 0 -1
ciMethod java/nio/Buffer checkSession ()V 514 0 17951 0 0
ciInstanceKlass jdk/internal/util/Preconditions 1 1 194 10 100 12 1 1 1 11 100 12 1 1 1 11 100 12 1 1 1 100 1 100 1 10 7 12 1 1 1 10 12 1 8 1 100 1 10 100 12 1 1 1 10 12 1 1 8 1 8 1 10 100 12 1 1 7 1 10 12 1 8 1 10 100 12 1 1 1 8 1 10 12 1 1 10 12 1 1 11 12 1 8 1 8 1 11 12 1 1 8 1 8 1 8 1 10 12 1 1 10 12 1 1 10 12 1 10 12 1 10 12 1 10 12 7 1 10 10 12 1 1 9 12 1 1 7 1 10 9 12 1 7 1 10 9 12 1 1 1 1 1 1 1 1 1 1 1 1 1 1 1 1 1 1 1 1 1 1 1 1 1 1 1 1 1 1 1 1 1 1 1 1 1 1 1 1 1 1 1 1 1 1 1 1 1 1 1 1 1 1 1 1 1 1
staticfield jdk/internal/util/Preconditions SIOOBE_FORMATTER Ljava/util/function/BiFunction; jdk/internal/util/Preconditions$4
staticfield jdk/internal/util/Preconditions AIOOBE_FORMATTER Ljava/util/function/BiFunction; jdk/internal/util/Preconditions$4
staticfield jdk/internal/util/Preconditions IOOBE_FORMATTER Ljava/util/function/BiFunction; jdk/internal/util/Preconditions$4
ciInstanceKlass java/util/function/BiFunction 1 1 65 10 100 12 1 1 1 18 12 1 1 11 100 12 1 1 11 100 12 1 100 1 1 1 1 1 1 1 1 1 1 1 1 1 1 1 1 1 1 1 1 1 1 1 1 1 1 1 16 15 11 12 15 10 100 12 1 1 1 1 100 1 100 1 1
ciMethod jdk/internal/util/Preconditions checkFromIndexSize (IIILjava/util/function/BiFunction;)I 534 0 192008 0 168
ciMethod jdk/internal/util/Preconditions outOfBoundsCheckFromIndexSize (Ljava/util/function/BiFunction;III)Ljava/lang/RuntimeException; 0 0 1 0 -1
ciInstanceKlass java/lang/AssertionStatusDirectives 0 0 24 10 100 12 1 1 1 100 1 1 1 1 1 1 1 1 1 1 1 1 1 1 1 1
instanceKlass com/sun/tools/javac/jvm/PoolConstant$Dynamic$PoolKey
instanceKlass com/sun/tools/javac/comp/Infer$IncorporationBinaryOpKey
instanceKlass com/sun/tools/javac/tree/JCTree$JCBlock$PatternMatchingCatch
instanceKlass com/sun/tools/javac/code/TypeMetadata$ConstantValue
instanceKlass com/sun/tools/javac/code/TypeMetadata$Annotations
instanceKlass com/sun/tools/javac/code/Symbol$ClassSymbol$PermittedClassWithPos
instanceKlass com/sun/tools/javac/code/LintMapper$Span
instanceKlass com/sun/tools/javac/code/LintMapper$LintRange
instanceKlass jdk/internal/classfile/impl/ClassFileImpl$ClassHierarchyResolverOptionImpl
instanceKlass com/sun/tools/javac/comp/Lower$TypePairs
instanceKlass com/sun/tools/javac/jvm/Gen$PatternMatchingCatchConfiguration
instanceKlass java/text/DecimalFormat$NumericPosition
instanceKlass sun/security/pkcs/PKCS9Attribute$AttributeInfo
instanceKlass javax/crypto/KDF$Delegate
instanceKlass jdk/net/UnixDomainPrincipal
instanceKlass jdk/internal/misc/ThreadTracker$ThreadRef
instanceKlass java/util/Formatter$FixedString
instanceKlass java/lang/reflect/Executable$ParameterData
instanceKlass jdk/internal/classfile/impl/AbstractInstruction$SwitchCaseImpl
instanceKlass jdk/internal/classfile/impl/StackCounter$Target
instanceKlass jdk/internal/classfile/impl/StackMapDecoder$StackMapFrameImpl
instanceKlass jdk/internal/classfile/impl/StackMapDecoder$ObjectVerificationTypeInfoImpl
instanceKlass java/lang/reflect/Proxy$ProxyBuilder$ProxyClassContext
instanceKlass java/lang/ClassValue$Version
instanceKlass sun/util/locale/LanguageTag
instanceKlass java/util/stream/Collectors$CollectorImpl
instanceKlass java/lang/invoke/MethodHandles$Lookup$ClassDefiner
instanceKlass jdk/internal/classfile/impl/ClassHierarchyImpl$ClassHierarchyInfoImpl
instanceKlass java/lang/classfile/ClassHierarchyResolver$1Factory
instanceKlass jdk/internal/classfile/impl/RawBytecodeHelper$CodeRange
instanceKlass jdk/internal/classfile/impl/StackMapGenerator$Type
instanceKlass jdk/internal/classfile/impl/Util$1WithCodeMethodHandler
instanceKlass jdk/internal/classfile/impl/DirectCodeBuilder$DeferredLabel
instanceKlass java/lang/invoke/InvokerBytecodeGenerator$ClassData
instanceKlass jdk/internal/classfile/impl/AnnotationImpl
instanceKlass java/security/SecureClassLoader$CodeSourceKey
instanceKlass java/util/zip/ZipFile$EntryPos
instanceKlass sun/nio/fs/WindowsPathParser$Result
instanceKlass jdk/internal/reflect/ReflectionFactory$Config
instanceKlass jdk/internal/foreign/abi/UpcallLinker$CallRegs
instanceKlass jdk/internal/foreign/abi/VMStorage
ciInstanceKlass java/lang/Record 1 1 22 10 7 12 1 1 1 100 1 1 1 1 1 1 1 1 1 1 1 1 1 1
ciInstanceKlass java/util/concurrent/ConcurrentHashMap 1 1 1225 100 1 7 1 10 7 12 1 1 1 10 12 1 1 9 12 1 1 3 10 7 12 1 1 1 3 100 1 10 7 12 1 1 1 100 1 10 100 12 1 1 1 100 1 11 12 1 1 11 12 1 11 12 1 1 9 12 1 1 9 12 1 9 12 1 1 10 7 12 1 1 1 7 1 10 12 1 1 10 12 1 1 10 7 12 1 1 1 4 10 12 1 11 7 12 1 1 10 12 1 10 12 1 1 100 1 10 5 0 10 12 1 9 12 1 10 12 1 1 5 0 10 12 1 10 12 1 9 12 1 1 10 12 1 1 9 12 1 9 12 1 1 10 12 1 1 9 12 1 10 12 1 1 9 12 1 1 10 12 1 1 100 1 10 100 1 10 12 1 10 12 1 1 10 12 1 1 10 12 1 1 10 12 1 10 12 1 1 10 12 1 1 7 1 10 12 1 1 7 1 100 1 8 1 10 12 1 10 12 1 1 10 12 1 1 10 10 12 1 11 12 1 1 11 7 12 1 1 1 11 7 12 1 1 1 11 12 1 7 1 11 12 1 11 12 1 10 12 1 1 10 12 1 1 9 12 1 1 10 7 12 1 1 1 9 10 12 1 1 9 12 1 10 12 1 1 5 0 9 12 1 1 7 1 10 12 1 9 12 1 1 7 1 10 12 1 9 12 1 7 1 10 100 1 10 10 12 1 1 8 1 10 12 1 10 12 1 1 11 100 1 100 1 10 12 1 10 100 12 1 1 1 8 1 10 100 12 1 1 1 8 1 10 12 1 8 1 10 12 1 10 12 1 1 10 100 12 1 1 10 12 1 10 12 1 10 12 1 9 12 1 9 10 12 1 9 12 1 11 100 12 1 1 1 11 7 12 1 1 1 100 1 10 12 11 100 12 1 1 10 11 7 12 1 10 12 1 100 1 10 12 1 100 1 10 10 9 7 12 1 1 1 3 10 100 12 1 1 9 12 1 10 12 1 1 9 12 1 1 9 12 1 10 12 1 1 10 7 12 1 1 9 12 1 9 7 12 1 1 10 12 1 1 10 12 1 3 9 12 1 9 12 1 10 12 1 1 7 1 9 3 100 1 10 12 1 9 12 1 10 12 1 9 12 1 10 12 1 9 12 1 10 100 12 1 1 1 100 10 12 1 100 1 5 0 10 100 12 1 1 100 1 10 12 1 1 10 12 1 10 12 1 100 1 10 12 1 10 100 1 100 1 10 10 12 1 10 100 1 10 12 1 10 100 1 10 12 1 10 100 1 10 12 1 1 100 1 10 12 1 10 10 12 1 100 1 10 12 1 10 10 12 1 100 1 10 12 1 10 100 1 10 12 1 10 100 1 10 12 1 10 100 1 10 12 1 10 100 1 10 12 1 10 100 1 10 12 1 10 100 1 10 12 1 10 100 1 10 12 1 10 100 1 10 10 100 1 10 10 100 1 10 10 100 1 10 12 1 10 100 1 10 12 1 10 100 1 10 12 1 10 100 1 10 12 1 10 100 1 10 12 1 10 100 1 10 10 100 1 10 10 100 1 10 10 100 1 10 12 1 10 100 1 10 12 1 10 100 1 10 12 1 10 100 1 10 12 1 10 100 1 10 12 1 10 10 12 1 10 12 1 7 1 7 1 10 12 1 9 12 1 1 9 12 1 1 10 12 1 1 8 10 12 1 1 8 8 8 8 7 10 12 1 1 10 12 1 1 100 1 8 1 10 7 1 100 1 100 1 1 1 5 0 1 1 3 1 3 1 1 1 1 3 1 3 1 3 1 1 1 1 1 3 1 3 1 3 1 1 1 1 1 1 1 1 1 1 1 1 1 1 1 1 1 1 1 1 1 1 1 1 1 1 1 1 100 1 1 1 1 1 1 1 1 1 1 1 1 1 1 1 1 1 1 1 1 1 1 1 1 1 1 1 1 1 1 1 1 1 1 1 1 1 1 1 1 1 1 1 1 1 1 1 1 1 1 1 1 1 1 1 1 1 1 1 1 1 1 1 1 1 1 1 1 1 1 1 1 1 1 1 100 1 1 1 1 1 1 1 1 1 1 100 1 1 1 1 1 1 1 1 1 1 1 100 1 1 1 1 1 1 1 1 1 1 1 1 1 1 1 1 1 1 1 1 1 1 1 1 1 1 1 1 1 1 1 1 1 1 1 1 1 1 1 1 1 1 1 1 1 1 1 1 1 1 1 1 1 1 1 1 1 1 1 1 1 1 1 1 1 1 1 1 1 1 1 1 1 1 1 1 1 1 1 1 1 1 1 1 1 1 1 1 1 1 1 1 1 1 1 1 1 1 1 1 1 1 1 1 1 1 1 1 1 1 1 1 1 1 1 1 1 1 1 1 1 1 1 1 1 1 1 1 1 1 1 1 1 1 1 1 1 1 1 1 1 1 1 1 1 1 1 1 1 1 1 1 1 1 1 1 1 1 1 1 1 1 1 1 1 1 1 1 1 1 1 1 1 1 1 1 1 1 1 1 1 1 1 1 1 1 1 1 1 1 1 1 1 1 1 1 1 1 1 1 1 1 1 1 1 1 1 1 1 1 1 1 1 1 1 1 1 1 1 1 1 1 1 1 100 1 100 1 100 1 100 1 100 1 100 1 100 1 100 1 100 1 1 1 1 1 1 1 1 1 1 1 1 1 1 1 1 1 1 1 1 1 1 1 1 1 1 1 1 1 1 1 1 1 1 1 1 1 1 1 1 1 1 1 1 1 1 1 1 1 1 1 1 1 1 1 1 1 1
staticfield java/util/concurrent/ConcurrentHashMap serialPersistentFields [Ljava/io/ObjectStreamField; 3 [Ljava/io/ObjectStreamField;
staticfield java/util/concurrent/ConcurrentHashMap U Ljdk/internal/misc/Unsafe; jdk/internal/misc/Unsafe
staticfield java/util/concurrent/ConcurrentHashMap SIZECTL J 44
staticfield java/util/concurrent/ConcurrentHashMap TRANSFERINDEX J 56
staticfield java/util/concurrent/ConcurrentHashMap BASECOUNT J 48
staticfield java/util/concurrent/ConcurrentHashMap CELLSBUSY J 60
staticfield java/util/concurrent/ConcurrentHashMap CELLVALUE J 144
staticfield java/util/concurrent/ConcurrentHashMap ABASE J 16
staticfield java/util/concurrent/ConcurrentHashMap ASHIFT I 2
instanceKlass org/apache/maven/project/DefaultProjectBuilder$1
instanceKlass java/util/concurrent/ConcurrentSkipListMap
instanceKlass java/util/Collections$SingletonMap
instanceKlass org/eclipse/sisu/wire/EntryMapAdapter
instanceKlass com/google/common/collect/Maps$ViewCachingAbstractMap
instanceKlass com/google/common/collect/MapMakerInternalMap
instanceKlass org/eclipse/sisu/wire/MergedProperties
instanceKlass com/google/common/cache/LocalCache
instanceKlass java/util/EnumMap
instanceKlass java/util/TreeMap
instanceKlass java/util/IdentityHashMap
instanceKlass java/util/WeakHashMap
instanceKlass java/util/Collections$EmptyMap
instanceKlass sun/util/PreHashedMap
instanceKlass java/util/HashMap
instanceKlass java/util/ImmutableCollections$AbstractImmutableMap
instanceKlass java/util/concurrent/ConcurrentHashMap
ciInstanceKlass java/util/AbstractMap 1 1 200 10 7 12 1 1 1 10 7 12 1 1 1 11 7 12 1 1 1 10 11 12 1 1 11 7 12 1 1 1 11 12 1 1 7 1 11 12 1 10 12 1 1 11 12 1 100 1 10 11 12 1 11 7 1 10 12 1 1 11 12 1 9 12 1 1 7 1 10 12 1 9 12 1 1 7 1 10 11 11 12 1 1 11 12 1 100 1 100 1 11 12 1 8 1 100 1 10 10 12 1 1 8 1 10 12 1 10 12 1 1 10 12 1 1 1 1 1 1 1 1 1 1 1 1 1 1 1 1 1 1 1 1 1 1 1 1 1 1 1 1 1 1 1 1 1 1 1 1 1 1 1 1 100 1 1 1 1 1 1 1 100 1 1 1 1 1 1 1 1 1 7 1 1 1 1 1 1 1 1 1 1 1 100 1 100 1 100 1 100 1 100 1 1 1 1 1 1 1 1
ciInstanceKlass java/util/concurrent/ConcurrentMap 1 1 201 11 100 12 1 1 1 10 100 12 1 1 11 12 1 1 11 100 12 1 1 1 11 100 12 1 1 1 11 12 1 1 100 1 11 12 1 11 12 1 100 1 11 100 12 1 1 1 18 12 1 11 12 1 1 11 100 12 1 1 11 12 1 1 11 100 12 1 11 12 1 1 11 12 1 1 100 1 100 1 1 1 1 1 1 1 1 1 1 1 1 1 1 1 1 1 1 1 1 1 1 1 1 1 1 1 1 1 1 1 1 1 1 1 1 1 1 1 1 1 1 1 1 1 1 1 1 1 1 1 1 1 1 1 1 1 1 1 1 16 15 11 12 15 10 100 12 1 1 1 1 1 100 1 100 1 1 1 100 1 8 1 1 12 10 1 8 1 1 1 8 1 1 8 1 1 1 8 1 1 1 8 1 1 8 1 8 1 8 1 1 1 8 1 1 8 1 1 1 8 1
ciInstanceKlass java/util/Collection 1 1 115 11 100 12 1 1 1 100 1 11 7 12 1 1 1 10 7 12 1 1 1 11 12 1 1 11 7 12 1 1 1 11 12 1 1 11 100 12 1 1 1 11 12 1 1 10 7 12 1 1 1 11 12 1 10 7 12 1 1 1 100 1 100 1 1 1 1 1 1 1 1 1 1 1 1 1 1 1 1 1 1 1 1 1 1 1 1 1 1 1 1 1 1 1 1 1 1 1 1 1 1 1 1 1 1 1 1 1 1 1 1 1 1 1 1
instanceKlass jdk/internal/loader/ClassLoaders$BootClassLoader
instanceKlass jdk/internal/loader/ClassLoaders$PlatformClassLoader
instanceKlass jdk/internal/loader/ClassLoaders$AppClassLoader
ciInstanceKlass jdk/internal/loader/BuiltinClassLoader 1 1 652 9 7 12 1 1 1 10 7 12 1 1 1 10 7 12 1 1 1 9 12 1 1 9 12 1 1 7 1 10 12 1 9 12 1 10 12 1 9 12 1 10 7 12 1 1 1 10 7 12 1 1 1 10 7 12 1 1 1 11 7 12 1 1 1 100 1 100 1 10 10 12 1 1 8 1 10 12 1 10 12 7 1 10 12 1 10 12 1 1 11 7 12 1 1 1 11 7 12 1 1 1 11 12 1 1 7 1 8 1 8 1 10 9 12 1 1 10 7 12 1 1 11 12 1 1 10 12 1 1 10 12 1 1 10 12 1 1 11 7 12 1 1 1 10 7 12 1 1 7 1 10 7 12 1 1 1 10 7 12 1 1 1 10 12 1 10 12 1 100 1 8 1 10 12 1 1 10 8 1 10 12 1 1 10 12 1 1 10 12 1 1 11 7 12 1 1 11 12 1 7 1 10 11 12 1 1 11 10 12 1 1 7 1 10 12 1 10 7 12 1 10 12 1 11 12 1 1 11 7 1 11 12 1 7 1 10 12 1 1 100 1 100 1 11 12 1 1 10 12 1 10 12 10 12 1 10 7 12 1 1 1 7 1 10 10 12 1 1 10 12 1 1 10 12 1 1 10 12 1 9 12 1 1 100 1 10 10 12 1 1 10 12 1 1 10 12 1 10 12 10 12 1 1 10 12 1 1 10 12 1 1 10 12 1 10 12 1 1 10 12 1 1 10 12 1 10 12 1 1 10 12 1 7 1 10 12 10 7 12 1 1 1 10 12 1 11 12 1 7 1 10 12 1 7 1 100 1 10 12 1 10 12 1 11 12 1 1 10 12 1 1 10 12 1 1 10 12 1 1 10 12 1 1 10 12 1 10 12 1 10 12 1 10 12 1 8 1 10 12 1 1 10 7 12 1 1 10 12 1 100 1 8 1 8 1 10 10 12 1 8 1 8 1 10 7 12 1 1 1 11 7 12 1 1 1 9 7 12 1 1 1 10 7 12 1 1 1 9 12 1 9 12 1 9 12 1 9 12 1 9 12 1 9 12 1 10 7 12 1 1 1 8 1 10 12 1 7 1 10 11 12 1 1 10 12 10 12 1 10 12 1 100 1 10 12 1 10 12 1 11 11 12 1 10 7 12 1 1 10 7 12 1 1 8 1 10 7 12 1 1 10 12 1 1 1 1 1 1 1 1 1 1 1 1 1 1 1 1 1 1 1 1 1 1 1 1 1 1 1 1 1 1 1 1 1 1 1 1 1 1 1 1 1 1 1 1 1 1 1 1 1 1 1 1 1 1 1 100 1 1 1 1 1 1 1 1 1 1 1 1 1 100 1 100 1 1 1 1 1 1 1 1 1 1 1 1 1 1 1 1 1 1 1 1 1 1 1 1 1 1 1 1 1 1 1 1 1 1 1 1 1 1 1 1 1 1 1 1 1 1 1 100 1 1 1 100 1 1 1 1 1
staticfield jdk/internal/loader/BuiltinClassLoader packageToModule Ljava/util/Map; java/util/concurrent/ConcurrentHashMap
staticfield jdk/internal/loader/BuiltinClassLoader $assertionsDisabled Z 1
ciInstanceKlass jdk/internal/loader/ClassLoaders$AppClassLoader 1 1 57 8 1 10 7 12 1 1 1 10 7 12 1 1 1 10 12 1 1 10 7 12 1 1 1 100 1 10 12 1 1 1 1 1 1 1 1 1 1 1 1 1 1 1 1 1 1 1 1 1 1 1 1 7 1 1 1
ciInstanceKlass jdk/internal/loader/ClassLoaders$PlatformClassLoader 1 1 42 8 1 10 7 12 1 1 1 10 7 12 1 1 1 100 1 10 12 1 100 1 1 1 1 1 1 1 1 1 1 1 1 1 1 100 1 1 1 100 1 1
ciInstanceKlass java/lang/ArithmeticException 1 1 26 10 100 12 1 1 1 10 12 1 100 1 1 1 1 5 0 1 1 1 1 1 1 1 1 1
instanceKlass lombok/javac/JavacResolution$TypeNotConvertibleException
instanceKlass lombok/javac/handlers/HandleDelegate$CantMakeDelegates
instanceKlass com/sun/tools/javac/parser/ReferenceParser$ParseException
instanceKlass com/sun/tools/javac/jvm/JNIWriter$TypeSignature$SignatureException
instanceKlass com/sun/tools/javac/jvm/ModuleNameReader$BadClassFile
instanceKlass com/sun/tools/javac/util/ByteBuffer$UnderflowException
instanceKlass com/sun/tools/javac/util/InvalidUtfException
instanceKlass com/sun/tools/javac/platform/PlatformProvider$PlatformNotSupported
instanceKlass jdk/javadoc/internal/doclint/DocLint$BadArgs
instanceKlass com/sun/tools/javac/main/Option$InvalidValueException
instanceKlass org/codehaus/plexus/util/cli/CommandLineException
instanceKlass org/codehaus/plexus/compiler/util/scan/InclusionScanException
instanceKlass org/codehaus/plexus/compiler/CompilerException
instanceKlass org/codehaus/plexus/compiler/manager/NoSuchCompilerException
instanceKlass org/codehaus/plexus/interpolation/InterpolationException
instanceKlass org/apache/maven/artifact/DependencyResolutionRequiredException
instanceKlass org/codehaus/plexus/util/introspection/MethodMap$AmbiguousException
instanceKlass org/xml/sax/SAXException
instanceKlass javax/xml/parsers/ParserConfigurationException
instanceKlass org/apache/maven/shared/filtering/MavenFilteringException
instanceKlass org/codehaus/plexus/interpolation/reflection/MethodMap$AmbiguousException
instanceKlass sun/security/pkcs11/wrapper/PKCS11Exception
instanceKlass javax/naming/NamingException
instanceKlass java/net/URISyntaxException
instanceKlass sun/nio/fs/WindowsException
instanceKlass org/sonatype/plexus/components/cipher/PlexusCipherException
instanceKlass org/sonatype/plexus/components/sec/dispatcher/SecDispatcherException
instanceKlass org/apache/maven/model/resolution/UnresolvableModelException
instanceKlass org/apache/maven/model/resolution/InvalidRepositoryException
instanceKlass org/apache/maven/cli/internal/ExtensionResolutionException
instanceKlass org/apache/maven/toolchain/building/ToolchainsBuildingException
instanceKlass org/apache/maven/execution/MavenExecutionRequestPopulationException
instanceKlass org/apache/maven/settings/building/SettingsBuildingException
instanceKlass org/apache/maven/repository/legacy/resolver/conflict/ConflictResolverNotFoundException
instanceKlass org/apache/maven/project/interpolation/ModelInterpolationException
instanceKlass org/apache/maven/configuration/BeanConfigurationException
instanceKlass org/apache/maven/lifecycle/LifecycleNotFoundException
instanceKlass org/apache/maven/lifecycle/LifecyclePhaseNotFoundException
instanceKlass org/apache/maven/lifecycle/LifecycleExecutionException
instanceKlass org/apache/maven/repository/metadata/MetadataGraphTransformationException
instanceKlass org/apache/maven/plugin/version/PluginVersionNotFoundException
instanceKlass org/apache/maven/plugin/InvalidPluginException
instanceKlass org/codehaus/plexus/component/configurator/ComponentConfigurationException
instanceKlass org/codehaus/plexus/component/configurator/expression/ExpressionEvaluationException
instanceKlass org/codehaus/plexus/configuration/PlexusConfigurationException
instanceKlass org/codehaus/plexus/component/composition/CycleDetectedInComponentGraphException
instanceKlass org/apache/maven/plugin/PluginConfigurationException
instanceKlass org/apache/maven/plugin/PluginManagerException
instanceKlass org/apache/maven/plugin/prefix/NoPluginFoundForPrefixException
instanceKlass org/apache/maven/plugin/version/PluginVersionResolutionException
instanceKlass org/apache/maven/artifact/repository/metadata/RepositoryMetadataReadException
instanceKlass org/apache/maven/artifact/repository/metadata/RepositoryMetadataStoreException
instanceKlass org/codehaus/plexus/personality/plexus/lifecycle/phase/InitializationException
instanceKlass org/apache/maven/repository/metadata/GraphConflictResolutionException
instanceKlass org/apache/maven/repository/metadata/MetadataResolutionException
instanceKlass org/apache/maven/project/DependencyResolutionException
instanceKlass org/apache/maven/model/building/ModelBuildingException
instanceKlass org/apache/maven/lifecycle/internal/builder/BuilderNotFoundException
instanceKlass org/apache/maven/lifecycle/NoGoalSpecifiedException
instanceKlass org/apache/maven/lifecycle/MissingProjectException
instanceKlass org/apache/maven/plugin/InvalidPluginDescriptorException
instanceKlass org/apache/maven/plugin/MojoNotFoundException
instanceKlass org/apache/maven/plugin/PluginDescriptorParsingException
instanceKlass org/apache/maven/toolchain/MisconfiguredToolchainException
instanceKlass org/apache/maven/BuildFailureException
instanceKlass org/codehaus/plexus/util/dag/CycleDetectedException
instanceKlass org/apache/maven/MavenExecutionException
instanceKlass org/apache/maven/project/DuplicateProjectException
instanceKlass org/apache/maven/artifact/deployer/ArtifactDeploymentException
instanceKlass org/apache/maven/artifact/installer/ArtifactInstallationException
instanceKlass org/apache/maven/artifact/resolver/AbstractArtifactResolutionException
instanceKlass org/apache/maven/repository/ArtifactDoesNotExistException
instanceKlass org/apache/maven/repository/ArtifactTransferFailedException
instanceKlass org/apache/maven/plugin/PluginResolutionException
instanceKlass org/eclipse/aether/RepositoryException
instanceKlass org/apache/maven/project/ProjectBuildingException
instanceKlass org/apache/maven/artifact/InvalidRepositoryException
instanceKlass org/apache/maven/artifact/versioning/InvalidVersionSpecificationException
instanceKlass org/apache/maven/repository/legacy/metadata/ArtifactMetadataRetrievalException
instanceKlass org/apache/maven/artifact/repository/metadata/RepositoryMetadataResolutionException
instanceKlass org/apache/http/HttpException
instanceKlass org/codehaus/plexus/component/repository/exception/ComponentLifecycleException
instanceKlass java/security/GeneralSecurityException
instanceKlass org/apache/maven/wagon/WagonException
instanceKlass org/apache/maven/plugin/AbstractMojoExecutionException
instanceKlass java/util/concurrent/TimeoutException
instanceKlass com/google/common/collect/RegularImmutableMap$BucketOverflowException
instanceKlass java/util/concurrent/ExecutionException
instanceKlass java/lang/InterruptedException
instanceKlass com/google/inject/internal/ErrorsException
instanceKlass com/google/inject/internal/InternalProvisionException
instanceKlass org/codehaus/plexus/context/ContextException
instanceKlass java/text/ParseException
instanceKlass org/codehaus/plexus/PlexusContainerException
instanceKlass org/codehaus/plexus/component/repository/exception/ComponentLookupException
instanceKlass org/codehaus/plexus/util/xml/pull/XmlPullParserException
instanceKlass java/lang/CloneNotSupportedException
instanceKlass org/apache/commons/cli/ParseException
instanceKlass org/codehaus/plexus/interpolation/InterpolationException
instanceKlass org/apache/maven/cli/MavenCli$ExitException
instanceKlass org/codehaus/plexus/classworlds/ClassWorldException
instanceKlass org/codehaus/plexus/classworlds/launcher/ConfigurationException
instanceKlass java/io/IOException
instanceKlass java/lang/ReflectiveOperationException
instanceKlass java/lang/RuntimeException
ciInstanceKlass java/lang/Exception 1 1 40 10 7 12 1 1 1 10 12 1 10 12 1 10 12 1 10 12 1 100 1 1 1 1 5 0 1 1 1 1 1 1 1 1 1 1 1 1 1 1
instanceKlass lombok/core/AnnotationValues$AnnotationValueDecodeFail
instanceKlass java/lang/MatchException
instanceKlass java/lang/LayerInstantiationException
instanceKlass javax/lang/model/UnknownEntityException
instanceKlass com/sun/tools/javac/jvm/Gen$CodeSizeOverflow
instanceKlass com/sun/tools/javac/code/Types$AdaptFailure
instanceKlass com/sun/tools/javac/comp/Attr$BreakAttr
instanceKlass com/sun/tools/javac/util/CompilerInternalException
instanceKlass com/sun/tools/javac/jvm/ClassWriter$StringOverflow
instanceKlass com/sun/tools/javac/jvm/ClassWriter$PoolOverflow
instanceKlass com/sun/tools/javac/code/Symbol$CompletionFailure
instanceKlass java/nio/file/FileSystemAlreadyExistsException
instanceKlass java/util/MissingResourceException
instanceKlass java/nio/file/FileSystemNotFoundException
instanceKlass java/nio/file/ProviderNotFoundException
instanceKlass com/sun/tools/javac/util/ClientCodeException
instanceKlass com/sun/tools/javac/util/PropagatedException
instanceKlass org/apache/maven/project/DuplicateArtifactAttachmentException
instanceKlass java/time/DateTimeException
instanceKlass java/security/ProviderException
instanceKlass org/apache/http/ParseException
instanceKlass org/eclipse/aether/named/support/LockUpgradeNotSupportedException
instanceKlass java/util/concurrent/StructureViolationException
instanceKlass java/util/ConcurrentModificationException
instanceKlass com/google/inject/internal/aop/GlueException
instanceKlass java/io/UncheckedIOException
instanceKlass org/apache/maven/artifact/InvalidArtifactRTException
instanceKlass com/google/inject/OutOfScopeException
instanceKlass java/lang/annotation/IncompleteAnnotationException
instanceKlass java/lang/reflect/UndeclaredThrowableException
instanceKlass com/google/common/util/concurrent/UncheckedExecutionException
instanceKlass com/google/common/cache/CacheLoader$InvalidCacheLoadException
instanceKlass java/util/NoSuchElementException
instanceKlass com/google/inject/CreationException
instanceKlass com/google/inject/ConfigurationException
instanceKlass com/google/inject/ProvisionException
instanceKlass java/lang/TypeNotPresentException
instanceKlass java/lang/UnsupportedOperationException
instanceKlass java/lang/SecurityException
instanceKlass java/lang/IllegalStateException
instanceKlass java/lang/IllegalArgumentException
instanceKlass java/lang/IndexOutOfBoundsException
instanceKlass java/lang/ArithmeticException
instanceKlass java/lang/NullPointerException
instanceKlass jdk/internal/vm/PreemptedException
instanceKlass java/lang/IllegalCallerException
instanceKlass java/lang/IllegalMonitorStateException
instanceKlass java/lang/ArrayStoreException
instanceKlass java/lang/ClassCastException
ciInstanceKlass java/lang/RuntimeException 1 1 40 10 7 12 1 1 1 10 12 1 10 12 1 10 12 1 10 12 1 100 1 1 1 1 5 0 1 1 1 1 1 1 1 1 1 1 1 1 1 1
ciInstanceKlass java/lang/ArrayIndexOutOfBoundsException 1 1 45 10 100 12 1 1 1 10 12 1 100 1 10 8 1 10 12 1 1 10 12 1 10 12 1 1 100 1 1 1 1 5 0 1 1 1 1 1 1 1 1 1 1 1 1
instanceKlass org/objectweb/asm/MethodTooLargeException
instanceKlass org/objectweb/asm/ClassTooLargeException
instanceKlass java/lang/StringIndexOutOfBoundsException
instanceKlass java/lang/ArrayIndexOutOfBoundsException
ciInstanceKlass java/lang/IndexOutOfBoundsException 1 1 49 10 100 12 1 1 1 10 12 1 100 1 10 8 1 10 12 1 1 10 12 1 10 12 1 1 10 12 1 100 1 1 1 1 5 0 1 1 1 1 1 1 1 1 1 1 1 1 1
ciInstanceKlass java/lang/ArrayStoreException 1 1 26 10 100 12 1 1 1 10 12 1 100 1 1 1 1 5 0 1 1 1 1 1 1 1 1 1
ciInstanceKlass java/lang/ClassCastException 1 1 26 10 100 12 1 1 1 10 12 1 100 1 1 1 1 5 0 1 1 1 1 1 1 1 1 1
ciInstanceKlass java/lang/ClassNotFoundException 1 1 96 7 1 10 7 12 1 1 1 10 12 1 10 12 1 1 10 100 12 1 1 1 8 1 10 100 12 1 1 1 10 7 12 1 1 10 100 12 1 1 1 10 100 12 1 1 1 10 12 1 1 7 1 10 12 1 9 12 1 1 1 1 1 5 0 1 1 1 1 1 1 1 1 1 1 1 1 1 1 1 1 1 1 100 1 1 1 1 1 1 1 1 1 1 1 1
staticfield java/lang/ClassNotFoundException serialPersistentFields [Ljava/io/ObjectStreamField; 1 [Ljava/io/ObjectStreamField;
instanceKlass java/lang/InstantiationException
instanceKlass java/lang/NoSuchFieldException
instanceKlass java/lang/IllegalAccessException
instanceKlass java/lang/reflect/InvocationTargetException
instanceKlass java/lang/NoSuchMethodException
instanceKlass java/lang/ClassNotFoundException
ciInstanceKlass java/lang/ReflectiveOperationException 1 1 34 10 7 12 1 1 1 10 12 1 10 12 1 10 12 1 100 1 1 1 1 5 0 1 1 1 1 1 1 1 1 1 1 1
instanceKlass java/util/regex/PatternSyntaxException
instanceKlass java/nio/file/ProviderMismatchException
instanceKlass java/nio/file/InvalidPathException
instanceKlass java/nio/charset/IllegalCharsetNameException
instanceKlass java/security/InvalidParameterException
instanceKlass java/nio/charset/UnsupportedCharsetException
instanceKlass java/lang/NumberFormatException
instanceKlass org/apache/maven/cli/MavenCli$IllegalUseOfUndefinedProperty
ciInstanceKlass java/lang/IllegalArgumentException 1 1 35 10 7 12 1 1 1 10 12 1 10 12 1 10 12 1 100 1 1 1 1 5 0 1 1 1 1 1 1 1 1 1 1 1 1
ciMethod java/lang/IllegalArgumentException <init> ()V 0 0 1 0 -1
ciInstanceKlass java/lang/IllegalCallerException 0 0 35 10 100 12 1 1 1 10 12 1 10 12 1 10 12 1 100 1 1 1 1 5 0 1 1 1 1 1 1 1 1 1 1 1 1
ciInstanceKlass java/lang/IllegalMonitorStateException 1 1 26 10 100 12 1 1 1 10 12 1 100 1 1 1 1 5 0 1 1 1 1 1 1 1 1 1
ciInstanceKlass java/lang/BootstrapMethodError 0 0 45 10 100 12 1 1 1 10 12 1 10 12 1 10 100 12 1 1 1 10 100 12 1 1 1 1 1 1 5 0 1 1 1 1 1 1 1 1 1 1 1 100 1 1 1
instanceKlass com/sun/tools/javac/file/PathFileObject$CannotCreateUriError
instanceKlass com/sun/tools/javac/util/Abort
instanceKlass com/sun/tools/javac/processing/AnnotationProcessingError
instanceKlass com/sun/tools/javac/util/FatalError
instanceKlass java/util/ServiceConfigurationError
instanceKlass com/google/common/util/concurrent/ExecutionError
instanceKlass java/lang/AssertionError
instanceKlass java/io/IOError
instanceKlass org/apache/maven/BuildAbort
instanceKlass java/lang/VirtualMachineError
instanceKlass java/lang/LinkageError
ciInstanceKlass java/lang/Error 1 1 58 10 7 12 1 1 1 9 12 1 1 10 100 12 1 1 1 10 100 12 1 1 1 10 12 1 10 12 1 10 12 1 10 12 1 100 1 1 1 1 5 0 1 1 1 1 1 1 1 1 100 1 1 1 1 1 1 1
instanceKlass java/lang/ClassFormatError
instanceKlass java/lang/UnsatisfiedLinkError
instanceKlass java/lang/IncompatibleClassChangeError
instanceKlass java/lang/BootstrapMethodError
instanceKlass java/lang/NoClassDefFoundError
ciInstanceKlass java/lang/LinkageError 1 1 31 10 7 12 1 1 1 10 12 1 10 12 1 100 1 1 1 1 5 0 1 1 1 1 1 1 1 1 1 1 1
ciInstanceKlass java/lang/NullPointerException 1 1 52 10 7 12 1 1 1 10 12 1 9 7 12 1 1 1 10 12 1 1 9 12 1 1 10 12 1 1 10 12 1 1 1 1 5 0 1 1 1 1 1 1 1 1 100 1 100 1 100 1 1 1
ciInstanceKlass jdk/internal/vm/PreemptedException 1 1 21 10 100 12 1 1 1 100 1 1 1 1 5 0 1 1 1 1 1 1 1
ciInstanceKlass java/lang/InternalError 1 1 34 10 100 12 1 1 1 10 12 1 10 12 1 10 12 1 100 1 1 1 1 5 0 1 1 1 1 1 1 1 1 1 1 1
instanceKlass java/lang/StackOverflowError
instanceKlass java/lang/OutOfMemoryError
instanceKlass java/lang/InternalError
ciInstanceKlass java/lang/VirtualMachineError 1 1 34 10 100 12 1 1 1 10 12 1 10 12 1 10 12 1 100 1 1 1 1 5 0 1 1 1 1 1 1 1 1 1 1 1
ciInstanceKlass java/lang/NoClassDefFoundError 1 1 26 10 7 12 1 1 1 10 12 1 100 1 1 1 1 5 0 1 1 1 1 1 1 1 1 1
ciInstanceKlass java/lang/OutOfMemoryError 1 1 26 10 100 12 1 1 1 10 12 1 100 1 1 1 1 5 0 1 1 1 1 1 1 1 1 1
ciMethod java/lang/OutOfMemoryError <init> (Ljava/lang/String;)V 0 0 1 0 -1
ciInstanceKlass java/lang/StackOverflowError 1 1 26 10 100 12 1 1 1 10 12 1 100 1 1 1 1 5 0 1 1 1 1 1 1 1 1 1
ciInstanceKlass java/lang/StackTraceElement 1 1 235 10 7 12 1 1 1 10 7 12 1 1 9 12 1 1 9 12 1 1 9 12 1 9 12 1 8 1 10 100 12 1 1 1 7 1 9 12 1 8 1 9 12 1 9 12 1 9 12 1 1 10 12 1 1 10 12 1 8 1 10 7 12 1 1 1 7 1 10 12 1 10 12 1 1 10 12 1 10 12 1 1 10 12 1 10 12 1 10 10 12 1 8 1 10 12 1 10 12 1 1 10 12 1 1 10 12 1 10 12 1 10 12 1 9 12 1 1 10 7 12 1 1 1 10 12 1 1 7 1 10 12 1 1 10 7 12 1 1 10 7 12 1 1 1 10 7 12 1 1 10 7 12 1 1 10 10 12 1 1 10 12 1 1 10 12 1 1 10 12 1 100 1 1 1 1 1 1 1 3 1 3 1 1 5 0 1 1 1 1 1 1 1 1 1 1 1 1 1 1 1 1 1 1 1 1 1 1 1 1 1 1 1 1 1 100 1 100 1 1 1 1 1 1 1 100 1 1 1 1 1 1 1 1 1
instanceKlass java/util/concurrent/locks/AbstractQueuedLongSynchronizer
instanceKlass java/util/concurrent/locks/AbstractQueuedSynchronizer
ciInstanceKlass java/util/concurrent/locks/AbstractOwnableSynchronizer 1 1 32 10 7 12 1 1 1 9 7 12 1 1 1 100 1 1 1 1 5 0 1 1 1 1 1 1 1 1 1 1 1 1
ciInstanceKlass jdk/internal/vm/Continuation 1 1 548 9 7 12 1 1 1 9 12 1 9 12 1 100 1 100 1 10 12 1 1 8 1 10 12 1 1 10 12 1 10 12 1 1 10 12 1 9 7 12 1 1 1 11 100 12 1 1 1 10 100 1 9 12 1 1 9 12 1 1 10 8 1 10 12 1 9 12 1 1 10 11 12 1 1 100 1 10 100 12 1 1 1 10 12 1 1 10 12 1 10 12 1 1 11 12 1 1 9 12 1 1 10 12 1 1 18 12 1 1 10 100 12 1 1 1 100 1 10 12 1 11 100 12 1 1 1 10 12 1 9 12 1 10 12 1 1 100 1 8 1 10 12 1 10 12 1 1 9 12 1 1 11 12 1 1 9 12 1 1 8 1 10 11 12 1 1 11 12 1 1 10 12 1 1 10 12 1 1 9 12 1 10 12 1 10 10 12 1 8 1 10 12 1 8 1 8 1 10 7 12 1 1 1 10 100 12 1 1 1 10 12 1 9 12 1 11 12 1 100 1 10 12 1 10 12 1 1 9 12 1 1 100 1 10 12 1 1 9 12 1 1 10 12 1 10 12 1 11 100 12 1 1 10 7 1 10 12 1 8 1 10 12 1 1 9 12 1 1 10 7 12 1 1 8 1 8 1 8 1 8 1 10 12 1 1 10 12 1 10 12 1 10 12 1 10 12 1 1 10 12 1 1 8 1 9 12 1 10 12 1 1 9 12 1 1 10 12 1 1 9 12 1 8 1 10 100 12 1 1 1 10 12 1 8 1 100 1 8 1 10 9 12 1 1 8 1 10 100 12 1 1 10 100 12 1 1 8 1 8 1 10 12 10 12 1 1 10 100 1 10 100 12 1 1 1 18 11 100 12 1 1 1 18 12 1 11 12 1 1 100 1 10 7 12 1 1 10 12 1 1 8 10 12 1 1 10 7 12 1 1 1 10 7 12 1 1 10 12 1 8 1 10 12 1 100 1 100 1 10 12 1 1 1 1 1 1 1 1 1 1 1 1 1 1 1 1 1 1 1 1 1 1 1 1 1 1 1 1 1 1 1 1 1 1 1 1 1 1 1 1 1 1 1 1 1 1 1 1 1 1 1 1 1 1 1 1 1 1 1 1 1 1 1 1 1 1 1 1 1 1 1 1 1 1 1 1 100 1 1 16 1 15 10 12 16 15 11 100 12 1 1 1 16 1 16 1 15 10 12 16 15 10 100 12 1 1 1 1 1 1 1 1 100 1 100 1 1
staticfield jdk/internal/vm/Continuation U Ljdk/internal/misc/Unsafe; jdk/internal/misc/Unsafe
staticfield jdk/internal/vm/Continuation MOUNTED_OFFSET J 13
staticfield jdk/internal/vm/Continuation PRESERVE_SCOPED_VALUE_CACHE Z 1
staticfield jdk/internal/vm/Continuation JLA Ljdk/internal/access/JavaLangAccess; java/lang/System$1
staticfield jdk/internal/vm/Continuation $assertionsDisabled Z 1
ciInstanceKlass jdk/internal/misc/UnsafeConstants 1 1 34 10 100 12 1 1 1 9 7 12 1 1 1 9 12 1 9 12 1 1 9 12 1 9 12 1 1 1 1 1 1 1 1 1
staticfield jdk/internal/misc/UnsafeConstants ADDRESS_SIZE0 I 8
staticfield jdk/internal/misc/UnsafeConstants PAGE_SIZE I 4096
staticfield jdk/internal/misc/UnsafeConstants BIG_ENDIAN Z 0
staticfield jdk/internal/misc/UnsafeConstants UNALIGNED_ACCESS Z 1
staticfield jdk/internal/misc/UnsafeConstants DATA_CACHE_LINE_FLUSH_SIZE I 0
ciInstanceKlass jdk/internal/misc/ScopedMemoryAccess 1 1 1802 10 7 12 1 1 1 10 7 12 1 1 1 9 12 1 1 10 12 1 1 100 1 10 12 1 1 10 100 12 1 1 9 12 1 1 10 7 12 1 1 1 10 7 12 1 1 1 10 12 1 1 10 12 1 1 10 12 1 1 10 12 1 1 10 12 1 1 10 100 12 1 1 1 10 12 1 1 11 100 12 1 1 1 10 12 1 1 11 12 1 1 10 12 1 11 12 1 10 12 1 1 11 12 1 1 10 100 12 1 1 1 10 12 1 1 10 12 1 1 10 12 1 1 10 100 12 1 1 100 1 10 12 1 1 10 12 1 1 10 12 1 1 10 12 1 1 10 12 1 1 10 12 1 1 10 12 1 1 10 12 1 1 10 12 1 1 10 12 1 1 10 12 1 10 12 1 10 12 1 10 12 1 10 12 1 10 12 1 10 12 1 10 12 1 10 12 1 10 12 1 10 12 1 10 12 1 10 12 1 1 10 12 1 1 10 12 1 10 12 1 10 12 1 10 12 1 10 12 1 10 12 1 10 12 1 10 12 1 10 12 1 10 12 1 10 12 1 10 12 1 10 12 1 10 12 1 10 12 1 1 10 12 1 1 10 12 1 10 12 1 10 12 1 10 12 1 10 12 1 10 12 1 10 12 1 10 12 1 10 12 1 10 12 1 10 12 1 10 12 1 10 12 1 10 12 1 10 12 1 10 12 1 10 12 1 10 12 1 10 12 1 10 12 1 10 12 1 10 12 1 10 12 1 1 10 12 1 1 10 12 1 1 10 12 1 1 10 12 1 10 12 1 10 12 1 10 12 1 10 12 1 10 12 1 10 12 1 10 12 1 10 12 1 10 12 1 10 12 1 10 12 1 10 12 1 1 10 12 1 1 10 12 1 1 10 12 1 1 10 12 1 10 12 1 10 12 1 10 12 1 10 12 1 10 12 1 10 12 1 10 12 1 10 12 1 10 12 1 10 12 1 10 12 1 10 12 1 1 10 12 1 1 10 12 1 10 12 1 10 12 1 10 12 1 10 12 1 10 12 1 10 12 1 10 12 1 10 12 1 10 12 1 10 12 1 10 12 1 10 12 1 10 12 1 10 12 1 10 12 1 10 12 1 10 12 1 10 12 1 10 12 1 10 12 1 10 12 1 10 12 1 10 12 1 10 12 1 10 12 1 10 12 1 10 12 1 10 12 1 1 10 12 1 1 10 12 1 1 10 12 1 1 10 12 1 1 10 12 1 1 10 12 1 1 10 12 1 1 10 12 1 10 12 1 10 12 1 10 12 1 10 12 1 10 12 1 10 12 1 10 12 1 10 12 1 10 12 1 10 12 1 10 12 1 10 12 1 1 10 12 1 1 10 12 1 1 10 12 1 1 10 12 1 10 12 1 10 12 1 10 12 1 10 12 1 10 12 1 10 12 1 10 12 1 10 12 1 10 12 1 10 12 1 10 12 1 10 12 1 1 10 12 1 1 10 12 1 10 12 1 10 12 1 10 12 1 10 12 1 10 12 1 10 12 1 10 12 1 10 12 1 10 12 1 10 12 1 10 12 1 10 12 1 10 12 1 10 12 1 10 12 1 10 12 1 10 12 1 10 12 1 10 12 1 10 12 1 10 12 1 10 12 1 10 12 1 10 12 1 10 12 1 10 12 1 10 12 1 10 12 1 1 10 12 1 1 10 12 1 1 10 12 1 1 10 12 1 1 10 12 1 1 10 12 1 1 10 12 1 1 10 12 1 10 12 1 10 12 1 10 12 1 10 12 1 10 12 1 10 12 1 10 12 1 10 12 1 10 12 1 10 12 1 10 12 1 10 12 1 1 10 12 1 1 10 12 1 1 10 12 1 1 10 12 1 10 12 1 10 12 1 10 12 1 10 12 1 10 12 1 10 12 1 10 12 1 10 12 1 10 12 1 10 12 1 10 12 1 10 12 1 1 10 12 1 1 10 12 1 10 12 1 10 12 1 10 12 1 10 12 1 10 12 1 10 12 1 10 12 1 10 12 1 10 12 1 10 12 1 10 12 1 10 12 1 10 12 1 10 12 1 10 12 1 10 12 1 10 12 1 10 12 1 10 12 1 10 12 1 10 12 1 10 12 1 10 12 1 10 12 1 10 12 1 10 12 1 10 12 1 10 12 1 1 10 12 1 1 10 12 1 1 10 12 1 1 10 12 1 1 10 12 1 1 10 12 1 1 10 12 1 1 10 12 1 10 12 1 10 12 1 10 12 1 10 12 1 10 12 1 10 12 1 10 12 1 10 12 1 10 12 1 10 12 1 10 12 1 10 12 1 1 10 12 1 1 10 12 1 1 10 12 1 1 10 12 1 10 12 1 10 12 1 10 12 1 10 12 1 10 12 1 10 12 1 10 12 1 10 12 1 10 12 1 10 12 1 10 12 1 10 12 1 1 10 12 1 1 10 12 1 10 12 1 10 12 1 10 12 1 10 12 1 10 12 1 10 12 1 10 12 1 10 12 1 10 12 1 10 12 1 10 12 1 10 12 1 10 12 1 10 12 1 10 12 1 10 12 1 10 12 1 10 12 1 10 12 1 10 12 1 10 12 1 10 12 1 10 12 1 10 12 1 10 12 1 10 12 1 10 12 1 10 12 1 1 10 12 1 1 10 12 1 1 10 12 1 1 10 12 1 1 10 12 1 1 10 12 1 1 10 12 1 1 10 12 1 10 12 1 10 12 1 10 12 1 10 12 1 10 12 1 10 12 1 10 12 1 10 12 1 10 12 1 10 12 1 10 12 1 10 12 1 1 10 12 1 1 10 12 1 1 10 12 1 1 10 12 1 10 12 1 10 12 1 10 12 1 10 12 1 10 12 1 10 12 1 10 12 1 10 12 1 10 12 1 10 12 1 10 12 1 10 12 1 1 10 12 1 1 10 12 1 10 12 1 10 12 1 10 12 1 10 12 1 10 12 1 10 12 1 10 12 1 10 12 1 10 12 1 10 12 1 10 12 1 10 12 1 10 12 1 10 12 1 10 12 1 10 12 1 10 12 1 10 12 1 10 12 1 10 12 1 10 12 1 10 12 1 10 12 1 10 12 1 10 12 1 10 12 1 10 12 1 10 12 1 1 10 12 1 1 10 12 1 1 10 12 1 1 10 12 1 10 12 1 10 12 1 10 12 1 10 12 1 10 12 1 10 12 1 10 12 1 10 12 1 10 12 1 10 12 1 10 12 1 10 12 1 1 10 12 1 1 10 12 1 1 10 12 1 1 10 12 1 10 12 1 10 12 1 10 12 1 10 12 1 10 12 1 10 12 1 10 12 1 10 12 1 10 12 1 10 12 1 10 12 1 10 12 1 1 10 12 1 1 10 12 1 10 12 1 10 12 1 10 12 1 10 12 1 10 12 1 10 12 1 10 12 1 10 12 1 10 12 1 10 12 1 1 10 12 1 1 10 12 1 1 10 12 1 1 10 12 1 10 12 1 10 12 1 10 12 1 10 12 1 10 12 1 10 12 1 10 12 1 10 12 1 10 12 1 10 12 1 10 12 1 10 12 1 1 10 12 1 1 10 12 1 1 10 12 1 1 10 12 1 10 12 1 10 12 1 10 12 1 10 12 1 10 12 1 10 12 1 10 12 1 10 12 1 10 12 1 10 12 1 10 12 1 10 12 1 1 10 12 1 1 10 12 1 10 12 1 10 12 1 10 12 1 10 12 1 10 12 1 10 12 1 10 12 1 10 12 1 10 12 1 10 12 1 1 10 12 1 10 1 1 1 1 1 1 1 1 1 1 1 1 1 1 1 1 1 1 1 1 1 1 1 1 100 1 1 1 1 1 1 1 1 1 1 1 1 1 1 1 1 1 1 1 1 1 1 1 1 1 1 1 1 1 1 1 1 1 1 1 1 1 1 1 1 1 1 1 1 1 1 1 1 1 1 1 1 1 1 1 1 1 1 1 1 1 1 1 1 1 1 1 1 1 1 1 1 1 1 1 1 1 1 1 1 1 1 1 100 1 1 1 100 1 1 100 1 1 1 100 1 1 100 1 1 100 1 1 100 1 1 100 1 1 1
staticfield jdk/internal/misc/ScopedMemoryAccess UNSAFE Ljdk/internal/misc/Unsafe; jdk/internal/misc/Unsafe
staticfield jdk/internal/misc/ScopedMemoryAccess theScopedMemoryAccess Ljdk/internal/misc/ScopedMemoryAccess; jdk/internal/misc/ScopedMemoryAccess
ciMethod jdk/internal/misc/ScopedMemoryAccess copyMemory (Ljdk/internal/foreign/MemorySessionImpl;Ljdk/internal/foreign/MemorySessionImpl;Ljava/lang/Object;JLjava/lang/Object;JJ)V 512 0 8461 0 -1
ciMethod jdk/internal/misc/ScopedMemoryAccess copyMemoryInternal (Ljdk/internal/foreign/MemorySessionImpl;Ljdk/internal/foreign/MemorySessionImpl;Ljava/lang/Object;JLjava/lang/Object;JJ)V 512 0 8461 0 -1
ciInstanceKlass java/lang/invoke/MethodHandleImpl 1 1 1422 10 7 12 1 1 1 7 1 10 7 12 1 1 1 10 7 12 1 1 1 100 1 10 8 1 10 12 1 1 10 12 1 10 12 1 1 10 7 12 1 1 1 9 7 12 1 1 1 10 100 12 1 1 1 100 1 10 12 1 1 10 12 1 1 10 12 1 1 10 7 12 1 1 1 9 7 12 1 1 1 10 7 12 1 1 1 100 1 10 9 12 1 1 9 12 1 10 12 1 1 10 12 1 10 12 1 1 10 12 1 1 10 12 1 1 8 1 8 1 10 12 1 1 10 12 1 1 10 12 1 1 10 12 1 1 10 12 1 10 12 1 1 10 7 12 1 1 1 10 12 1 7 1 10 7 12 1 1 1 10 12 1 1 10 12 1 1 11 7 12 1 1 1 11 7 12 1 1 11 12 1 1 7 1 11 12 1 10 12 1 1 10 12 1 1 11 12 1 10 7 12 1 1 10 12 1 1 10 7 12 1 1 10 12 1 10 12 1 1 10 7 12 1 1 1 10 7 12 1 1 1 10 12 1 1 10 12 1 1 9 7 12 1 1 1 10 10 12 1 1 10 12 1 1 10 10 12 1 1 10 12 1 1 10 7 12 1 1 1 10 12 1 1 10 12 1 10 12 1 10 7 12 1 1 1 10 7 12 1 1 1 10 12 1 1 10 12 1 10 12 1 10 12 1 10 12 1 1 10 12 1 10 12 1 1 10 12 1 10 12 1 8 1 100 1 10 12 1 10 12 1 1 10 12 1 10 12 1 1 10 12 1 1 7 1 10 12 1 100 1 8 1 10 12 1 10 7 12 1 1 1 8 1 10 12 1 10 100 12 1 1 1 100 1 9 100 1 10 12 1 1 10 12 1 1 9 12 1 10 12 1 1 10 7 12 1 1 10 12 1 1 10 12 1 1 10 12 1 10 12 1 7 1 10 12 1 1 9 12 1 1 10 12 1 9 100 12 1 1 1 11 100 12 1 1 7 1 9 12 1 100 1 10 12 1 10 12 1 1 7 1 10 12 1 1 10 12 1 1 10 7 12 1 1 1 10 12 1 1 10 12 1 10 12 1 1 10 12 1 10 12 1 1 10 12 1 7 1 9 7 12 1 1 1 10 12 1 10 12 1 9 7 12 1 1 1 10 12 1 1 10 12 1 1 10 12 1 10 7 12 1 1 10 100 12 1 1 1 9 12 1 10 12 1 9 12 10 12 1 10 12 1 10 12 1 10 12 1 1 10 12 1 10 12 1 1 10 12 1 10 12 1 1 10 12 1 1 10 12 1 1 10 12 1 10 12 1 10 12 1 1 10 12 1 10 100 12 1 1 10 12 1 10 100 12 1 1 8 1 10 8 1 100 1 10 9 12 1 100 1 10 12 1 8 1 10 10 12 1 10 10 12 1 1 10 12 1 1 10 12 1 10 12 1 100 1 8 1 10 12 1 10 100 12 1 1 1 10 12 1 1 10 12 1 10 12 1 100 1 10 12 1 10 12 1 10 12 1 1 7 1 10 12 1 10 7 12 1 1 10 12 1 9 12 1 10 12 1 1 10 12 1 1 100 1 10 10 12 1 8 1 8 1 9 12 1 8 1 8 1 8 1 9 12 1 10 12 1 1 9 12 1 1 10 12 1 8 1 9 7 1 10 12 1 1 10 12 1 8 1 8 1 8 1 100 1 100 1 8 8 1 8 1 100 1 8 1 100 1 10 12 1 10 12 1 10 12 10 12 1 10 12 1 11 100 12 1 1 1 18 12 1 11 100 12 1 1 1 18 18 12 1 11 12 1 1 10 12 1 1 10 12 1 10 12 1 11 12 1 9 12 1 9 12 10 10 12 1 1 9 12 1 1 11 12 1 1 18 12 1 1 11 12 1 1 11 12 1 1 10 12 1 11 100 1 10 12 1 10 12 1 10 12 1 9 12 1 9 12 10 12 1 10 7 12 1 1 1 10 12 1 10 12 1 1 10 12 1 10 12 9 12 1 1 10 12 1 10 12 1 1 9 12 1 9 12 1 10 12 1 10 12 1 1 10 12 1 100 1 10 12 1 9 12 1 1 11 100 1 9 12 1 9 12 11 12 1 9 12 1 10 12 10 12 1 1 10 12 1 1 9 7 12 1 1 10 12 1 10 12 1 10 12 1 1 100 1 10 12 1 10 12 1 1 100 1 10 12 1 1 10 12 1 1 100 1 10 12 1 1 10 12 1 1 10 12 1 10 12 1 10 12 1 9 12 1 10 12 1 10 12 1 1 9 7 12 1 1 1 8 10 12 1 1 8 1 10 12 1 8 1 8 1 8 1 8 1 8 1 8 1 100 1 8 1 8 1 10 12 1 9 12 1 7 1 10 10 7 12 1 1 1 1 1 1 1 3 1 1 3 1 3 1 3 1 3 1 3 1 3 1 3 1 3 1 1 1 1 1 1 1 1 1 3 1 3 1 1 1 1 1 1 1 1 1 1 1 1 1 1 1 1 1 1 1 1 1 1 1 1 1 1 1 1 1 1 1 1 1 1 1 1 1 1 1 1 1 1 1 1 1 1 1 1 1 1 1 1 1 1 1 1 1 1 1 1 1 1 1 1 1 1 1 1 1 1 1 1 1 1 1 1 1 1 1 1 1 1 1 1 1 1 1 1 1 1 1 1 1 1 1 1 1 1 1 1 1 1 1 100 1 1 1 1 1 1 1 1 1 1 1 1 1 1 1 1 1 1 1 1 1 1 1 1 1 1 1 1 1 1 1 1 1 1 1 1 1 1 1 1 1 1 1 1 1 1 1 1 1 1 1 1 1 1 1 1 1 1 1 1 1 1 1 1 1 1 1 1 1 1 1 1 1 1 1 1 1 1 1 1 1 1 1 1 1 1 1 1 1 1 1 1 1 1 1 1 1 1 1 1 1 1 1 1 1 1 1 1 1 1 1 1 1 1 1 1 1 1 1 1 1 1 1 1 1 1 1 1 1 1 1 1 1 1 1 1 1 1 1 1 1 1 1 1 1 1 1 1 1 1 1 1 1 1 1 1 1 1 1 1 1 1 1 1 1 1 1 1 1 1 100 1 100 1 100 1 100 1 100 1 100 1 100 1 1 16 15 10 12 16 15 16 16 1 15 10 12 16 16 15 10 12 16 15 10 100 12 1 1 1 1 1 1 1 1 1 1 1 1 1 1 1 1 1 1 1 1 1 1 1 1
staticfield java/lang/invoke/MethodHandleImpl ARRAYS [Ljava/lang/invoke/MethodHandle; 256 [Ljava/lang/invoke/MethodHandle;
staticfield java/lang/invoke/MethodHandleImpl NFS [Ljava/lang/invoke/LambdaForm$NamedFunction; 7 [Ljava/lang/invoke/LambdaForm$NamedFunction;
staticfield java/lang/invoke/MethodHandleImpl HANDLES [Ljava/lang/invoke/MethodHandle; 9 [Ljava/lang/invoke/MethodHandle;
staticfield java/lang/invoke/MethodHandleImpl $assertionsDisabled Z 1
instanceKlass java/lang/invoke/DelegatingMethodHandle
instanceKlass java/lang/invoke/BoundMethodHandle
instanceKlass java/lang/invoke/DirectMethodHandle
ciInstanceKlass java/lang/invoke/MethodHandle 1 1 735 100 1 9 7 12 1 1 1 10 7 12 1 1 1 10 7 12 1 1 1 7 1 7 1 10 12 1 1 9 12 1 1 10 12 1 10 12 1 1 10 12 1 1 10 100 12 1 1 1 10 12 1 1 10 12 1 1 11 100 12 1 1 1 10 12 1 1 10 12 1 10 12 1 9 12 1 1 9 12 1 1 10 100 12 1 1 1 10 12 1 10 12 1 1 10 12 1 10 12 1 100 1 100 1 10 8 1 10 12 1 1 10 12 1 8 1 10 12 1 1 10 12 1 10 7 12 1 1 1 10 12 1 1 10 12 1 1 10 12 1 1 10 7 12 1 1 1 10 12 1 1 10 12 1 1 10 12 1 10 12 1 1 10 100 12 1 1 10 7 12 1 1 10 12 1 10 12 1 10 12 1 1 10 12 1 1 10 12 1 1 10 12 1 1 10 7 12 1 1 1 10 7 12 1 1 1 10 12 1 1 10 12 1 1 10 12 1 1 8 1 10 7 12 1 1 1 8 1 10 12 1 10 12 1 1 10 12 1 1 10 12 1 8 1 10 12 1 1 8 1 10 12 1 8 1 10 100 12 1 1 1 9 12 1 1 100 1 10 9 100 12 1 1 1 9 100 1 8 1 10 12 1 1 10 12 1 10 12 1 1 10 12 1 10 12 1 1 10 12 1 10 12 1 1 10 12 1 10 12 1 1 10 12 1 1 8 1 10 12 1 1 8 1 10 12 1 10 12 1 1 10 12 1 10 12 1 10 12 1 1 9 100 12 1 1 1 10 12 1 1 11 12 1 10 12 1 10 12 1 1 10 100 12 1 1 100 1 11 12 1 10 100 1 11 12 1 100 1 10 12 1 11 12 1 9 100 12 1 1 1 11 12 1 1 11 100 12 1 1 1 10 12 1 1 9 12 1 11 12 1 9 12 1 9 12 1 9 12 1 11 12 1 1 9 12 1 9 12 1 9 12 1 9 12 1 9 12 1 9 12 1 9 12 1 8 1 10 12 1 10 12 1 8 1 10 12 1 10 12 1 10 12 1 1 10 10 10 7 12 1 1 10 12 1 1 100 1 100 1 8 1 8 1 10 10 12 1 1 10 12 1 10 12 1 100 1 10 100 12 1 1 1 10 9 7 12 1 1 1 10 12 1 1 10 12 1 1 8 1 8 1 10 100 12 1 1 9 12 1 9 12 1 1 9 12 1 1 10 12 1 7 1 10 12 1 10 12 1 1 9 12 1 1 9 12 1 1 10 7 12 1 1 1 11 7 12 1 1 9 12 1 10 12 1 1 9 12 1 10 12 1 8 10 12 1 1 8 1 1 1 1 1 1 1 1 100 1 1 1 1 1 1 1 1 1 1 1 1 1 1 1 1 1 1 1 1 1 1 1 1 1 1 1 1 1 1 1 1 100 1 1 1 1 1 1 1 1 1 1 1 1 1 1 1 1 1 1 1 1 1 1 1 1 1 1 1 1 1 1 1 1 1 1 1 1 1 1 1 1 1 1 1 1 1 1 1 1 1 1 1 1 1 1 1 1 1 1 1 1 1 1 1 1 1 1 1 1 1 1 1 1 1 1 1 1 1 1 1 1 1 1 1 1 1 1 1 100 1 1 100 1 100 1 100 1 1 100 1 1 100 1 1 1 1
staticfield java/lang/invoke/MethodHandle FORM_OFFSET J 20
staticfield java/lang/invoke/MethodHandle UPDATE_OFFSET J 13
staticfield java/lang/invoke/MethodHandle $assertionsDisabled Z 1
ciInstanceKlass java/lang/invoke/MethodType 1 1 714 7 1 10 7 12 1 1 1 9 12 1 1 9 12 1 1 9 12 1 1 10 7 12 1 1 1 9 7 12 1 1 8 1 10 100 12 1 1 1 9 7 1 9 7 1 10 12 1 1 100 1 10 8 1 10 12 1 1 10 12 1 10 12 1 1 100 1 8 1 10 12 1 100 1 10 10 12 1 10 12 1 1 10 12 1 1 11 7 12 1 1 1 9 12 1 11 12 1 1 7 10 12 1 1 10 12 1 1 7 1 7 1 10 7 12 1 1 1 10 12 1 10 12 1 9 12 1 1 10 7 12 1 1 10 12 1 1 10 7 12 1 1 1 10 7 12 1 1 1 10 12 1 9 12 1 1 10 12 1 1 10 12 1 1 10 12 1 1 10 12 1 1 10 12 1 1 10 12 1 10 12 1 10 12 1 1 10 12 1 8 1 8 1 10 12 1 1 9 12 1 1 100 1 10 10 12 1 1 10 12 1 10 12 1 1 10 12 1 1 10 12 1 10 12 1 10 12 1 8 1 10 12 1 1 10 100 12 1 1 1 10 12 1 10 12 1 1 10 12 1 10 12 1 10 12 1 1 10 12 1 10 12 1 9 12 1 10 12 1 10 10 12 1 1 10 12 1 9 12 1 1 10 12 1 1 11 12 1 1 10 12 1 1 10 12 1 10 12 1 100 1 8 1 8 1 8 1 10 12 1 10 12 1 10 12 1 1 10 10 12 1 11 12 1 1 11 12 1 10 100 12 1 1 1 9 12 1 10 12 1 10 12 1 1 10 12 1 1 10 12 1 10 12 1 10 100 12 1 1 1 10 12 1 1 10 12 1 10 12 1 10 12 1 10 9 12 1 1 7 1 10 12 1 10 100 12 1 1 1 10 12 1 1 10 7 12 1 1 1 11 12 1 1 9 12 1 1 10 12 1 1 10 12 1 10 12 1 1 10 12 1 1 10 100 12 1 1 10 12 1 10 12 100 1 11 100 12 1 1 10 12 1 11 12 1 10 100 12 1 1 10 12 1 1 10 12 1 1 9 12 1 1 9 100 12 1 1 1 10 100 12 1 1 1 9 12 1 10 100 12 1 1 10 12 1 100 10 12 1 10 12 1 1 10 12 1 7 1 10 10 12 1 1 7 1 7 1 9 12 1 1 100 1 100 1 100 1 1 1 5 0 1 1 1 1 1 1 1 3 1 3 1 3 1 1 1 1 1 1 1 1 1 1 1 1 1 1 1 1 1 1 1 1 1 1 1 1 1 1 1 1 1 1 1 1 1 1 1 1 1 1 1 1 1 1 1 1 1 1 1 1 1 1 1 1 1 1 1 1 1 1 1 1 1 1 1 1 1 1 1 1 1 1 1 1 1 1 1 1 1 1 1 1 1 1 1 1 1 1 1 1 1 1 1 1 1 1 1 1 1 1 1 1 1 1 1 1 1 1 1 1 1 1 1 1 1 1 1 1 1 1 1 1 1 1 1 1 1 1 1 100 1 1 100 1 100 1 1 1 1 1 1 1 1 1 1 1 1 1 100 1 1 1 1 100 1 1 1 100 1 1 1 1 1 1 1 1 1 1 1 1 1 1 1 1 1 1 100 1 1 100 1 1
staticfield java/lang/invoke/MethodType internTable Ljdk/internal/util/ReferencedKeySet; jdk/internal/util/ReferencedKeySet
staticfield java/lang/invoke/MethodType NO_PTYPES [Ljava/lang/Class; 0 [Ljava/lang/Class;
staticfield java/lang/invoke/MethodType objectOnlyTypes [Ljava/lang/invoke/MethodType; 20 [Ljava/lang/invoke/MethodType;
staticfield java/lang/invoke/MethodType METHOD_HANDLE_ARRAY [Ljava/lang/Class; 1 [Ljava/lang/Class;
staticfield java/lang/invoke/MethodType serialPersistentFields [Ljava/io/ObjectStreamField; 0 [Ljava/io/ObjectStreamField;
staticfield java/lang/invoke/MethodType $assertionsDisabled Z 1
ciInstanceKlass java/lang/invoke/TypeDescriptor$OfMethod 1 0 43 100 1 100 1 100 1 1 1 1 1 1 1 1 1 1 1 1 1 1 1 1 1 1 1 1 1 1 1 1 1 1 1 1 1 1 1 1 1 1 100 1 1
instanceKlass lombok/core/AST$Kind
instanceKlass lombok/core/configuration/JacksonVersion
instanceKlass lombok/core/configuration/CapitalizationStrategy
instanceKlass lombok/core/configuration/NullCheckExceptionType
instanceKlass lombok/core/configuration/CallSuperType
instanceKlass lombok/core/configuration/FlagUsageType
instanceKlass com/sun/tools/javac/comp/LambdaToMethod$LambdaTranslationContext$LambdaSymbolKind
instanceKlass com/sun/tools/javac/comp/Flow$BaseAnalyzer$JumpKind
instanceKlass com/sun/tools/javac/tree/JCTree$JCOperatorExpression$OperandPos
instanceKlass com/sun/tools/javac/comp/Operators$ComparisonKind
instanceKlass com/sun/tools/javac/comp/Infer$InferenceStep
instanceKlass com/sun/tools/javac/comp/Infer$GraphInferenceSteps
instanceKlass com/sun/tools/javac/comp/Infer$IncorporationBinaryOpKind
instanceKlass com/sun/tools/javac/code/Type$UndetVar$InferenceBound
instanceKlass com/sun/tools/javac/code/Type$UndetVar$Kind
instanceKlass com/sun/tools/javac/code/Symbol$OperatorSymbol$AccessCode
instanceKlass com/sun/tools/javac/util/Bits$BitsState
instanceKlass com/sun/tools/javac/comp/Flow$FlowKind
instanceKlass com/sun/tools/javac/comp/Flow$Liveness
instanceKlass com/sun/tools/javac/comp/Resolve$MethodCheckDiag
instanceKlass com/sun/source/tree/ModuleTree$ModuleKind
instanceKlass com/sun/source/tree/CaseTree$CaseKind
instanceKlass com/sun/source/tree/LambdaExpressionTree$BodyKind
instanceKlass com/sun/tools/javac/util/Log$PrefixKind
instanceKlass javax/lang/model/element/ModuleElement$DirectiveKind
instanceKlass javax/lang/model/util/Elements$DocCommentKind
instanceKlass java/lang/StackStreamFactory$WalkerState
instanceKlass java/lang/StackWalker$ExtendedOption
instanceKlass sun/misc/Unsafe$MemoryAccessOption
instanceKlass com/sun/source/tree/Tree$Kind
instanceKlass com/sun/tools/javac/code/TypeAnnotations$AnnotationType
instanceKlass com/sun/tools/javac/comp/Resolve$InterfaceLookupPhase
instanceKlass com/sun/tools/javac/code/TypeAnnotationPosition$TypePathEntryKind
instanceKlass com/sun/tools/javac/code/BoundKind
instanceKlass com/sun/tools/javac/code/TargetType
instanceKlass com/sun/source/tree/MemberReferenceTree$ReferenceMode
instanceKlass com/sun/tools/javac/code/Attribute$RetentionPolicy
instanceKlass javax/lang/model/element/NestingKind
instanceKlass javax/lang/model/element/ElementKind
instanceKlass com/sun/tools/javac/comp/DeferredAttr$AttributionMode
instanceKlass com/sun/tools/javac/code/Scope$LookupKind
instanceKlass java/nio/file/FileVisitResult
instanceKlass com/sun/tools/javac/code/Directive$ExportsFlag
instanceKlass com/sun/tools/javac/parser/JavacParser$ParensResult
instanceKlass com/sun/tools/javac/parser/Tokens$Comment$CommentStyle
instanceKlass com/sun/tools/javac/tree/JCTree$JCLambda$ParameterKind
instanceKlass com/sun/tools/javac/tree/JCTree$JCPolyExpression$PolyKind
instanceKlass com/sun/tools/javac/tree/JCTree$JCVariableDecl$DeclKind
instanceKlass javax/lang/model/type/TypeKind
instanceKlass com/sun/tools/javac/util/RichDiagnosticFormatter$RichConfiguration$RichFormatterFeature
instanceKlass com/sun/tools/javac/comp/CompileStates$CompileState
instanceKlass com/sun/tools/javac/main/JavaCompiler$ImplicitSourcePolicy
instanceKlass com/sun/tools/javac/comp/ThisEscapeAnalyzer$Indirection
instanceKlass com/sun/tools/javac/parser/Tokens$Token$Tag
instanceKlass com/sun/tools/javac/parser/Tokens$TokenKind
instanceKlass com/sun/tools/javac/jvm/ClassFile$Version
instanceKlass com/sun/tools/javac/comp/Attr$CheckMode
instanceKlass com/sun/tools/javac/comp/Analyzer$AnalyzerMode
instanceKlass com/sun/tools/javac/jvm/Code$StackMapFormat
instanceKlass com/sun/tools/javac/comp/Operators$OperatorType
instanceKlass com/sun/tools/javac/tree/JCTree$Tag
instanceKlass com/sun/tools/javac/jvm/Profile
instanceKlass com/sun/tools/javac/comp/Resolve$VerboseResolutionMode
instanceKlass com/sun/tools/javac/comp/DeferredAttr$AttrMode
instanceKlass com/sun/tools/javac/main/Option$PkgInfo
instanceKlass com/sun/tools/javac/util/Dependencies$CompletionCause
instanceKlass com/sun/tools/javac/comp/Resolve$ReferenceLookupResult$StaticKind
instanceKlass com/sun/tools/javac/comp/Resolve$MethodResolutionPhase
instanceKlass com/sun/tools/javac/code/Directive$RequiresFlag
instanceKlass com/sun/tools/javac/util/Convert$Validation
instanceKlass com/sun/tools/javac/code/Symbol$ModuleResolutionFlags
instanceKlass com/sun/tools/javac/code/Symbol$ModuleFlags
instanceKlass com/sun/tools/javac/code/Kinds$KindName
instanceKlass com/sun/tools/javac/code/Kinds$Kind$Category
instanceKlass com/sun/tools/javac/code/Kinds$Kind
instanceKlass com/sun/tools/javac/code/TypeTag
instanceKlass com/sun/tools/javac/jvm/ClassReader$AttributeKind
instanceKlass com/sun/tools/javac/main/JavaCompiler$CompilePolicy
instanceKlass com/sun/tools/javac/main/Main$Result
instanceKlass com/sun/tools/javac/util/BasicDiagnosticFormatter$BasicConfiguration$SourcePosition
instanceKlass com/sun/tools/javac/code/Source$Feature$DiagKind
instanceKlass com/sun/tools/javac/util/JCDiagnostic$DiagnosticType
instanceKlass com/sun/tools/javac/code/Source$Feature
instanceKlass jdk/nio/zipfs/ZipFileSystem$ZipAccessMode
instanceKlass jdk/javadoc/internal/tool/AccessLevel
instanceKlass jdk/javadoc/internal/doclint/Messages$Group
instanceKlass com/sun/tools/javac/main/Arguments$ErrorMode
instanceKlass com/sun/tools/javac/jvm/Target
instanceKlass com/sun/tools/javac/util/BasicDiagnosticFormatter$BasicConfiguration$BasicFormatKind
instanceKlass com/sun/tools/javac/api/DiagnosticFormatter$Configuration$MultilineLimit
instanceKlass com/sun/tools/javac/api/DiagnosticFormatter$Configuration$DiagnosticPart
instanceKlass com/sun/tools/javac/util/JCDiagnostic$DiagnosticFlag
instanceKlass com/sun/tools/javac/util/Log$WriterKind
instanceKlass javax/tools/StandardLocation
instanceKlass javax/tools/JavaFileObject$Kind
instanceKlass com/sun/tools/javac/code/Source
instanceKlass com/sun/tools/javac/code/Lint$LintCategory
instanceKlass com/sun/tools/javac/main/Option$ChoiceKind
instanceKlass com/sun/tools/javac/main/Option$ArgKind
instanceKlass com/sun/tools/javac/main/Option$OptionGroup
instanceKlass com/sun/tools/javac/main/Option$OptionKind
instanceKlass com/sun/tools/javac/main/Option
instanceKlass javax/tools/Diagnostic$Kind
instanceKlass org/codehaus/plexus/compiler/javac/JavacCompiler$JavaVersion
instanceKlass org/apache/maven/shared/utils/io/ScanConductor$ScanAction
instanceKlass java/nio/file/FileTreeWalker$EventType
instanceKlass java/nio/file/FileVisitOption
instanceKlass org/apache/maven/shared/utils/logging/Style
instanceKlass org/codehaus/plexus/compiler/CompilerConfiguration$CompilerReuseStrategy
instanceKlass javax/lang/model/SourceVersion
instanceKlass org/codehaus/plexus/compiler/CompilerMessage$Kind
instanceKlass java/nio/file/attribute/PosixFilePermission
instanceKlass com/google/inject/internal/ErrorId
instanceKlass org/apache/maven/shared/filtering/ChangeDetection
instanceKlass org/eclipse/sisu/space/GlobberStrategy
instanceKlass org/eclipse/aether/util/graph/transformer/ConflictResolver$Verbosity
instanceKlass org/apache/maven/plugin/MojoExecution$Source
instanceKlass java/time/format/TextStyle
instanceKlass java/time/temporal/IsoFields$Unit
instanceKlass java/time/temporal/IsoFields$Field
instanceKlass java/time/format/ResolverStyle
instanceKlass java/time/format/SignStyle
instanceKlass java/time/format/DateTimeFormatterBuilder$SettingsParser
instanceKlass org/eclipse/aether/spi/connector/checksum/ChecksumPolicy$ChecksumKind
instanceKlass org/apache/maven/cli/transfer/AbstractMavenTransferListener$FileSizeFormat$ScaleUnit
instanceKlass org/apache/http/conn/ssl/DefaultHostnameVerifier$HostNameType
instanceKlass javax/net/ssl/SSLEngineResult$HandshakeStatus
instanceKlass sun/security/ssl/Finished$VerifyDataScheme
instanceKlass java/time/Month
instanceKlass sun/security/validator/CADistrustPolicy
instanceKlass sun/security/ssl/SSLAlgorithmConstraints$SIGNATURE_CONSTRAINTS_MODE
instanceKlass java/text/Normalizer$Form
instanceKlass sun/security/ssl/SSLTrafficKeyDerivation$KeySchedule
instanceKlass sun/security/ssl/SSLTrafficKeyDerivation
instanceKlass sun/security/ssl/SSLSecretDerivation$SecretSchedule
instanceKlass com/sun/crypto/provider/HKDFKeyDerivation$SupportedHmac
instanceKlass java/lang/invoke/MethodHandleImpl$ArrayAccess
instanceKlass sun/security/ssl/ContentType
instanceKlass sun/security/ssl/SSLKeyExchange$T12KeyAgreement
instanceKlass sun/security/ssl/PskKeyExchangeModesExtension$PskKeyExchangeMode
instanceKlass sun/security/ssl/ECPointFormatsExtension$ECPointFormat
instanceKlass sun/security/ssl/CertStatusExtension$CertStatusRequestType
instanceKlass sun/security/ssl/SSLExtension
instanceKlass jdk/internal/icu/util/CodePointTrie$Type
instanceKlass jdk/internal/icu/util/CodePointTrie$ValueWidth
instanceKlass sun/security/ssl/SignatureScheme$SigAlgParamSpec
instanceKlass sun/security/ssl/SignatureScheme
instanceKlass sun/security/ssl/ClientAuthType
instanceKlass sun/security/ssl/SSLHandshake
instanceKlass java/net/Proxy$Type
instanceKlass java/net/StandardProtocolFamily
instanceKlass org/apache/http/conn/routing/RouteInfo$LayerType
instanceKlass org/apache/http/conn/routing/RouteInfo$TunnelType
instanceKlass org/apache/http/auth/AuthProtocolState
instanceKlass org/eclipse/aether/transfer/TransferEvent$RequestType
instanceKlass org/eclipse/aether/transfer/TransferEvent$EventType
instanceKlass org/apache/http/impl/cookie/RFC6265CookieSpecProvider$CompatibilityLevel
instanceKlass org/apache/http/impl/cookie/DefaultCookieSpecProvider$CompatibilityLevel
instanceKlass org/apache/http/conn/util/DomainType
instanceKlass java/lang/System$Logger$Level
instanceKlass sun/security/rsa/RSAUtil$KeyType
instanceKlass sun/security/ssl/NamedGroup
instanceKlass sun/security/ssl/NamedGroup$NamedGroupSpec
instanceKlass sun/security/ssl/CipherSuite$KeyExchange
instanceKlass sun/security/ssl/CipherSuite$MacAlg
instanceKlass sun/security/ssl/CipherSuite$HashAlg
instanceKlass java/lang/StackWalker$Option
instanceKlass sun/security/ssl/CipherType
instanceKlass sun/security/ssl/SSLCipher
instanceKlass sun/security/ssl/CipherSuite
instanceKlass java/security/CryptoPrimitive
instanceKlass java/time/temporal/ChronoField
instanceKlass sun/security/ssl/SSLScope
instanceKlass sun/security/util/DisabledAlgorithmConstraints$Constraint$Operator
instanceKlass sun/security/ssl/ProtocolVersion
instanceKlass org/apache/http/client/utils/URIUtils$UriFlag
instanceKlass java/nio/file/AccessMode
instanceKlass org/eclipse/aether/RepositoryEvent$EventType
instanceKlass org/eclipse/aether/named/support/ReadWriteLockNamedLock$Step
instanceKlass java/time/temporal/ChronoUnit
instanceKlass org/apache/maven/project/ProjectBuildingRequest$RepositoryMerging
instanceKlass org/fusesource/jansi/Ansi$Attribute
instanceKlass org/fusesource/jansi/Ansi$Color
instanceKlass org/apache/maven/shared/utils/logging/Style
instanceKlass java/security/DrbgParameters$Capability
instanceKlass sun/security/util/KnownOIDs
instanceKlass java/security/Security$SecPropLoader$LoadingMode
instanceKlass org/eclipse/sisu/inject/QualifyingStrategy
instanceKlass com/google/inject/internal/InjectorImpl$JitLimitation
instanceKlass org/eclipse/sisu/bean/DeclaredMembers$View
instanceKlass com/google/inject/internal/Initializer$InjectableReferenceState
instanceKlass com/google/common/collect/MapMakerInternalMap$Strength
instanceKlass org/apache/maven/settings/building/SettingsProblem$Severity
instanceKlass org/eclipse/aether/metadata/Metadata$Nature
instanceKlass org/apache/maven/model/building/ModelProblem$Version
instanceKlass org/apache/maven/building/Problem$Severity
instanceKlass org/apache/maven/plugin/internal/DefaultPluginValidationManager$ValidationReportLevel
instanceKlass org/apache/maven/plugin/PluginValidationManager$IssueLocality
instanceKlass org/apache/maven/classrealm/ClassRealmRequest$RealmType
instanceKlass org/apache/maven/execution/ExecutionEvent$Type
instanceKlass org/apache/maven/artifact/ArtifactScopeEnum
instanceKlass org/apache/maven/model/building/ModelProblem$Severity
instanceKlass java/lang/invoke/MethodHandles$Lookup$ClassOption
instanceKlass com/google/inject/spi/InjectionPoint$Position
instanceKlass com/google/common/util/concurrent/AbstractFutureState$VarHandleAtomicHelperMaker
instanceKlass java/lang/annotation/ElementType
instanceKlass com/google/inject/internal/InternalFlags$ColorizeOption
instanceKlass com/google/inject/internal/InternalFlags$BytecodeGenOption
instanceKlass com/google/inject/internal/InternalFlags$NullableProvidesOption
instanceKlass com/google/inject/internal/InternalFlags$CustomClassLoadingOption
instanceKlass com/google/inject/internal/InternalFlags$IncludeStackTraceOption
instanceKlass com/google/inject/Key$NullAnnotationStrategy
instanceKlass java/util/Comparators$NaturalOrderComparator
instanceKlass sun/reflect/annotation/TypeAnnotation$TypeAnnotationTarget
instanceKlass java/lang/classfile/attribute/StackMapFrameInfo$SimpleVerificationTypeInfo
instanceKlass java/lang/reflect/ProxyGenerator$PrimitiveTypeInfo
instanceKlass java/lang/classfile/ClassFile$StackMapsOption
instanceKlass java/lang/reflect/AccessFlag$Location
instanceKlass java/lang/reflect/AccessFlag
instanceKlass java/lang/module/ModuleDescriptor$Modifier
instanceKlass java/lang/annotation/RetentionPolicy
instanceKlass com/google/common/cache/LocalCache$EntryFactory
instanceKlass com/google/common/cache/CacheBuilder$NullListener
instanceKlass com/google/common/cache/CacheBuilder$OneWeigher
instanceKlass com/google/common/cache/LocalCache$Strength
instanceKlass jdk/internal/logger/BootstrapLogger$LoggingBackend
instanceKlass java/util/stream/MatchOps$MatchKind
instanceKlass com/google/inject/Stage
instanceKlass org/eclipse/sisu/space/BeanScanning
instanceKlass java/math/RoundingMode
instanceKlass sun/util/locale/provider/LocaleProviderAdapter$Type
instanceKlass java/util/stream/Collector$Characteristics
instanceKlass java/util/Locale$Category
instanceKlass org/slf4j/impl/OutputChoice$OutputChoiceType
instanceKlass java/util/stream/StreamShape
instanceKlass java/util/stream/StreamOpFlag$Type
instanceKlass java/util/stream/StreamOpFlag
instanceKlass org/fusesource/jansi/AnsiColors
instanceKlass org/fusesource/jansi/AnsiMode
instanceKlass org/fusesource/jansi/AnsiType
instanceKlass jdk/internal/util/OperatingSystem
instanceKlass java/util/regex/Pattern$Qtype
instanceKlass java/lang/invoke/VarHandle$AccessType
instanceKlass java/lang/invoke/VarHandle$AccessMode
instanceKlass java/lang/classfile/Opcode$Kind
instanceKlass java/lang/classfile/Opcode
instanceKlass java/lang/invoke/MethodHandleImpl$Intrinsic
instanceKlass java/lang/classfile/AttributeMapper$AttributeStability
instanceKlass jdk/internal/classfile/impl/AbstractPoolEntry$Utf8EntryImpl$State
instanceKlass java/lang/classfile/TypeKind
instanceKlass java/lang/invoke/LambdaForm$BasicType
instanceKlass java/lang/invoke/LambdaForm$Kind
instanceKlass java/lang/constant/DirectMethodHandleDesc$Kind
instanceKlass sun/invoke/util/Wrapper
instanceKlass java/util/concurrent/TimeUnit
instanceKlass java/nio/file/LinkOption
instanceKlass sun/nio/fs/WindowsPathType
instanceKlass java/nio/file/StandardOpenOption
instanceKlass jdk/internal/vm/Continuation$Pinned
instanceKlass java/io/File$PathStatus
instanceKlass jdk/internal/module/ModuleBootstrap$IllegalFinalFieldMutation
instanceKlass jdk/internal/module/ModuleBootstrap$IllegalNativeAccess
instanceKlass java/lang/reflect/ClassFileFormatVersion
instanceKlass java/lang/Thread$State
instanceKlass java/nio/ByteOrder
instanceKlass java/lang/module/ModuleDescriptor$Requires$Modifier
ciInstanceKlass java/lang/Enum 1 1 204 9 7 12 1 1 1 9 12 1 1 10 7 12 1 1 1 9 12 1 10 7 12 1 1 1 100 1 10 10 12 1 1 10 12 1 100 1 10 10 7 12 1 1 10 12 1 1 18 12 1 1 10 100 12 1 1 1 10 12 1 1 11 7 12 1 1 1 100 1 8 1 10 12 1 7 1 7 1 10 8 1 10 12 1 1 10 12 1 1 8 1 10 12 1 10 100 1 8 1 10 10 12 1 1 10 100 12 1 1 1 100 1 100 1 100 1 1 1 1 1 1 1 1 1 1 1 1 1 1 1 1 1 1 1 1 1 1 1 1 1 1 1 1 1 1 1 1 1 1 1 1 1 1 1 1 1 1 1 1 1 1 1 3 1 1 1 1 100 1 100 1 1 100 1 1 1 1 1 1 1 1 1 1 1 16 15 10 12 16 15 10 100 12 1 1 1 1 1 100 1 100 1 1
ciInstanceKlass java/lang/invoke/LambdaForm 1 1 1031 7 1 100 1 10 7 12 1 1 1 9 12 1 1 9 12 1 9 12 1 9 12 1 1 9 12 1 1 9 12 1 1 9 12 1 1 9 12 1 1 9 12 1 10 7 12 1 1 9 12 1 10 12 1 1 100 1 10 10 12 1 1 10 12 1 10 12 1 10 12 1 1 10 12 1 9 12 1 9 12 1 10 12 1 1 9 7 12 1 1 1 9 7 12 1 1 9 12 1 1 10 12 1 9 12 1 10 100 12 1 1 1 10 12 1 1 100 1 10 12 1 1 9 7 12 1 1 1 10 100 12 1 1 1 10 12 1 10 12 1 1 7 1 10 12 1 10 12 1 10 12 1 1 10 12 1 1 10 12 1 10 12 1 10 12 1 10 12 1 10 12 1 1 8 1 10 12 1 10 12 1 10 10 12 1 8 1 8 1 9 12 1 9 12 1 1 10 12 1 1 9 12 1 1 10 7 12 1 1 1 10 12 1 1 10 12 1 10 12 1 1 10 12 1 7 1 10 12 1 10 100 12 1 1 1 9 12 1 10 12 1 8 1 8 1 8 1 8 1 8 1 8 1 8 1 8 1 10 12 1 9 12 1 7 1 10 12 1 1 9 12 1 1 10 12 1 1 10 12 1 1 10 12 10 12 1 10 12 1 1 10 12 1 1 10 12 1 1 10 10 12 1 1 10 12 1 1 7 1 8 1 10 12 1 1 10 12 1 10 12 1 1 10 8 1 10 12 1 1 8 1 8 1 8 1 10 12 1 10 12 1 10 12 1 1 10 100 12 1 1 1 10 7 12 1 1 1 10 12 1 1 9 12 1 1 8 1 10 100 12 1 1 1 10 7 12 1 1 10 12 1 10 12 1 1 10 12 1 1 9 12 1 8 10 12 1 1 100 1 10 12 1 1 10 12 1 9 7 12 1 1 9 100 12 1 1 1 8 1 10 100 12 1 1 10 12 1 1 100 1 100 1 10 10 12 1 1 10 12 1 1 8 1 8 1 100 1 8 1 10 12 10 12 1 10 12 1 10 12 1 10 12 1 1 9 100 12 1 1 10 12 1 8 1 8 1 10 12 1 10 12 1 1 8 1 8 1 8 1 100 1 8 1 100 1 8 1 100 1 8 1 10 12 1 8 1 9 10 100 12 1 1 1 10 12 1 9 12 1 1 10 12 1 10 10 12 1 10 12 1 10 12 1 10 12 1 1 10 12 1 10 12 1 1 10 12 1 1 10 12 1 1 10 12 1 1 8 1 100 10 12 1 10 12 1 9 12 1 1 10 7 12 1 1 8 1 8 1 100 1 8 1 8 1 8 1 8 1 8 1 8 1 8 1 8 1 10 12 1 1 10 12 1 1 10 12 1 10 12 1 10 12 1 10 12 1 8 1 8 1 8 1 10 12 1 8 1 10 12 1 8 1 8 1 8 1 8 1 8 1 10 12 1 10 12 1 10 12 1 1 10 7 12 1 1 1 10 12 1 10 12 1 10 12 1 10 12 1 10 12 1 9 12 1 1 8 1 10 12 1 1 9 12 1 9 12 1 1 10 12 1 1 9 12 1 1 9 12 1 10 12 1 1 9 12 1 1 7 1 10 7 12 1 1 1 9 7 12 1 1 1 10 7 12 1 1 1 10 12 1 1 10 12 1 1 10 12 1 9 12 1 10 12 1 9 12 1 10 12 1 10 12 1 8 1 10 12 1 9 12 1 1 7 1 10 7 12 1 1 1 100 1 10 12 1 9 12 1 10 12 1 10 12 1 10 12 1 1 10 12 1 9 7 12 1 1 10 12 1 1 10 12 1 10 12 1 9 12 1 9 9 12 1 7 9 12 1 1 10 12 1 1 9 12 1 10 12 1 10 7 1 9 1 1 1 1 3 1 3 1 1 3 1 3 1 1 1 1 1 1 1 1 1 1 1 1 1 1 1 1 1 1 1 1 1 1 1 1 1 1 1 1 1 1 1 1 1 1 1 1 1 1 1 1 1 1 1 1 1 100 1 1 1 1 1 1 1 1 1 1 1 1 1 1 1 1 1 1 1 1 1 1 1 1 1 1 1 1 1 1 1 1 1 1 1 1 1 1 1 1 1 1 1 1 1 1 1 1 1 1 1 1 1 1 1 1 1 1 1 1 1 1 1 1 1 1 1 100 1 1 1 1 1 1 1 1 1 1 1 1 1 1 1 1 1 1 1 1 1 1 1 1 1 1 1 1 1 1 1 1 1 1 1 1 100 1 1 1 1 1 1 1 1 1 1 1 1 1 1 100 1 1 1 1 100 1 1 100 1 1 1 1 1 1 1 1 1 1 1 1
staticfield java/lang/invoke/LambdaForm DEFAULT_CUSTOMIZED Ljava/lang/invoke/MethodHandle; 
staticfield java/lang/invoke/LambdaForm DEFAULT_KIND Ljava/lang/invoke/LambdaForm$Kind; java/lang/invoke/LambdaForm$Kind
staticfield java/lang/invoke/LambdaForm COMPILE_THRESHOLD I 0
staticfield java/lang/invoke/LambdaForm INTERNED_ARGUMENTS [[Ljava/lang/invoke/LambdaForm$Name; 5 [[Ljava/lang/invoke/LambdaForm$Name;
staticfield java/lang/invoke/LambdaForm IMPL_NAMES Ljava/lang/invoke/MemberName$Factory; java/lang/invoke/MemberName$Factory
staticfield java/lang/invoke/LambdaForm LF_identity [Ljava/lang/invoke/LambdaForm; 6 [Ljava/lang/invoke/LambdaForm;
staticfield java/lang/invoke/LambdaForm NF_identity [Ljava/lang/invoke/LambdaForm$NamedFunction; 6 [Ljava/lang/invoke/LambdaForm$NamedFunction;
staticfield java/lang/invoke/LambdaForm LF_constant [Ljava/lang/invoke/LambdaForm; 5 [Ljava/lang/invoke/LambdaForm;
staticfield java/lang/invoke/LambdaForm createIdentityFormLock Ljava/lang/Object; java/lang/Object
staticfield java/lang/invoke/LambdaForm DEBUG_NAME_COUNTERS Ljava/util/HashMap; 
staticfield java/lang/invoke/LambdaForm DEBUG_NAMES Ljava/util/HashMap; 
staticfield java/lang/invoke/LambdaForm TRACE_INTERPRETER Z 0
staticfield java/lang/invoke/LambdaForm $assertionsDisabled Z 1
instanceKlass jdk/internal/reflect/DirectMethodHandleAccessor
ciInstanceKlass jdk/internal/reflect/MethodAccessorImpl 1 1 38 10 7 12 1 1 1 10 100 12 1 1 1 100 1 1 1 1 1 1 1 100 1 100 1 1 1 1 1 1 1 1 1 1 1 1 1 1
ciInstanceKlass jdk/internal/reflect/MethodAccessor 1 0 17 100 1 100 1 1 1 1 100 1 100 1 1 1 1 1 1
ciInstanceKlass java/util/Objects 1 1 184 10 7 12 1 1 1 100 1 8 1 10 12 1 10 12 1 1 10 7 12 1 1 1 10 12 1 1 10 12 1 10 100 12 1 1 1 10 12 1 1 10 7 12 1 1 1 7 1 10 10 12 1 1 10 7 12 1 1 10 12 1 1 8 1 10 7 12 1 1 1 10 7 12 1 1 1 10 11 100 12 1 1 1 100 1 10 10 12 1 8 1 10 12 1 8 1 7 1 11 12 1 1 8 1 10 7 12 1 1 1 10 12 1 1 10 12 1 10 12 1 10 12 1 10 12 1 1 1 1 1 1 1 1 1 1 1 1 1 1 1 1 1 1 1 1 1 1 1 1 1 1 1 1 1 1 1 1 1 1 1 1 1 1 1 1 1 1 1 1 1 1 1 1 1 1 1 1 1 1 1 1 1 1
ciInstanceKlass jdk/internal/reflect/CallerSensitive 0 0 17 100 1 100 1 100 1 1 1 1 1 1 1 1 1 1 1
ciInstanceKlass jdk/internal/reflect/DirectConstructorHandleAccessor$NativeAccessor 1 1 44 10 7 12 1 1 1 9 7 12 1 1 1 10 12 1 1 1 1 1 1 1 1 1 1 1 1 1 1 1 1 1 100 1 100 1 1 1 1 1 100 1 1 1
ciInstanceKlass jdk/internal/reflect/ConstructorAccessor 1 0 16 100 1 100 1 1 1 1 100 1 100 1 100 1 1 1
instanceKlass jdk/internal/reflect/DirectConstructorHandleAccessor
instanceKlass jdk/internal/reflect/DirectConstructorHandleAccessor$NativeAccessor
ciInstanceKlass jdk/internal/reflect/ConstructorAccessorImpl 1 1 27 10 7 12 1 1 1 100 1 100 1 1 1 1 1 1 1 1 1 100 1 100 1 100 1 1 1
ciInstanceKlass jdk/internal/reflect/ConstantPool 1 1 113 10 100 12 1 1 1 10 7 12 1 1 1 10 12 1 1 10 12 1 10 12 1 1 10 12 1 1 10 12 1 10 12 1 1 10 12 1 10 12 1 1 10 12 1 10 12 1 10 12 1 10 12 1 1 10 12 1 1 10 12 1 1 10 12 1 1 10 12 1 10 12 1 1 10 100 12 1 1 1 1 1 1 1 1 1 1 1 1 1 1 1 1 1 1 1 1 1 1 1 1 1 1 1 1 1 1 1 1 1 1 1 1
instanceKlass java/lang/invoke/VolatileCallSite
instanceKlass java/lang/invoke/MutableCallSite
instanceKlass java/lang/invoke/ConstantCallSite
ciInstanceKlass java/lang/invoke/CallSite 1 1 297 10 7 12 1 1 1 10 7 12 1 1 1 9 12 1 1 10 7 12 1 1 1 10 12 1 100 1 10 12 1 1 10 12 1 1 9 100 12 1 1 1 10 100 12 1 1 10 12 1 1 100 1 100 1 10 10 100 12 1 1 1 10 12 1 1 8 1 10 12 1 10 12 1 1 10 12 1 10 12 1 1 10 12 1 1 10 10 100 12 1 1 10 12 1 1 9 12 1 9 100 12 1 1 1 8 1 10 7 12 1 1 1 10 12 1 1 100 1 10 12 1 1 9 12 1 8 1 100 1 10 12 1 10 12 1 100 1 8 1 10 10 12 1 10 12 1 1 100 1 10 12 1 1 10 12 1 10 12 1 10 12 1 1 10 12 1 1 9 12 1 1 8 10 12 1 1 9 12 1 1 100 1 10 10 12 1 10 100 12 1 1 1 10 12 1 1 10 12 1 1 10 12 1 10 7 12 1 1 1 100 1 8 1 10 10 12 10 12 1 1 100 1 100 1 100 1 8 1 10 12 1 10 7 12 1 1 1 1 1 1 1 1 1 1 1 1 1 1 1 1 1 1 1 1 1 1 1 1 1 1 1 1 1 1 1 1 1 1 1 1 1 1 1 1 1 1 1 1 1 1 1 1 1 1 1 1 1 1 1 1 100 1 100 1 1 1
staticfield java/lang/invoke/CallSite $assertionsDisabled Z 1
ciInstanceKlass java/lang/invoke/ConstantCallSite 1 1 65 10 7 12 1 1 1 9 7 12 1 1 1 9 12 1 1 10 7 12 1 1 1 10 12 1 100 1 10 12 9 12 1 1 100 1 10 10 12 1 1 10 12 1 1 1 1 1 1 1 1 1 1 1 1 1 100 1 1 1 1 1 1 1 1
staticfield java/lang/invoke/ConstantCallSite UNSAFE Ljdk/internal/misc/Unsafe; jdk/internal/misc/Unsafe
instanceKlass java/lang/invoke/DirectMethodHandle$StaticAccessor
instanceKlass java/lang/invoke/DirectMethodHandle$Special
instanceKlass java/lang/invoke/DirectMethodHandle$Interface
instanceKlass java/lang/invoke/DirectMethodHandle$Accessor
instanceKlass java/lang/invoke/DirectMethodHandle$Constructor
ciInstanceKlass java/lang/invoke/DirectMethodHandle 1 1 930 7 1 100 1 7 1 7 1 10 7 12 1 1 1 10 7 12 1 1 1 100 1 10 12 1 10 12 1 1 10 7 12 1 1 10 12 1 1 10 12 1 10 12 1 7 1 10 12 1 1 10 12 1 1 10 12 1 10 12 1 1 10 7 12 1 1 1 10 12 1 9 7 12 1 1 1 100 1 10 9 12 1 1 9 12 1 10 12 1 10 12 1 10 12 1 1 10 12 1 10 12 1 10 12 1 10 7 12 1 1 1 10 12 1 10 12 1 1 8 1 10 12 1 1 7 1 10 12 1 7 1 10 10 12 1 10 12 1 10 12 1 10 7 12 1 1 1 10 12 1 1 7 1 10 12 1 10 12 1 7 1 10 12 1 10 12 1 1 10 12 1 1 10 12 8 10 7 12 1 1 1 10 12 1 10 12 1 10 12 1 1 10 12 1 9 7 12 1 1 1 7 1 10 12 1 10 7 12 1 1 1 10 12 1 10 12 1 1 9 12 1 1 7 1 10 8 1 10 12 1 1 10 12 1 1 8 1 10 12 1 10 12 1 10 10 12 1 10 12 1 10 12 1 10 12 1 10 12 1 1 10 12 1 10 12 1 10 12 1 1 10 10 7 12 1 1 1 10 12 1 10 12 1 1 10 12 1 10 12 1 1 8 1 9 7 12 1 1 1 8 1 9 12 1 9 12 1 8 1 9 12 1 9 12 1 8 1 9 12 1 9 12 1 8 1 10 12 1 10 12 1 1 10 7 12 1 1 1 10 12 1 10 12 1 1 9 12 1 1 7 1 10 12 1 1 100 1 10 7 12 1 1 1 10 12 1 1 10 12 1 1 7 1 10 12 1 1 10 12 1 10 12 1 1 7 1 10 12 1 1 10 12 1 10 12 1 10 12 1 1 10 12 1 9 12 1 1 10 7 1 9 12 1 10 12 1 7 1 7 1 7 1 10 7 12 1 1 1 9 12 1 1 10 7 12 1 1 1 10 7 12 1 1 10 12 10 12 1 7 1 10 12 1 10 12 1 1 8 1 9 12 1 9 12 1 10 12 1 1 9 12 1 1 10 7 12 1 1 1 9 12 1 1 9 12 1 1 10 12 1 10 12 1 10 12 1 10 12 1 1 10 12 1 9 12 1 9 12 1 10 12 1 10 12 1 10 12 1 10 12 1 1 10 12 1 1 9 12 1 1 10 12 1 1 9 7 12 1 1 1 9 12 1 9 12 1 9 12 1 9 12 1 9 12 1 9 12 1 9 12 1 9 12 1 9 12 1 9 12 1 9 12 1 9 12 1 9 12 1 9 12 1 9 12 1 9 12 1 9 12 1 9 12 1 9 12 1 9 12 1 9 12 1 9 12 1 9 12 1 9 12 1 100 1 10 12 1 8 1 8 1 8 1 8 1 8 1 8 1 8 1 8 1 8 1 10 12 1 10 12 1 8 1 8 1 8 1 9 12 1 1 9 12 1 1 10 12 1 10 12 1 1 10 12 1 1 9 7 1 10 12 1 10 12 10 12 1 10 12 1 10 12 1 10 8 1 8 1 8 1 8 1 10 12 1 1 9 12 1 1 10 12 1 10 100 12 1 1 1 8 9 12 1 1 10 12 1 1 8 1 8 8 9 12 1 8 1 8 8 8 8 8 1 8 10 12 1 7 1 10 12 1 8 1 8 1 10 12 1 10 12 1 10 12 1 9 12 1 10 12 1 1 7 1 1 1 1 3 1 3 1 3 1 3 1 3 1 3 1 3 1 3 1 1 1 1 1 1 1 1 1 1 3 1 3 1 3 1 1 3 1 3 1 1 1 1 1 1 1 1 1 1 1 1 1 1 1 1 1 1 1 1 1 1 1 1 1 1 1 1 1 1 1 1 1 1 1 1 1 1 1 1 1 1 1 1 1 1 1 1 1 1 1 1 1 1 1 1 1 1 1 1 1 1 100 1 1 1 1 1 1 1 1 1 100 1 1 1 1 1 1 1 1 1 1 1 1 1 1 1 1 1 1 1 1 1 1 1 1 1 1 1 1 1 1 1 1 1 1 1 1 1 1 1 1 1 1 1 1 1 1 1 1 1 1 1 1 1 1
staticfield java/lang/invoke/DirectMethodHandle IMPL_NAMES Ljava/lang/invoke/MemberName$Factory; java/lang/invoke/MemberName$Factory
staticfield java/lang/invoke/DirectMethodHandle FT_UNCHECKED_REF I 8
staticfield java/lang/invoke/DirectMethodHandle FT_CHECKED_REF I 9
staticfield java/lang/invoke/DirectMethodHandle ACCESSOR_FORMS [Ljava/lang/invoke/LambdaForm; 120 [Ljava/lang/invoke/LambdaForm;
staticfield java/lang/invoke/DirectMethodHandle ALL_WRAPPERS [Lsun/invoke/util/Wrapper; 10 [Lsun/invoke/util/Wrapper;
staticfield java/lang/invoke/DirectMethodHandle NFS [Ljava/lang/invoke/LambdaForm$NamedFunction; 12 [Ljava/lang/invoke/LambdaForm$NamedFunction;
staticfield java/lang/invoke/DirectMethodHandle OBJ_OBJ_TYPE Ljava/lang/invoke/MethodType; java/lang/invoke/MethodType
staticfield java/lang/invoke/DirectMethodHandle LONG_OBJ_TYPE Ljava/lang/invoke/MethodType; java/lang/invoke/MethodType
staticfield java/lang/invoke/DirectMethodHandle $assertionsDisabled Z 1
ciInstanceKlass java/lang/invoke/MutableCallSite 0 0 61 10 100 12 1 1 1 10 12 1 9 100 12 1 1 1 10 12 1 10 12 1 1 9 100 12 1 1 1 10 100 12 1 1 1 10 100 12 1 1 1 1 1 1 1 1 1 1 1 1 1 1 1 1 1 1 1 1 100 1 1
ciInstanceKlass java/lang/invoke/VolatileCallSite 0 0 37 10 100 12 1 1 1 10 12 1 10 100 12 1 1 1 10 12 1 10 12 1 1 1 1 1 1 1 1 1 1 1 1 1 1 1 1
instanceKlass java/lang/invoke/VarHandleLongs$FieldInstanceReadOnly
instanceKlass java/lang/invoke/LazyInitializingVarHandle
instanceKlass java/lang/invoke/VarHandleReferences$FieldStaticReadOnly
instanceKlass java/lang/invoke/VarHandleBooleans$FieldInstanceReadOnly
instanceKlass java/lang/invoke/VarHandleInts$FieldInstanceReadOnly
instanceKlass java/lang/invoke/VarHandleReferences$Array
instanceKlass java/lang/invoke/VarHandleReferences$FieldInstanceReadOnly
instanceKlass java/lang/invoke/VarHandleByteArrayAsDoubles$ByteArrayViewVarHandle
instanceKlass java/lang/invoke/VarHandleByteArrayAsLongs$ByteArrayViewVarHandle
instanceKlass java/lang/invoke/VarHandleByteArrayAsFloats$ByteArrayViewVarHandle
instanceKlass java/lang/invoke/VarHandleByteArrayAsInts$ByteArrayViewVarHandle
instanceKlass java/lang/invoke/VarHandleByteArrayAsChars$ByteArrayViewVarHandle
instanceKlass java/lang/invoke/VarHandleByteArrayAsShorts$ByteArrayViewVarHandle
ciInstanceKlass java/lang/invoke/VarHandle 1 1 474 10 7 12 1 1 1 10 7 12 1 1 9 12 1 1 9 12 1 1 10 12 1 1 8 1 10 12 1 1 10 7 12 1 1 1 10 12 1 1 10 100 12 1 1 1 9 100 12 1 1 1 10 12 1 1 10 100 12 1 1 1 10 12 1 1 9 12 1 10 12 1 9 12 1 1 10 7 12 1 1 10 12 1 9 100 12 1 1 1 9 12 1 1 10 12 1 1 100 1 100 1 10 8 1 10 12 1 1 10 12 1 8 1 10 12 1 10 12 1 9 12 1 1 9 12 1 10 12 1 10 12 1 1 10 12 1 10 10 100 12 1 1 1 10 12 1 1 10 12 1 1 10 100 12 1 1 1 10 100 12 1 1 1 10 100 12 1 1 1 9 12 1 1 9 10 12 1 10 12 1 1 10 12 1 1 10 12 1 10 100 12 1 1 1 9 12 1 1 10 12 1 1 9 12 1 10 12 1 10 12 1 10 100 12 1 1 100 1 10 9 7 12 1 1 1 9 12 1 1 10 7 12 1 1 1 10 12 1 10 12 1 10 12 1 10 12 1 10 12 1 10 12 1 1 8 10 12 1 1 7 1 10 12 1 1 100 1 1 1 1 1 1 1 1 1 1 1 1 1 1 1 1 1 1 1 1 1 1 1 1 1 1 1 1 1 1 1 1 1 1 1 1 1 1 1 1 1 1 1 1 1 1 1 1 1 1 1 1 1 1 1 1 1 1 1 1 1 1 1 1 1 100 1 1 1 1 1 1 1 1 100 1 1 1 1 1 1 1 1 1 1 1 1 100 1 100 1 1 100 1 100 1 100 1 100 1 100 1 100 1 100 1 100 1 100 1 100 1 100 1 100 1 100 1 100 1 100 1 100 1 100 1 100 1 100 1 100 1 100 1 100 1 100 1 100 1 100 1 100 1 100 1 100 1 100 1 100 1 100 1 100 1 100 1 100 1 100 1 100 1 1 1 1 1 1 100 1 1 1 100 1 1 100 1 100 1 100 1 100 1 100 1 100 1 1 1 1 100 1 100 1 100 1 100 1 100 1 100 1 100 1 100 1
staticfield java/lang/invoke/VarHandle VFORM_OFFSET J 16
staticfield java/lang/invoke/VarHandle $assertionsDisabled Z 1
ciInstanceKlass java/lang/invoke/MemberName 1 1 730 7 1 7 1 100 1 9 12 1 1 10 7 12 1 1 1 9 12 1 1 10 12 1 1 10 12 1 1 10 12 1 1 10 12 1 10 12 1 1 10 7 12 1 1 1 10 12 1 9 7 12 1 1 10 12 1 100 1 100 1 10 12 1 8 1 10 12 1 1 10 12 1 10 12 1 1 10 12 1 9 12 1 1 8 1 10 100 12 1 1 1 7 1 10 10 12 1 1 100 1 100 1 10 12 1 9 12 1 1 100 1 8 1 10 12 1 10 12 1 10 12 1 10 12 1 10 12 1 1 10 12 1 10 12 1 10 12 1 1 8 1 8 1 10 12 1 8 1 9 12 1 1 3 10 12 1 10 12 1 10 12 1 10 10 7 12 1 1 1 10 12 1 10 12 1 10 12 1 10 12 1 7 1 8 10 12 1 1 10 12 1 1 8 1 9 100 1 8 9 100 1 10 12 1 1 10 12 1 10 12 1 8 1 10 12 1 1 10 12 1 10 12 1 10 12 1 10 12 1 1 100 1 10 12 1 1 10 12 1 8 1 10 12 1 10 12 1 8 1 10 12 1 1 10 12 1 1 100 1 10 12 1 1 10 12 8 1 8 1 100 1 10 12 1 10 100 12 1 1 1 100 1 10 12 10 12 1 10 12 1 10 12 1 10 12 1 10 10 12 1 10 12 1 10 12 1 3 10 12 1 3 10 12 1 3 3 3 3 3 3 10 12 1 3 9 12 1 10 12 1 1 3 10 12 1 10 10 7 12 1 1 1 10 12 1 1 10 7 12 1 1 10 10 12 1 10 12 1 1 10 12 1 10 10 12 1 1 10 12 1 10 12 1 10 12 1 100 1 10 10 10 12 100 1 10 10 10 12 1 1 10 12 1 1 10 10 12 1 8 10 7 1 10 12 1 10 7 1 10 12 1 10 12 1 10 12 1 10 10 12 1 10 12 1 1 10 12 1 1 10 12 1 10 12 1 10 12 1 100 1 10 12 1 1 100 1 8 1 10 7 1 10 12 1 10 12 10 12 1 1 10 12 1 10 12 1 8 1 8 1 8 1 8 1 10 12 1 10 12 1 10 7 12 1 1 1 8 1 8 1 10 12 1 8 1 10 10 10 12 1 10 12 1 8 1 8 1 10 10 12 1 8 1 10 100 12 1 1 1 8 1 100 1 10 12 1 10 12 1 1 10 12 1 8 1 8 1 8 1 8 1 100 1 10 8 1 8 1 8 1 8 1 10 12 1 100 1 100 1 100 1 10 100 1 10 100 1 10 100 12 1 1 1 9 7 12 1 1 1 100 1 100 1 1 1 1 1 1 1 3 1 3 1 3 1 3 1 3 1 3 1 1 1 1 1 1 1 1 3 1 3 1 1 1 1 1 1 1 1 1 1 1 1 1 1 1 1 1 1 1 1 1 1 1 1 100 1 1 1 1 1 1 1 1 1 1 1 1 1 1 1 1 1 1 1 1 1 1 1 1 1 1 1 1 1 1 1 1 1 1 1 1 1 1 1 1 1 1 1 1 1 1 1 1 1 1 1 1 1 1 1 1 1 1 1 1 1 1 1 1 1 1 1 1 1 1 1 1 1 1 1 1 100 1 1 1 1 1 1 1 1 1 1 1 1 1 1 1 1
staticfield java/lang/invoke/MemberName $assertionsDisabled Z 1
ciInstanceKlass java/lang/invoke/ResolvedMethodName 1 1 25 10 100 12 1 1 1 9 7 12 1 1 1 1 1 1 1 1 1 1 1 1 1 1 1
ciInstanceKlass java/lang/invoke/MethodHandleNatives 1 1 689 100 1 10 7 12 1 1 1 9 7 12 1 1 1 10 12 1 1 100 1 10 10 12 1 1 10 12 1 10 12 1 8 1 8 1 8 1 8 1 8 1 8 1 8 1 8 1 8 1 8 1 10 12 1 1 7 1 10 7 12 1 1 1 10 100 12 1 1 1 7 1 10 10 12 1 1 8 1 10 12 1 8 1 10 12 1 1 8 1 10 12 1 1 9 100 12 1 1 1 8 1 10 100 12 1 1 1 100 1 10 12 100 1 100 1 8 1 7 1 10 10 12 1 7 1 9 7 12 1 1 10 12 1 1 10 12 1 10 7 12 1 1 1 10 12 1 1 9 12 1 8 1 10 12 1 1 10 12 1 8 1 10 12 1 1 7 1 10 12 1 10 7 12 1 1 1 10 12 1 10 12 1 1 10 12 1 1 8 1 10 12 1 1 8 1 10 12 1 8 1 8 1 8 1 100 1 10 12 1 8 1 10 100 12 1 1 1 10 12 1 1 10 100 12 1 1 10 10 12 1 1 10 12 1 10 100 12 1 1 1 100 1 8 1 10 100 12 1 1 1 7 1 8 1 10 12 1 8 1 8 1 8 1 8 1 8 1 10 12 1 1 10 12 1 1 10 12 1 10 12 1 1 10 12 1 1 7 1 10 12 1 100 1 100 1 10 12 1 10 12 1 8 1 8 1 10 10 12 1 1 10 12 1 1 8 1 10 100 12 1 1 8 1 8 1 10 12 1 1 10 7 12 1 1 1 100 1 10 12 1 1 7 1 9 12 1 1 10 7 12 1 1 1 10 10 12 1 9 12 1 10 12 1 9 12 1 9 12 1 10 12 1 1 10 12 1 10 12 1 1 7 1 7 1 10 12 1 1 10 12 1 10 12 1 1 10 7 12 1 1 1 10 12 1 8 1 10 12 1 10 12 1 10 12 1 1 10 12 1 10 7 12 1 1 1 10 12 1 1 100 1 8 1 10 9 7 12 1 1 1 10 12 1 1 10 12 1 1 100 1 10 12 1 1 10 12 1 1 100 1 100 1 10 10 100 1 100 1 10 100 1 10 10 12 1 1 10 100 1 10 12 1 10 12 1 1 10 12 1 1 10 12 1 1 10 12 1 10 12 1 1 10 8 1 10 12 1 10 12 1 10 12 1 10 12 1 10 12 1 1 10 12 1 10 12 1 10 12 1 10 10 7 12 1 1 10 12 1 1 1 1 1 1 1 1 1 1 1 1 1 100 1 1 1 1 1 1 1 1 1 1 1 1 1 1 1 1 1 1 1 1 1 1 1 1 1 1 1 1 1 1 1 1 1 1 1 1 1 1 1 1 1 1 1 1 1 1 1 1 1 1 1 1 1 1 1 1 1 1 1 1 1 1 1 100 1 1 1 1 1 1 1 1 1 1 1 1 1 1 1 1 1 1 1 1 1 1 1 1 1 1 1 1 1 1 1 1 1 1 1 100 1 1 1 1 1 1 1 1 1 1 1 1 1 1 1 1 1 1 1 1 1 1 1 1 1 1 1 1 1 1 1 1 1 1 100 1 1
staticfield java/lang/invoke/MethodHandleNatives $assertionsDisabled Z 1
ciInstanceKlass jdk/internal/foreign/abi/NativeEntryPoint 0 0 223 10 100 12 1 1 1 9 100 12 1 1 1 9 12 1 1 100 1 8 1 10 12 1 10 12 1 1 100 1 10 100 12 1 1 1 10 12 1 9 12 1 1 18 12 1 1 10 100 12 1 1 1 9 100 12 1 1 1 8 1 10 12 1 1 8 1 8 1 8 1 8 1 10 100 12 1 1 1 100 1 10 10 12 1 1 8 1 10 12 1 8 1 10 12 1 10 12 1 1 10 12 1 1 100 1 8 1 10 12 1 10 12 1 1 100 1 8 1 10 10 12 1 9 12 1 1 18 12 1 1 10 100 12 1 1 1 10 12 1 1 10 12 1 10 100 12 1 1 1 10 1 1 1 1 1 1 1 1 1 1 1 1 1 1 1 1 1 1 1 1 1 1 1 1 1 1 1 1 1 1 1 1 1 1 1 1 1 1 1 1 1 1 1 1 16 1 15 10 12 16 1 16 15 10 12 15 10 100 12 1 1 1 1 1 100 1 1 100 1 100 1 1
ciInstanceKlass jdk/internal/foreign/abi/ABIDescriptor 0 0 55 10 100 12 1 1 1 9 100 12 1 1 1 9 12 1 1 9 12 1 9 12 1 9 12 1 1 9 12 1 9 12 1 1 9 12 1 9 12 1 9 12 1 9 12 1 1 1 1 1 1 1 1 1 1
ciInstanceKlass jdk/internal/foreign/abi/VMStorage 0 0 111 10 100 12 1 1 1 9 100 12 1 1 1 9 12 1 1 9 12 1 1 9 12 1 1 100 1 10 8 1 10 12 1 1 10 12 1 10 12 1 1 10 12 1 100 1 10 100 12 1 1 1 10 100 12 1 1 10 100 12 1 1 10 100 12 1 1 1 18 12 1 1 1 1 1 1 1 1 1 1 1 1 1 1 1 1 1 1 1 1 1 1 8 1 15 15 15 15 15 10 100 12 1 1 1 1 100 1 100 1 1
ciInstanceKlass jdk/internal/foreign/abi/UpcallLinker$CallRegs 0 0 66 10 100 12 1 1 1 9 100 12 1 1 1 9 12 1 18 12 1 1 18 12 1 1 18 12 1 1 1 1 1 1 1 1 1 1 1 1 1 1 1 1 1 1 100 1 1 1 8 1 15 15 15 10 100 12 1 1 1 1 1 100 1 100 1 1
instanceKlass java/lang/StackFrameInfo
ciInstanceKlass java/lang/ClassFrameInfo 1 1 126 10 7 12 1 1 1 9 7 12 1 1 1 7 1 3 9 12 1 1 9 12 1 1 100 1 9 12 1 1 3 11 100 12 1 1 1 11 12 1 10 12 1 1 10 12 1 1 10 12 1 100 1 10 10 12 1 1 8 1 8 1 10 12 100 1 10 10 12 1 1 8 1 10 12 1 8 1 10 12 8 1 10 12 1 10 7 12 1 1 1 100 1 1 1 1 1 1 1 1 1 1 1 1 1 1 1 1 1 1 1 1 1 1 1 1 1 1 1 100 1 1 1 1 1 1
staticfield java/lang/ClassFrameInfo JLIA Ljdk/internal/access/JavaLangInvokeAccess; java/lang/invoke/MethodHandleImpl$1
ciInstanceKlass java/lang/StackWalker$StackFrame 1 1 41 100 1 10 12 1 1 100 1 100 1 1 1 1 1 1 1 1 1 1 1 1 1 1 1 1 1 1 1 1 1 1 1 1 1 1 1 100 1 1 1
ciInstanceKlass java/lang/StackWalker 1 1 236 9 7 12 1 1 1 10 7 12 1 1 1 7 1 10 7 12 1 1 1 10 12 1 1 11 7 12 1 1 1 10 12 1 1 10 12 1 1 100 1 8 1 10 12 1 10 12 1 10 12 1 10 7 12 1 1 9 12 1 1 9 12 1 1 9 12 1 1 9 12 1 1 10 12 1 1 9 12 1 1 9 12 1 1 9 12 1 1 9 12 1 1 10 12 1 1 10 7 12 1 1 1 10 7 12 1 1 1 18 12 1 1 100 1 8 1 10 8 1 10 12 1 1 10 100 12 1 1 1 10 12 1 1 10 12 1 11 12 1 1 9 7 12 1 1 11 100 12 1 1 1 10 12 1 1 1 1 1 1 1 1 1 1 1 1 1 1 1 1 1 1 1 1 1 1 1 1 1 1 1 1 1 1 1 1 1 1 1 1 1 1 1 1 1 1 1 1 1 1 1 1 1 1 1 1 1 1 1 100 1 1 16 15 10 12 16 1 15 10 100 12 1 1 1 1 1 1 1 1 1 100 1 100 1 1
staticfield java/lang/StackWalker DEFAULT_EMPTY_OPTION Ljava/util/EnumSet; java/util/RegularEnumSet
staticfield java/lang/StackWalker DEFAULT_WALKER Ljava/lang/StackWalker; java/lang/StackWalker
instanceKlass java/lang/LiveStackFrameInfo
ciInstanceKlass java/lang/StackFrameInfo 1 1 150 10 7 12 1 1 1 9 7 12 1 1 1 9 12 1 1 11 7 12 1 1 1 10 12 1 1 10 7 12 1 1 1 9 12 1 1 10 12 1 1 9 12 1 1 100 1 10 12 10 12 1 9 12 1 100 1 100 1 10 12 1 1 11 12 1 1 10 12 1 10 12 1 10 12 1 1 9 12 1 1 10 12 1 1 10 100 12 1 1 10 12 1 1 9 12 1 10 100 12 1 1 1 9 12 1 1 10 100 1 10 12 1 9 12 1 1 10 12 1 1 10 12 1 1 1 1 1 1 1 1 1 1 1 1 1 1 1 1 100 1 100 1 1 1 1 1 1 1 1
staticfield java/lang/StackFrameInfo $assertionsDisabled Z 1
ciInstanceKlass java/lang/LiveStackFrameInfo 0 0 97 10 100 12 1 1 1 9 100 12 1 1 1 9 12 1 9 12 1 9 12 1 9 12 1 1 100 1 10 12 1 1 10 12 1 8 1 10 12 1 1 8 1 8 1 8 1 10 100 1 10 12 1 100 1 10 12 1 100 1 100 1 1 1 3 1 3 1 1 1 1 1 1 1 1 1 1 1 1 1 1 1 1 1 1 1 1 1 1 1 1 1 1 1 100 1 1
ciInstanceKlass java/lang/LiveStackFrame 0 0 112 100 1 10 100 12 1 1 1 11 100 12 1 1 1 11 12 1 9 100 12 1 1 1 10 100 12 1 1 1 10 100 12 1 1 1 11 12 1 10 12 1 100 1 100 1 1 1 1 1 1 1 1 1 1 1 1 1 1 1 1 1 1 1 1 1 1 1 1 1 100 1 1 1 1 1 1 1 100 1 8 1 1 12 10 1 1 1 8 1 1 1 8 1 1 1 8 1 1 1 8 1 1 8 1 1 1 8 1 1 8 1
instanceKlass java/lang/StackStreamFactory$StackFrameTraverser
ciInstanceKlass java/lang/StackStreamFactory$AbstractStackWalker 1 1 364 7 1 100 1 3 10 7 12 1 1 1 10 7 12 1 1 10 7 12 1 1 1 9 12 1 1 9 12 1 1 9 12 1 1 9 12 1 9 12 1 10 7 12 1 1 1 10 12 1 1 10 100 12 1 1 9 12 1 1 9 12 1 1 10 12 1 1 9 12 1 1 10 7 12 1 1 1 10 12 1 1 9 12 1 1 9 100 12 1 1 1 100 1 10 8 1 10 12 1 1 10 12 1 8 1 10 12 1 1 10 100 12 1 1 1 100 1 8 1 10 12 1 8 1 10 12 10 7 12 1 1 9 12 1 1 8 1 5 0 8 1 8 1 9 12 1 1 10 12 1 1 18 12 1 1 10 100 12 1 1 1 10 12 1 1 10 12 1 10 12 1 9 7 12 1 1 1 10 12 1 1 9 12 1 10 12 1 10 12 1 10 12 1 10 12 1 10 12 1 10 12 1 1 8 1 10 12 1 10 12 1 10 12 1 10 12 1 1 8 1 10 12 1 1 10 12 1 1 10 12 1 1 10 12 1 10 12 1 10 12 1 9 12 1 8 1 10 12 1 8 1 10 12 1 10 12 1 1 10 12 1 10 12 1 10 12 1 1 10 12 1 10 12 1 10 12 1 10 12 1 10 12 1 10 12 1 1 10 12 1 10 12 1 10 12 1 10 12 1 8 1 1 1 1 1 1 1 1 1 1 1 1 1 100 1 1 1 1 1 1 100 1 1 1 1 100 1 1 1 1 1 1 1 1 1 1 1 1 1 1 1 1 1 1 16 15 15 10 100 12 1 1 1 1 1 1 1 1 100 1 100 1 1
ciInstanceKlass jdk/internal/module/Modules 1 1 498 10 100 12 1 1 1 9 7 12 1 1 1 11 7 12 1 1 1 11 12 1 1 11 12 1 1 11 12 1 1 11 12 1 11 12 1 11 12 1 11 12 1 11 12 1 11 12 1 11 12 1 1 11 12 1 11 12 1 1 11 12 1 11 12 1 1 10 100 12 1 1 1 10 12 1 1 10 100 12 1 1 10 100 12 1 1 1 10 100 12 1 1 10 12 1 1 11 12 1 9 12 1 1 11 100 12 1 1 1 10 12 1 1 10 10 12 1 10 100 1 9 12 1 1 10 100 12 1 1 10 12 1 1 10 100 12 1 1 1 100 1 11 100 12 1 1 1 10 100 12 1 1 1 11 100 12 1 1 10 12 1 1 10 100 12 1 1 10 100 12 1 1 1 10 12 1 1 10 12 1 1 11 12 1 1 18 12 1 1 11 100 12 1 1 10 100 12 1 1 1 11 100 12 1 1 1 100 1 11 12 1 1 11 100 12 1 1 1 11 12 1 1 10 12 1 1 10 100 12 1 1 18 12 1 1 11 12 1 1 18 12 1 1 11 12 1 1 10 12 1 18 18 10 12 1 1 9 12 1 1 11 100 12 1 1 1 100 1 10 11 12 1 11 12 1 1 10 100 1 10 12 1 1 10 100 12 1 1 10 12 1 1 11 12 10 12 1 1 100 1 10 18 12 1 10 12 1 1 100 1 8 1 10 12 1 10 100 12 1 1 18 12 1 11 11 12 10 12 1 10 10 100 1 18 12 1 10 10 10 7 12 1 1 10 7 12 1 1 1 10 12 1 1 1 1 1 1 1 1 1 1 1 1 1 1 1 1 1 1 1 1 1 1 1 1 1 1 1 1 1 1 1 1 1 1 1 1 1 1 1 1 1 1 1 1 1 1 1 1 1 1 1 1 1 1 1 1 1 1 1 1 1 1 1 1 1 100 1 1 1 1 1 1 1 1 1 1 1 1 1 1 1 1 1 1 1 1 1 1 16 15 10 12 1 16 1 16 1 15 10 12 1 16 1 16 1 15 10 12 16 1 15 10 16 1 15 10 12 16 1 16 15 10 12 16 15 10 12 16 15 10 12 15 10 100 12 1 1 1 1 1 1 100 1 100 1 1
staticfield jdk/internal/module/Modules JLA Ljdk/internal/access/JavaLangAccess; java/lang/System$1
staticfield jdk/internal/module/Modules JLMA Ljdk/internal/access/JavaLangModuleAccess; java/lang/module/ModuleDescriptor$1
staticfield jdk/internal/module/Modules $assertionsDisabled Z 1
ciInstanceKlass jdk/internal/loader/ClassLoaders 1 1 185 10 100 12 1 1 1 10 7 12 1 1 1 10 12 1 1 10 100 12 1 1 1 9 7 12 1 1 1 9 12 1 1 9 12 1 1 7 1 11 100 12 1 1 1 100 1 11 12 1 1 11 12 1 1 10 100 12 1 1 1 10 100 12 1 1 1 100 1 100 1 10 7 12 1 1 1 9 12 1 1 8 1 10 7 12 1 1 1 10 12 1 1 7 1 10 12 1 10 12 1 1 7 1 10 12 1 1 10 12 1 1 10 12 1 7 1 10 12 10 12 1 8 1 10 7 12 1 1 8 1 8 1 10 12 1 7 1 10 10 12 1 10 12 1 1 1 1 1 1 1 1 1 1 1 1 1 1 1 1 1 1 1 1 100 1 1 1 1 1 1 1 1 1 1 1 1 1 1 1 1 1 1 1 1
staticfield jdk/internal/loader/ClassLoaders JLA Ljdk/internal/access/JavaLangAccess; java/lang/System$1
staticfield jdk/internal/loader/ClassLoaders BOOT_LOADER Ljdk/internal/loader/ClassLoaders$BootClassLoader; jdk/internal/loader/ClassLoaders$BootClassLoader
staticfield jdk/internal/loader/ClassLoaders PLATFORM_LOADER Ljdk/internal/loader/ClassLoaders$PlatformClassLoader; jdk/internal/loader/ClassLoaders$PlatformClassLoader
staticfield jdk/internal/loader/ClassLoaders APP_LOADER Ljdk/internal/loader/ClassLoaders$AppClassLoader; jdk/internal/loader/ClassLoaders$AppClassLoader
instanceKlass org/apache/maven/artifact/versioning/ComparableVersion$ListItem
instanceKlass org/eclipse/sisu/bean/BeanScheduler$Pending
ciInstanceKlass java/util/ArrayList 1 1 516 10 7 12 1 1 1 7 1 9 7 12 1 1 1 9 12 1 100 1 100 1 10 8 1 10 12 1 1 10 12 1 10 12 1 1 10 12 1 9 12 1 11 7 12 1 1 1 9 12 1 1 11 12 1 1 7 10 7 12 1 1 1 9 12 1 10 12 1 10 12 1 1 10 7 12 1 1 1 10 7 12 1 1 1 10 12 1 1 10 12 1 1 10 12 1 1 10 12 1 10 12 1 1 100 1 100 1 10 12 1 10 10 7 12 1 1 1 10 7 12 1 1 10 12 1 100 1 10 10 12 10 12 1 1 10 12 1 1 10 12 1 10 12 10 12 1 1 7 1 10 12 1 1 10 12 1 1 10 12 1 100 1 10 11 12 1 1 11 100 12 1 1 1 11 12 1 10 12 1 10 12 1 10 12 1 1 11 100 1 10 12 1 1 10 10 12 1 1 10 12 1 8 1 8 1 8 1 8 1 10 12 1 1 10 12 1 1 11 12 1 100 1 10 100 12 1 1 10 12 1 10 12 1 1 10 100 12 1 1 10 12 1 10 100 12 1 1 1 11 100 12 1 1 1 10 12 1 100 1 8 1 10 7 1 10 12 1 7 1 10 12 1 10 12 1 1 7 1 10 12 1 10 12 1 1 11 7 12 1 1 7 1 10 12 1 10 12 1 1 11 7 12 1 1 10 12 1 1 10 12 1 1 10 12 1 1 10 12 1 1 11 100 12 1 1 10 12 1 1 10 12 1 1 100 1 100 1 100 1 1 1 1 5 0 1 3 1 1 1 1 1 1 1 1 1 1 1 1 1 1 1 1 1 1 1 1 1 1 1 1 1 1 1 1 1 1 1 1 1 1 1 1 1 1 1 1 1 1 1 1 1 1 1 1 1 1 1 1 1 1 1 1 1 1 1 1 1 1 1 1 1 1 1 1 1 1 1 1 1 1 1 1 1 1 1 1 1 1 1 1 1 1 1 1 1 1 1 1 1 1 1 1 1 1 1 1 1 1 1 1 1 100 1 1 1 1 100 1 1 1 1 1 1 1 1 1 1 1 1 1 1 1 1 1 1 1 1 1 1 1 1 1 1 1 1 1 100 1 1 1 1 1 1 1 1 1 1 1 1 1 1 1 1 1 1 1 100 1 100 1 1 1 1 1 1
staticfield java/util/ArrayList EMPTY_ELEMENTDATA [Ljava/lang/Object; 0 [Ljava/lang/Object;
staticfield java/util/ArrayList DEFAULTCAPACITY_EMPTY_ELEMENTDATA [Ljava/lang/Object; 0 [Ljava/lang/Object;
ciInstanceKlass java/util/List 1 1 280 10 100 12 1 1 1 11 100 12 1 1 1 11 100 12 1 1 1 11 12 1 1 11 100 12 1 1 11 12 1 1 11 12 1 1 10 100 12 1 1 1 7 1 100 1 10 12 1 1 100 1 10 7 12 1 1 1 11 12 1 1 11 12 1 11 12 1 100 1 10 12 1 11 12 1 1 11 12 1 1 11 12 1 10 7 12 1 1 1 9 7 12 1 1 1 7 1 10 12 10 12 1 7 1 10 12 1 1 10 12 1 10 12 1 1 8 10 100 12 1 1 1 10 100 12 1 1 1 11 12 1 1 100 1 1 1 1 1 1 1 1 1 1 1 1 1 1 1 1 1 1 1 1 1 1 1 1 1 1 1 1 1 1 1 1 1 1 1 1 1 1 1 1 1 1 1 1 100 1 100 1 1 1 1 1 1 1 1 1 1 1 1 1 1 1 1 1 1 1 1 1 1 1 1 1 1 1 1 1 1 1 1 1 1 1 1 1 1 1 1 1 1 1 1 1 1 1 1 1 1 1 1 1 1 1 1 1 1 1 1 1 1 1 1 1 1 1 1 1 1 1 1 1 1 1 1 1 1 1 1 1 1 1 1 1 1 1 100 1 1 100 1 1 1 100 1 100 1 1
ciInstanceKlass java/util/SequencedCollection 1 1 104 100 1 10 12 1 1 11 100 12 1 1 1 11 100 12 1 1 1 11 12 1 1 11 12 1 100 1 100 1 1 1 1 1 1 1 1 1 1 1 1 1 1 1 1 1 1 1 1 1 1 1 1 1 1 1 1 1 100 1 8 1 12 10 1 1 8 1 1 1 8 1 1 8 1 1 1 8 1 1 8 1 1 1 8 1 1 8 1 8 1 1 8 1 1 1 8 1 1 8 1 1 8 1
ciInstanceKlass java/lang/Iterable 1 1 62 10 7 12 1 1 1 11 7 12 1 1 1 11 7 12 1 1 1 11 12 1 1 11 7 12 1 1 1 10 7 12 1 1 1 100 1 1 1 1 1 1 1 1 1 1 1 1 1 1 1 1 1 1 1 1 1 1 1 1 1 1
ciInstanceKlass java/util/RandomAccess 1 0 7 100 1 100 1 1 1
instanceKlass java/util/EnumMap$Values
instanceKlass com/sun/tools/javac/util/List
instanceKlass java/util/concurrent/ConcurrentLinkedDeque
instanceKlass java/util/AbstractMap$2
instanceKlass org/eclipse/sisu/inject/MildElements
instanceKlass org/eclipse/sisu/inject/MildValues$1
instanceKlass com/google/common/collect/Maps$Values
instanceKlass com/google/common/collect/AbstractMultimap$Values
instanceKlass java/util/TreeMap$Values
instanceKlass com/google/common/collect/AbstractMapBasedMultimap$WrappedCollection
instanceKlass com/google/common/collect/ImmutableCollection
instanceKlass java/util/IdentityHashMap$Values
instanceKlass java/util/HashMap$Values
instanceKlass java/util/AbstractQueue
instanceKlass java/util/LinkedHashMap$LinkedValues
instanceKlass java/util/ArrayDeque
instanceKlass java/util/AbstractSet
instanceKlass java/util/ImmutableCollections$AbstractImmutableCollection
instanceKlass java/util/AbstractList
ciInstanceKlass java/util/AbstractCollection 1 1 160 10 7 12 1 1 1 10 7 12 1 1 1 10 12 1 1 11 7 12 1 1 1 11 12 1 1 10 12 1 1 10 100 12 1 1 1 10 12 1 1 10 12 1 1 10 7 12 1 1 10 7 12 1 1 1 7 1 10 100 12 1 1 1 10 100 12 1 1 1 100 1 10 11 12 1 11 7 1 10 12 1 10 12 1 10 7 12 1 1 1 11 8 1 7 1 10 10 12 1 1 8 1 10 12 1 10 12 1 1 1 1 1 1 1 1 1 1 1 1 1 1 1 1 1 1 1 1 1 1 1 1 1 1 1 1 1 1 1 1 1 1 1 1 1 1 1 1 1 1 1 1 1 1 1 1 1 1 1 1
instanceKlass com/sun/tools/javac/model/FilteredMemberList
instanceKlass org/eclipse/aether/util/graph/visitor/Stack
instanceKlass org/apache/maven/project/MavenProject$LoggingList
instanceKlass org/apache/maven/model/merge/ModelMerger$MergingList
instanceKlass java/util/Collections$CopiesList
instanceKlass sun/security/jca/ProviderList$2
instanceKlass java/util/Collections$SingletonList
instanceKlass com/google/common/collect/Lists$TransformingRandomAccessList
instanceKlass com/google/common/collect/Lists$Partition
instanceKlass java/util/ArrayList$SubList
instanceKlass java/util/Vector
instanceKlass java/util/Arrays$ArrayList
instanceKlass java/util/AbstractSequentialList
instanceKlass java/util/Collections$EmptyList
instanceKlass java/util/ArrayList
ciInstanceKlass java/util/AbstractList 1 1 218 10 7 12 1 1 1 9 7 12 1 1 1 10 12 1 1 10 12 1 1 100 1 10 10 12 1 1 11 100 12 1 1 1 11 12 1 1 11 12 1 10 7 12 1 1 1 10 12 1 11 12 1 11 12 1 11 12 1 10 12 1 1 10 12 1 1 11 100 12 1 1 1 11 7 1 11 7 1 10 12 1 7 1 10 12 1 10 12 1 1 100 1 100 1 10 12 1 100 1 10 100 1 100 1 10 8 1 10 12 1 1 10 12 1 10 12 1 1 10 12 1 8 1 100 1 8 1 8 1 8 1 10 100 1 11 10 10 12 1 11 12 1 10 12 1 1 8 1 8 1 1 1 1 1 1 1 1 1 1 1 1 1 1 1 1 1 1 1 1 1 1 1 1 1 1 1 1 1 1 1 1 1 1 1 1 1 1 1 1 1 1 1 1 1 1 1 1 1 1 1 1 1 1 1 1 1 1 100 1 100 1 1 1 1 1 1 1
instanceKlass java/nio/MappedByteBuffer
instanceKlass java/nio/HeapByteBuffer
ciInstanceKlass java/nio/ByteBuffer 1 1 446 10 7 12 1 1 1 9 7 12 1 1 1 10 7 12 1 1 1 9 12 1 1 9 12 1 9 12 1 1 9 12 1 1 10 12 1 10 12 1 100 1 10 12 1 10 12 1 1 7 1 10 12 1 10 12 1 100 1 100 1 10 12 1 10 12 1 1 10 7 12 1 1 1 10 12 1 1 10 12 1 100 1 10 10 12 1 1 10 12 1 10 12 1 10 12 100 1 5 0 9 12 1 1 9 12 1 9 12 1 1 10 12 1 1 10 12 1 1 10 7 12 1 1 1 10 7 12 1 1 1 10 12 1 10 12 1 1 10 12 1 1 100 1 10 100 1 10 10 12 1 1 9 12 1 10 12 1 100 1 10 10 12 1 10 12 1 10 12 10 12 1 9 12 100 1 10 10 12 1 10 12 10 12 1 1 10 12 1 10 12 1 10 12 1 10 12 1 100 1 10 10 100 12 1 1 1 10 7 12 1 1 1 10 12 1 1 8 1 10 12 1 8 1 8 1 10 12 1 8 1 10 12 1 10 100 12 1 1 1 10 100 12 1 1 1 10 12 1 1 10 100 1 9 12 1 8 1 10 12 1 8 1 8 1 10 10 12 1 10 12 1 1 10 12 1 1 10 12 10 12 1 1 10 12 10 12 10 12 10 12 10 12 10 12 10 12 1 1 10 12 1 9 12 1 1 7 10 7 12 1 1 1 100 1 1 1 1 1 1 1 1 1 1 1 1 100 1 1 1 1 1 1 1 1 1 1 1 1 1 1 1 1 1 1 1 1 1 100 1 1 1 1 1 1 1 1 1 1 1 1 1 1 1 1 1 1 1 1 1 1 1 1 1 1 1 1 1 1 1 1 1 1 1 1 1 1 1 1 1 1 1 1 1 1 1 1 1 1 1 1 1 1 1 1 1 1 1 1 1 1 1 1 1 1 1 1 1 1 1 1 1 1 1 1 1 1 1 1 1 1 1 1 1 1 1 1 1 1 1 1 1 1 1 100 1
staticfield java/nio/ByteBuffer ARRAY_BASE_OFFSET J 16
staticfield java/nio/ByteBuffer $assertionsDisabled Z 1
ciMethod java/nio/ByteBuffer base ()Ljava/lang/Object; 256 0 128 0 0
ciMethod java/nio/ByteBuffer position (I)Ljava/nio/Buffer; 1024 0 10217 0 192
ciMethod java/nio/ByteBuffer limit (I)Ljava/nio/Buffer; 512 0 5380 0 216
ciMethod java/nio/ByteBuffer isDirect ()Z 0 0 1 0 -1
ciMethod java/nio/ByteBuffer put (Ljava/nio/ByteBuffer;)Ljava/nio/ByteBuffer; 512 0 5470 0 1696
ciMethod java/nio/ByteBuffer position (I)Ljava/nio/ByteBuffer; 1024 0 24286 0 176
ciMethod java/nio/ByteBuffer limit (I)Ljava/nio/ByteBuffer; 512 0 13827 0 192
ciMethod java/nio/ByteBuffer flip ()Ljava/nio/ByteBuffer; 554 0 12080 0 96
ciMethod java/nio/ByteBuffer rewind ()Ljava/nio/ByteBuffer; 768 0 6580 0 0
ciMethod java/nio/ByteBuffer putBuffer (ILjava/nio/ByteBuffer;II)V 512 0 5409 0 712
ciMethod java/nio/ByteBuffer <init> (IIII[BILjava/lang/foreign/MemorySegment;)V 516 0 5403 0 284
ciMethod java/nio/ByteBuffer wrap ([BII)Ljava/nio/ByteBuffer; 470 0 6432 0 544
ciMethod java/nio/ByteBuffer wrap ([B)Ljava/nio/ByteBuffer; 470 0 4342 0 0
ciInstanceKlass java/lang/annotation/Annotation 1 0 17 100 1 100 1 1 1 1 1 1 1 1 1 1 1 1 1
ciInstanceKlass jdk/internal/access/JavaNioAccess 1 0 47 100 1 100 1 1 1 1 1 1 1 1 1 1 1 1 1 1 1 1 1 1 1 1 1 1 1 1 1 1 1 1 1 1 1 1 1 1 1 1 1 1 100 1 100 1 1
ciMethod jdk/internal/access/JavaNioAccess acquireSession (Ljava/nio/Buffer;)V 0 0 1 0 -1
ciMethod jdk/internal/access/JavaNioAccess releaseSession (Ljava/nio/Buffer;)V 0 0 1 0 -1
ciMethod jdk/internal/access/JavaNioAccess newDirectByteBuffer (JI)Ljava/nio/ByteBuffer; 0 0 1 0 -1
ciMethod jdk/internal/access/JavaNioAccess getBufferAddress (Ljava/nio/Buffer;)J 0 0 1 0 -1
ciMethod jdk/internal/access/JavaNioAccess isThreadConfined (Ljava/nio/Buffer;)Z 0 0 1 0 -1
ciInstanceKlass java/lang/ThreadLocal$ThreadLocalMap 1 1 143 9 7 12 1 1 1 10 7 12 1 1 1 9 12 1 7 1 9 12 1 1 9 7 12 1 1 10 12 1 10 12 1 1 10 12 1 1 9 12 1 1 10 12 1 1 10 12 1 1 10 12 1 1 10 12 1 1 10 12 1 1 10 12 1 1 10 12 1 1 10 12 1 10 12 1 10 12 1 10 12 1 10 12 1 1 1 3 1 1 1 1 1 1 1 1 1 1 1 1 1 1 1 1 1 1 1 1 1 1 1 1 100 1 1 1 1 1 1 1 1 1 1 1 1 1 1 1 1 1 1 1 1 1 1 1 1 1 1 1 1 1 1
ciMethod java/lang/ThreadLocal$ThreadLocalMap set (Ljava/lang/ThreadLocal;Ljava/lang/Object;)V 30 0 3221 0 -1
ciMethod java/lang/ThreadLocal$ThreadLocalMap nextIndex (II)I 42 0 10619 0 -1
ciMethod java/lang/ThreadLocal$ThreadLocalMap getEntry (Ljava/lang/ThreadLocal;)Ljava/lang/ThreadLocal$ThreadLocalMap$Entry; 766 0 5393 0 0
ciMethod java/lang/ThreadLocal$ThreadLocalMap getEntryAfterMiss (Ljava/lang/ThreadLocal;ILjava/lang/ThreadLocal$ThreadLocalMap$Entry;)Ljava/lang/ThreadLocal$ThreadLocalMap$Entry; 6 0 1201 0 0
ciMethod java/lang/ThreadLocal$ThreadLocalMap expungeStaleEntry (I)I 60 142 582 0 -1
instanceKlass lombok/core/configuration/ConfigurationFile$1
instanceKlass jdk/internal/jimage/ImageBufferCache$1
instanceKlass java/lang/ThreadLocal$SuppliedThreadLocal
instanceKlass java/util/concurrent/locks/ReentrantReadWriteLock$Sync$ThreadLocalHoldCounter
instanceKlass java/lang/InheritableThreadLocal
instanceKlass jdk/internal/misc/CarrierThreadLocal
ciInstanceKlass java/lang/ThreadLocal 1 1 319 9 7 12 1 1 1 3 10 7 12 1 1 1 7 1 10 12 1 1 10 7 12 1 1 10 12 1 9 12 1 1 10 7 12 1 1 1 10 12 1 1 9 12 1 1 100 1 100 1 10 10 12 1 10 12 1 1 10 7 12 1 1 1 9 7 12 1 1 1 10 12 1 10 12 1 1 10 12 1 1 10 12 1 1 7 1 10 12 1 1 9 12 1 10 12 1 1 10 12 1 10 12 10 12 1 1 10 12 1 10 12 1 1 10 12 1 10 12 10 12 1 1 10 12 1 10 12 100 1 10 8 1 10 7 12 1 1 1 10 100 12 1 1 10 100 12 1 1 1 9 12 1 1 10 12 1 1 10 100 12 1 1 1 18 12 1 1 10 12 1 1 100 1 9 12 1 1 10 100 12 1 1 1 11 12 1 1 11 100 12 1 1 11 12 1 100 1 8 1 11 12 1 1 10 12 1 1 11 100 12 1 1 1 10 100 12 1 1 1 11 12 1 1 10 7 12 1 1 10 12 1 10 10 1 1 1 1 1 1 1 1 1 1 1 1 1 1 1 1 1 1 1 1 1 1 1 1 1 1 1 1 1 1 1 1 1 1 1 1 1 1 1 1 1 1 1 1 1 1 1 1 1 1 1 100 1 1 1 1 1 1 1 1 1 1 1 16 15 10 12 16 15 10 100 12 1 1 1 1 1 1 1 1 100 1 100 1 1
staticfield java/lang/ThreadLocal TRACE_VTHREAD_LOCALS Z 0
staticfield java/lang/ThreadLocal nextHashCode Ljava/util/concurrent/atomic/AtomicInteger; java/util/concurrent/atomic/AtomicInteger
staticfield java/lang/ThreadLocal DUMPING_STACK Ljava/lang/ThreadLocal; java/lang/ThreadLocal
staticfield java/lang/ThreadLocal $assertionsDisabled Z 1
ciMethod java/lang/ThreadLocal getCarrierThreadLocal ()Ljava/lang/Object; 514 0 5799 0 288
ciMethod java/lang/ThreadLocal initialValue ()Ljava/lang/Object; 136 0 68 0 -1
ciMethod java/lang/ThreadLocal getMap (Ljava/lang/Thread;)Ljava/lang/ThreadLocal$ThreadLocalMap; 514 0 6989 0 160
ciMethod java/lang/ThreadLocal createMap (Ljava/lang/Thread;Ljava/lang/Object;)V 6 0 24 0 -1
ciMethod java/lang/ThreadLocal printStackTrace ()V 0 0 1 0 -1
ciMethod java/lang/ThreadLocal get (Ljava/lang/Thread;)Ljava/lang/Object; 514 0 5399 0 272
ciMethod java/lang/ThreadLocal setInitialValue (Ljava/lang/Thread;)Ljava/lang/Object; 12 0 954 0 0
instanceKlass sun/nio/ch/Util$1
instanceKlass jdk/internal/misc/TerminatingThreadLocal$1
instanceKlass sun/nio/fs/NativeBuffers$1
ciInstanceKlass jdk/internal/misc/TerminatingThreadLocal 1 1 84 10 7 12 1 1 1 10 12 1 1 10 7 12 1 1 1 10 12 1 10 12 1 9 12 1 1 10 12 1 1 7 1 11 12 1 1 11 7 12 1 1 1 11 12 1 10 12 1 10 12 1 11 12 1 1 11 12 7 1 10 1 1 1 1 1 1 1 1 1 1 1 1 1 1 1 1 1 1 1 1 1 1 1
staticfield jdk/internal/misc/TerminatingThreadLocal REGISTRY Ljdk/internal/misc/TerminatingThreadLocal; jdk/internal/misc/TerminatingThreadLocal$1
instanceKlass jdk/internal/misc/TerminatingThreadLocal
ciInstanceKlass jdk/internal/misc/CarrierThreadLocal 1 1 55 10 7 12 1 1 1 9 7 12 1 1 1 11 7 12 1 1 1 11 12 1 1 11 12 1 1 10 7 12 1 1 1 1 1 1 1 1 1 1 1 1 1 1 1 1 1 1 1 1 1 1 1 1 1
staticfield jdk/internal/misc/CarrierThreadLocal JLA Ljdk/internal/access/JavaLangAccess; java/lang/System$1
ciMethod jdk/internal/misc/CarrierThreadLocal get ()Ljava/lang/Object; 514 0 29687 0 0
ciMethod jdk/internal/misc/TerminatingThreadLocal register (Ljdk/internal/misc/TerminatingThreadLocal;)V 14 0 45 0 -1
ciInstanceKlass sun/nio/ch/Interruptible 1 0 11 100 1 100 1 1 1 1 1 1 1
ciMethod sun/nio/ch/Interruptible interrupt (Ljava/lang/Thread;)V 0 0 1 0 -1
ciMethod sun/nio/ch/Interruptible postInterrupt ()V 0 0 1 0 -1
ciInstanceKlass sun/nio/ch/DirectBuffer 1 1 13 100 1 100 1 1 1 1 1 1 1 1 1
ciMethod sun/nio/ch/DirectBuffer attachment ()Ljava/lang/Object; 0 0 1 0 -1
ciMethod sun/nio/ch/DirectBuffer address ()J 0 0 1 0 -1
ciInstanceKlass java/nio/Buffer$2 1 1 176 10 7 12 1 1 1 9 100 12 1 1 1 7 1 10 12 1 11 100 12 1 1 1 11 12 1 1 10 12 1 100 1 10 12 1 10 12 1 10 7 12 1 1 1 9 12 1 1 100 1 10 12 1 1 9 12 1 1 10 12 1 1 10 100 12 1 1 10 12 1 10 7 12 1 1 1 10 12 1 1 9 100 12 1 1 1 10 12 1 10 12 1 10 12 1 1 10 12 1 10 12 1 1 100 1 100 1 1 1 1 1 1 1 1 1 1 1 1 1 1 1 1 1 1 1 1 1 1 1 1 1 1 1 1 1 1 1 1 1 1 1 1 1 1 1 1 1 1 1 1 1 100 1 1 1 1 1 1 1 1 1 1 1 1 1 1 1 1 1 1 100 1 100 1 1
ciMethod java/nio/Buffer$2 acquireSession (Ljava/nio/Buffer;)V 6 0 5928 0 0
ciMethod java/nio/Buffer$2 releaseSession (Ljava/nio/Buffer;)V 6 0 15014 0 0
ciMethod java/nio/Buffer$2 newDirectByteBuffer (JI)Ljava/nio/ByteBuffer; 4 0 43 0 0
ciMethod java/nio/Buffer$2 getBufferAddress (Ljava/nio/Buffer;)J 4 0 14601 0 0
ciInstanceKlass jdk/internal/misc/Blocker 1 1 75 10 100 12 1 1 1 9 7 12 1 1 1 11 100 12 1 1 1 10 7 12 1 1 1 10 7 12 1 1 10 12 1 10 100 1 10 12 1 10 12 1 10 12 1 10 7 12 1 1 1 100 1 8 1 10 12 1 1 1 1 1 1 1 1 1 1 1 1 1 1 1 1 1 1
staticfield jdk/internal/misc/Blocker JLA Ljdk/internal/access/JavaLangAccess; java/lang/System$1
ciMethod jdk/internal/misc/Blocker currentCarrierThread ()Ljava/lang/Thread; 0 0 1 0 -1
ciMethod jdk/internal/misc/Blocker begin (Z)Z 528 0 13210 0 96
ciMethod jdk/internal/misc/Blocker begin ()Z 96 0 1033 0 -1
ciMethod jdk/internal/misc/Blocker end (Z)V 512 0 14240 0 96
instanceKlass jdk/nio/zipfs/ZipFileSystem$1
instanceKlass sun/nio/ch/FileChannelImpl
ciInstanceKlass java/nio/channels/FileChannel 1 1 143 10 7 12 1 1 1 11 7 12 1 1 1 10 7 12 1 1 1 10 7 12 1 1 1 10 7 12 1 1 1 7 1 10 10 12 1 1 9 7 12 1 1 1 10 12 1 10 12 1 1 10 12 1 100 1 10 100 1 5 0 10 12 1 1 10 12 1 10 12 1 1 10 12 1 7 1 100 1 100 1 100 1 1 1 1 1 1 1 1 1 1 1 1 1 1 1 1 1 100 1 1 1 1 1 1 1 100 1 1 1 1 1 1 1 1 1 1 1 1 1 1 1 1 1 1 1 1 1 1 1 1 1 1 1 1 1 1 1 100 1 1 1
staticfield java/nio/channels/FileChannel NO_ATTRIBUTES [Ljava/nio/file/attribute/FileAttribute; 0 [Ljava/nio/file/attribute/FileAttribute;
ciInstanceKlass java/nio/channels/ScatteringByteChannel 1 0 15 100 1 100 1 100 1 1 1 1 100 1 1 1 1
ciInstanceKlass java/nio/channels/ReadableByteChannel 1 0 14 100 1 100 1 100 1 1 1 1 100 1 1 1
ciInstanceKlass java/nio/channels/Channel 1 0 16 100 1 100 1 100 1 1 1 1 1 1 100 1 1 1
ciInstanceKlass java/nio/channels/SeekableByteChannel 1 0 20 100 1 100 1 100 1 1 1 1 100 1 1 1 1 1 1 1 1 1
ciInstanceKlass java/nio/channels/WritableByteChannel 1 0 14 100 1 100 1 100 1 1 1 1 100 1 1 1
ciInstanceKlass java/nio/channels/ByteChannel 1 0 11 100 1 100 1 100 1 100 1 1 1
ciInstanceKlass java/nio/channels/InterruptibleChannel 1 0 14 100 1 100 1 100 1 1 1 1 100 1 1 1
ciInstanceKlass java/nio/channels/GatheringByteChannel 1 0 15 100 1 100 1 100 1 1 1 1 100 1 1 1 1
instanceKlass java/nio/channels/SelectableChannel
instanceKlass java/nio/channels/FileChannel
ciInstanceKlass java/nio/channels/spi/AbstractInterruptibleChannel 1 1 124 10 7 12 1 1 1 9 7 12 1 1 1 7 1 10 12 1 9 12 1 1 9 12 1 1 10 12 1 9 12 1 1 9 12 1 1 10 7 12 1 1 1 10 12 1 1 10 7 12 1 1 1 10 12 1 1 11 100 12 1 1 1 11 12 1 9 12 1 100 1 10 100 1 10 10 7 12 1 1 1 11 7 1 10 12 1 1 8 10 12 1 1 100 1 100 1 1 1 1 1 1 1 1 100 1 1 100 1 1 1 1 1 1 1 1 1 1 1 1 1 1 1 1
staticfield java/nio/channels/spi/AbstractInterruptibleChannel U Ljdk/internal/misc/Unsafe; jdk/internal/misc/Unsafe
staticfield java/nio/channels/spi/AbstractInterruptibleChannel INTERRUPTED_TARGET J 24
ciMethod java/nio/channels/spi/AbstractInterruptibleChannel begin ()V 192 0 5220 0 530
ciMethod java/nio/channels/spi/AbstractInterruptibleChannel end (Z)V 192 0 5504 0 0
ciMethod java/nio/channels/spi/AbstractInterruptibleChannel isOpen ()Z 512 0 34364 0 104
ciMethod java/nio/channels/spi/AbstractInterruptibleChannel blockedOn (Lsun/nio/ch/Interruptible;)V 516 0 10724 0 -1
ciInstanceKlass sun/nio/ch/FileChannelImpl 1 1 959 10 7 12 1 1 1 7 1 10 12 1 9 7 12 1 1 1 7 1 10 9 12 1 1 9 12 1 1 9 12 1 1 9 12 1 1 9 12 1 9 12 1 9 12 1 9 12 1 1 9 12 1 100 1 10 9 12 1 1 10 7 12 1 1 1 9 12 1 1 10 7 12 1 1 1 7 1 10 12 1 10 7 12 1 1 1 9 12 1 1 10 12 1 10 12 1 1 100 1 10 9 12 1 10 12 1 10 12 1 1 100 1 10 10 7 12 1 1 9 12 1 1 10 7 12 1 1 1 11 7 12 1 1 1 11 7 12 1 1 11 12 1 1 100 1 10 12 1 10 12 1 1 10 12 1 10 12 1 1 7 1 10 12 1 10 12 1 11 100 12 1 1 11 7 12 1 1 100 1 10 12 1 1 9 12 1 10 100 12 1 1 10 12 1 1 10 12 1 10 12 1 100 1 10 10 10 100 12 1 1 1 10 12 1 10 12 1 1 10 12 1 10 12 1 10 7 12 1 1 1 10 7 12 1 1 5 0 10 7 12 1 1 1 10 10 12 1 1 10 12 1 10 12 1 1 10 12 1 10 12 10 100 12 1 1 1 10 12 1 10 12 1 5 0 10 12 1 10 100 1 10 12 1 10 12 1 100 1 10 10 12 1 10 10 10 12 10 12 10 12 9 12 1 1 11 7 12 1 1 1 10 12 1 10 12 1 1 100 1 10 10 12 1 1 10 12 1 10 100 12 1 1 1 10 12 1 8 1 10 12 1 10 12 1 1 10 12 10 12 1 1 10 100 1 10 12 1 10 10 12 1 100 1 10 100 12 1 1 1 10 12 1 10 10 100 1 10 12 1 1 11 100 1 10 10 12 1 1 10 12 1 10 12 1 1 10 12 1 1 10 100 12 1 1 10 12 1 1 10 12 1 10 12 1 10 12 1 1 10 12 1 1 18 12 1 1 10 12 1 1 10 12 1 1 5 0 9 12 1 5 0 100 1 10 12 1 1 10 12 1 1 10 12 1 5 0 100 1 10 12 1 5 0 10 100 12 1 1 1 9 100 12 1 1 1 10 12 1 1 11 100 12 1 10 12 1 1 5 0 10 100 12 1 1 1 10 12 1 10 12 1 10 12 1 1 10 12 1 11 10 10 12 1 10 12 1 10 12 1 1 10 12 1 10 12 1 1 10 12 1 1 9 12 1 10 12 1 1 10 12 11 100 12 1 11 10 12 1 1 10 12 1 10 12 1 1 10 12 10 12 100 1 10 8 1 10 12 1 10 12 1 10 12 10 12 10 12 1 100 1 11 12 1 11 100 1 100 1 5 0 8 1 8 1 10 12 1 10 12 1 1 10 12 1 1 10 12 1 1 10 10 12 1 1 10 12 1 10 100 12 1 1 10 12 1 10 12 1 10 12 8 1 10 100 12 1 1 1 10 12 1 8 1 8 1 10 100 12 1 1 1 10 8 1 10 12 1 1 10 12 1 8 1 10 10 12 1 10 12 1 100 1 10 100 12 1 1 5 0 10 12 1 1 100 1 10 12 1 8 1 10 12 1 10 12 1 1 10 12 1 100 1 10 12 1 100 1 10 10 100 12 1 1 9 100 12 1 1 9 12 1 9 12 1 9 12 1 100 1 10 10 100 12 1 1 100 1 10 100 1 10 10 12 1 100 1 5 0 10 12 1 10 12 1 10 12 1 10 12 1 10 12 100 1 10 10 12 1 1 10 12 1 1 10 10 10 12 10 7 12 1 1 10 7 12 1 1 1 7 1 10 1 1 1 1 1 3 1 3 1 3 1 3 1 3 1 1 1 1 1 1 100 1 1 1 1 1 1 1 1 1 1 1 100 1 1 1 1 1 1 1 1 1 1 1 1 100 1 1 1 1 1 1 1 1 1 1 1 1 1 1 1 1 1 1 1 1 1 1 1 1 1 1 1 1 1 1 1 1 1 1 1 1 1 1 1 1 1 1 100 1 1 1 1 1 1 1 1 1 1 1 1 1 1 1 1 1 1 1 1 1 1 1 1 1 1 100 1 1 1 1 1 1 1 1 1 1 1 1 1 1 1 1 1 1 1 1 1 1 1 1 1 1 1 1 1 1 15 10 100 12 1 1 1 1 1 1 1 1 1 100 1 1 100 1 100 1 1
staticfield sun/nio/ch/FileChannelImpl fdAccess Ljdk/internal/access/JavaIOFileDescriptorAccess; java/io/FileDescriptor$1
staticfield sun/nio/ch/FileChannelImpl nd Lsun/nio/ch/FileDispatcher; sun/nio/ch/FileDispatcherImpl
staticfield sun/nio/ch/FileChannelImpl $assertionsDisabled Z 1
ciMethod sun/nio/ch/FileChannelImpl position ()J 0 0 2 0 -1
ciMethod sun/nio/ch/FileChannelImpl read (Ljava/nio/ByteBuffer;)I 768 0 5379 0 0
ciMethod sun/nio/ch/FileChannelImpl endBlocking (Z)V 512 0 15049 0 136
ciMethod sun/nio/ch/FileChannelImpl ensureOpen ()V 512 0 17028 0 104
ciMethod sun/nio/ch/FileChannelImpl beginBlocking ()V 512 0 15049 0 112
ciMethod sun/nio/ch/FileChannelImpl implRead (Ljava/nio/ByteBuffer;)I 768 0 5380 0 0
ciInstanceKlass java/nio/ByteOrder 1 1 67 7 1 9 12 1 1 9 12 1 9 12 1 1 10 100 12 1 1 10 7 12 1 1 1 10 12 1 1 9 12 1 8 10 8 10 12 1 1 10 7 12 1 1 1 10 12 1 1 1 1 1 1 1 1 1 1 1 1 1 1 1 1 1 1 1 1
staticfield java/nio/ByteOrder LITTLE_ENDIAN Ljava/nio/ByteOrder; java/nio/ByteOrder
staticfield java/nio/ByteOrder BIG_ENDIAN Ljava/nio/ByteOrder; java/nio/ByteOrder
staticfield java/nio/ByteOrder NATIVE_ORDER Ljava/nio/ByteOrder; java/nio/ByteOrder
staticfield java/nio/ByteOrder $VALUES [Ljava/nio/ByteOrder; 2 [Ljava/nio/ByteOrder;
ciMethod java/nio/ByteOrder nativeOrder ()Ljava/nio/ByteOrder; 516 0 10569 0 0
instanceKlass java/nio/DirectByteBufferR
ciInstanceKlass java/nio/DirectByteBuffer 1 1 579 9 7 12 1 1 1 9 12 1 1 10 7 12 1 1 1 10 100 12 1 1 1 10 7 12 1 1 1 10 100 12 1 1 1 10 12 1 1 9 12 1 1 10 100 12 1 1 1 100 1 10 12 1 10 12 1 1 9 12 1 1 100 1 10 12 1 10 100 12 1 1 1 100 1 10 12 1 1 10 12 1 10 12 1 1 100 1 100 1 10 12 1 8 1 10 12 1 1 10 12 1 8 1 10 12 1 1 10 12 1 100 1 5 0 8 1 7 1 9 11 7 12 1 1 1 10 12 1 10 12 1 9 12 1 1 100 1 10 10 12 1 1 10 12 1 9 12 1 1 10 12 1 10 100 12 1 1 1 10 12 1 10 12 1 7 1 10 10 12 1 1 10 100 12 1 1 1 10 12 1 100 1 8 1 10 10 12 1 9 12 1 1 10 12 1 10 12 1 1 10 7 12 1 1 1 10 7 12 1 1 1 10 12 1 1 10 12 1 10 12 1 1 10 12 1 1 10 12 1 10 12 10 12 1 10 9 12 1 10 12 1 1 10 12 10 12 1 1 10 12 1 10 12 1 1 10 12 10 12 1 1 9 12 1 5 0 100 1 10 12 1 100 1 10 9 12 1 100 1 10 12 1 100 1 10 10 12 1 1 10 12 1 1 10 12 1 1 10 12 1 1 100 1 10 100 1 10 100 1 10 100 1 10 10 12 1 1 10 12 1 10 12 1 1 10 12 1 1 5 0 100 1 10 100 1 10 7 1 10 100 1 10 10 12 1 1 10 12 1 10 12 1 1 10 12 1 1 5 0 100 1 10 100 1 10 7 1 10 100 1 10 10 100 12 1 1 1 10 12 1 1 10 12 1 1 10 12 1 1 100 1 10 100 1 10 100 1 10 100 1 10 10 100 12 1 1 1 10 12 1 10 12 1 1 10 12 1 1 100 1 10 100 1 10 100 1 10 100 1 10 10 12 1 1 10 12 1 10 12 1 1 10 12 10 7 12 1 1 10 12 1 1 1 1 1 1 1 1 1 1 1 1 1 1 1 1 1 1 1 1 1 1 1 1 1 1 1 1 100 1 100 1 100 1 100 1 1 1 1 1 1 1 100 1 1 1 1 1 1 1 1 1 1 1 1 1 1 1 1 1 1 1 1 1 1 1 1 1 1 1 1 1 1 1 1 1 1 1 100 1 1 1 1 1 1 1 1 100 1 1 1 1 1 100 1 1 1 1 1 100 1 1 1 1 1 1 1 100 1 1 1 1 1 1 1 1 100 1 1 1 1 1 1 1 1 1 1 1
staticfield java/nio/DirectByteBuffer UNALIGNED Z 1
staticfield java/nio/DirectByteBuffer $assertionsDisabled Z 1
instanceKlass java/nio/DirectByteBuffer
ciInstanceKlass java/nio/MappedByteBuffer 1 1 166 10 7 12 1 1 1 9 7 12 1 1 1 9 12 1 1 100 1 10 12 1 9 12 1 1 10 12 1 1 9 100 12 1 1 1 9 12 1 1 10 12 1 1 10 7 12 1 1 1 10 12 1 1 10 100 12 1 1 1 10 12 1 1 10 100 12 1 1 1 10 12 1 10 12 1 1 10 12 1 10 12 1 1 10 12 1 10 12 1 10 12 1 10 12 1 10 12 1 1 10 12 10 12 10 12 10 12 10 12 10 12 1 10 12 10 12 1 10 12 1 10 12 10 12 1 1 1 1 1 1 1 1 1 1 1 1 1 1 1 1 1 1 1 1 1 100 1 1 1 1 1 1 1 1 1 1 1 1 1 1 1 1 100 1 1
staticfield java/nio/MappedByteBuffer SCOPED_MEMORY_ACCESS Ljdk/internal/misc/ScopedMemoryAccess; jdk/internal/misc/ScopedMemoryAccess
ciMethod java/nio/MappedByteBuffer position (I)Ljava/nio/ByteBuffer; 514 0 6647 0 192
ciMethod java/nio/MappedByteBuffer limit (I)Ljava/nio/ByteBuffer; 512 0 6424 0 208
ciMethod java/nio/MappedByteBuffer flip ()Ljava/nio/ByteBuffer; 768 0 5513 0 96
ciMethod java/nio/MappedByteBuffer rewind ()Ljava/nio/ByteBuffer; 768 0 6580 0 88
ciMethod java/nio/MappedByteBuffer position (I)Ljava/nio/MappedByteBuffer; 512 0 7035 0 0
ciMethod java/nio/MappedByteBuffer limit (I)Ljava/nio/MappedByteBuffer; 512 0 7813 0 0
ciMethod java/nio/MappedByteBuffer flip ()Ljava/nio/MappedByteBuffer; 768 0 5513 0 0
ciMethod java/nio/MappedByteBuffer rewind ()Ljava/nio/MappedByteBuffer; 768 0 6579 0 0
ciMethod java/nio/DirectByteBuffer base ()Ljava/lang/Object; 256 0 128 0 0
ciMethod java/nio/DirectByteBuffer attachment ()Ljava/lang/Object; 256 0 128 0 0
ciMethod java/nio/DirectByteBuffer <init> (JJ)V 100 0 50 0 -1
ciInstanceKlass java/nio/HeapByteBuffer 1 1 383 10 7 12 1 1 1 9 7 12 1 1 1 9 12 1 9 12 1 10 12 1 1 10 12 1 9 12 1 1 9 12 1 1 9 12 1 1 10 12 1 10 7 12 1 1 1 10 12 1 10 12 1 100 1 10 10 12 1 10 12 1 1 10 12 1 10 12 1 1 100 1 10 12 10 7 12 1 1 1 10 12 1 10 12 1 100 1 10 10 12 1 1 10 12 1 9 12 1 1 100 1 10 10 12 10 12 1 9 12 1 1 10 12 1 1 10 12 10 12 1 1 9 12 1 10 7 12 1 1 1 10 12 1 10 12 10 12 1 1 7 1 10 12 1 100 1 10 10 12 1 1 10 12 1 1 100 1 10 100 1 10 10 12 1 1 10 12 1 1 100 1 10 100 1 10 10 12 1 1 10 12 1 1 100 1 10 100 1 10 10 100 12 1 1 1 10 12 1 1 100 1 10 100 1 10 10 100 12 1 1 1 10 12 1 1 100 1 10 100 1 10 10 100 12 1 1 1 10 12 1 1 10 12 1 1 10 12 10 7 12 1 1 1 9 12 1 1 7 10 7 12 1 1 1 10 12 1 1 1 1 1 1 1 1 1 1 1 1 1 1 1 1 1 1 1 1 1 1 1 1 1 1 1 1 1 1 1 1 1 1 1 1 1 1 1 1 1 1 1 1 1 1 1 1 1 1 1 1 100 1 1 1 1 1 1 1 1 1 1 100 1 1 1 1 1 100 1 1 1 1 1 1 1 1 1 100 1 1 1 1 1 1 1 1 1 1 100 1 1 1 1 1 1 1 1 1 1 100 1 1 1 1 1 1 1 1 1 1 1 1 1 1 1 1 1 1 1 100 1 100 1 1
staticfield java/nio/HeapByteBuffer ARRAY_BASE_OFFSET J 16
staticfield java/nio/HeapByteBuffer ARRAY_INDEX_SCALE J 1
staticfield java/nio/HeapByteBuffer $assertionsDisabled Z 1
ciMethod java/nio/HeapByteBuffer isReadOnly ()Z 260 0 130 0 0
ciMethod java/nio/HeapByteBuffer put (Ljava/nio/ByteBuffer;)Ljava/nio/ByteBuffer; 768 0 9630 0 1432
ciMethod java/nio/HeapByteBuffer <init> ([BIILjava/lang/foreign/MemorySegment;)V 512 0 6422 0 394
ciInstanceKlass java/util/WeakHashMap$Entry 1 1 112 10 7 12 1 1 1 9 7 12 1 1 1 9 12 1 1 9 12 1 1 10 12 1 1 10 100 12 1 1 1 100 1 10 12 1 11 10 100 12 1 1 1 10 12 1 11 10 100 12 1 1 1 100 1 10 12 1 10 12 1 1 8 1 10 12 1 10 12 1 1 1 1 1 1 1 1 1 1 1 1 1 1 1 1 1 1 1 1 1 1 1 1 1 1 1 1 1 1 1 1 1 1 1 1 1 1 1 1 1 100 1
ciInstanceKlass java/lang/ThreadLocal$ThreadLocalMap$Entry 1 1 37 10 7 12 1 1 1 9 7 12 1 1 1 1 1 1 1 1 1 1 1 1 1 1 1 1 1 1 1 1 100 1 1 100 1 1 1
ciInstanceKlass java/nio/HeapCharBuffer 1 1 244 10 7 12 1 1 1 9 7 12 1 1 1 9 12 1 9 12 1 10 12 1 1 10 12 1 9 12 1 1 9 12 1 1 9 12 1 1 10 12 1 10 100 12 1 1 1 10 12 1 10 12 1 100 1 10 10 12 1 10 12 1 1 10 12 1 10 12 1 1 100 1 10 12 10 7 12 1 1 1 10 12 1 10 12 1 100 1 10 10 12 1 1 10 12 1 10 12 1 1 11 100 12 1 1 10 12 1 11 12 1 1 100 1 10 10 12 1 10 7 1 10 9 12 1 1 100 1 10 10 12 10 12 1 10 12 1 100 1 100 1 10 10 7 12 1 1 1 10 12 1 10 10 12 1 1 10 12 1 1 10 12 1 10 12 10 7 12 1 1 1 9 12 1 1 7 10 7 12 1 1 1 10 12 1 1 1 1 1 1 1 1 1 1 1 1 1 1 1 1 1 1 1 1 1 1 1 1 1 1 1 1 1 1 1 1 1 1 1 1 1 1 1 1 1 1 1 1 1 1 1 1 1 100 1 1 1 1 1 1 1 1 1 1
staticfield java/nio/HeapCharBuffer ARRAY_BASE_OFFSET J 16
staticfield java/nio/HeapCharBuffer ARRAY_INDEX_SCALE J 2
staticfield java/nio/HeapCharBuffer $assertionsDisabled Z 1
ciInstanceKlass java/nio/DirectByteBufferR 1 1 276 10 7 12 1 1 1 9 7 12 1 1 1 10 12 1 10 12 1 10 12 1 1 10 12 1 9 12 1 100 1 10 12 1 10 12 1 1 10 12 1 1 9 12 1 1 10 10 100 12 1 1 1 10 12 1 10 12 1 10 12 1 1 100 1 10 100 1 10 9 12 1 9 12 1 1 5 0 9 12 1 100 1 10 12 1 100 1 10 9 12 1 100 1 10 12 1 100 1 10 100 1 10 100 1 10 100 1 10 100 1 10 5 0 100 1 10 100 1 10 7 1 10 100 1 10 5 0 100 1 10 100 1 10 100 1 10 100 1 10 100 1 10 100 1 10 100 1 10 100 1 10 100 1 10 100 1 10 100 1 10 100 1 10 10 12 1 10 12 1 1 10 12 10 7 12 1 1 100 1 1 1 1 1 1 1 1 1 1 1 1 1 1 1 1 1 1 1 1 1 1 1 1 1 1 1 1 1 1 1 1 1 1 1 1 1 1 1 1 1 1 1 1 1 1 1 1 1 1 1 100 1 1 1 1 1 1 1 100 1 1 1 1 1 1 100 1 1 1 1 1 1 100 1 1 1 1 1 1 1 100 1 1 1 1 1 1 1 100 1 1 1 1 1 1 1
staticfield java/nio/DirectByteBufferR $assertionsDisabled Z 1
instanceKlass java/nio/channels/spi/AbstractSelectableChannel
ciInstanceKlass java/nio/channels/SelectableChannel 0 0 45 10 100 12 1 1 1 10 100 12 1 1 1 100 1 1 1 1 1 1 1 1 1 1 1 1 1 1 1 100 1 1 1 1 1 1 1 1 100 1 1 1 1 1 1
ciMethod java/nio/channels/SelectableChannel isBlocking ()Z 0 0 1 0 -1
ciMethod java/nio/channels/SelectableChannel blockingLock ()Ljava/lang/Object; 0 0 1 0 -1
ciInstanceKlass jdk/internal/misc/TerminatingThreadLocal$1 1 1 38 10 7 12 1 1 1 7 1 10 12 1 10 7 12 1 1 1 10 7 12 1 1 1 1 1 1 1 1 1 1 1 1 1 1 1 1 1
ciInstanceKlass sun/nio/ch/ChannelInputStream 1 1 290 10 7 12 1 1 1 9 7 12 1 1 1 9 12 1 1 7 1 10 12 1 10 100 12 1 1 1 9 12 1 10 12 1 7 1 10 12 1 1 10 12 1 100 1 10 11 7 12 1 1 1 9 12 1 1 10 12 1 10 7 12 1 1 1 9 12 1 9 12 1 1 10 7 12 1 1 1 10 12 1 1 10 7 12 1 1 1 10 12 1 1 10 12 1 10 100 1 10 10 12 1 1 11 12 1 1 11 12 100 1 5 0 8 1 100 1 10 100 12 1 1 10 100 12 1 1 1 100 1 10 12 1 10 12 1 10 12 10 100 12 1 1 10 12 1 10 100 12 1 1 1 100 1 8 1 10 10 12 1 1 10 12 1 10 12 1 10 12 3 10 11 12 1 10 12 1 1 8 1 10 12 1 1 100 1 100 1 10 12 1 1 10 100 1 10 10 12 1 1 100 1 10 12 1 10 12 1 10 12 1 1 10 10 5 0 10 12 1 10 12 1 10 12 1 1 11 12 1 1 1 1 3 1 1 1 1 1 1 1 1 1 1 1 1 100 1 1 1 100 1 1 1 1 1 1 1 1 1 1 1 1 100 1 1 1 1 1 1 1 1 1 1 1 1 1 1 1 1 1 100 1 100 1 1 1 1 1 1 1
ciMethod sun/nio/ch/ChannelInputStream read ([BII)I 512 0 5376 0 -1
ciMethod sun/nio/ch/ChannelInputStream read (Ljava/nio/ByteBuffer;)I 514 0 5377 0 0
ciInstanceKlass sun/nio/ch/NativeThreadSet 1 1 112 10 7 12 1 1 1 9 7 12 1 1 1 10 7 12 1 1 1 10 12 1 1 9 12 1 9 12 1 1 9 12 1 10 100 12 1 1 1 100 1 10 9 12 1 1 100 1 10 9 12 1 10 12 1 10 12 1 1 5 0 10 12 1 100 1 10 100 12 1 1 1 10 12 1 10 7 12 1 1 1 1 1 3 1 1 1 1 1 1 1 1 1 1 1 1 1 1 1 1 1 100 1 1 1 1 1 1 1 1 1 1
staticfield sun/nio/ch/NativeThreadSet $assertionsDisabled Z 1
ciMethod sun/nio/ch/NativeThreadSet remove (I)V 514 0 6455 0 576
ciMethod sun/nio/ch/NativeThreadSet add ()I 512 0 6410 0 456
instanceKlass sun/nio/ch/FileDispatcherImpl
ciInstanceKlass sun/nio/ch/FileDispatcher 1 1 66 10 7 12 1 1 1 100 1 1 1 1 3 1 3 1 3 1 3 1 1 1 1 1 1 1 1 100 1 1 1 1 1 1 1 1 1 1 1 1 1 1 1 1 1 1 1 1 1 1 1 1 1 1 1 1 1 1 1 1 1 1 1 1 1 1
instanceKlass sun/nio/ch/SocketDispatcher
instanceKlass sun/nio/ch/FileDispatcher
ciInstanceKlass sun/nio/ch/NativeDispatcher 1 1 92 10 7 12 1 1 1 100 1 8 1 10 12 1 10 100 12 1 1 1 9 7 12 1 1 1 11 100 12 1 1 1 10 100 12 1 1 1 10 12 1 10 12 1 1 100 1 10 10 7 12 1 1 1 1 1 1 1 1 1 1 1 1 1 1 1 1 1 1 1 1 1 1 1 1 1 1 1 1 1 1 1 1 1 1 1 1 1 1 1 1 1
staticfield sun/nio/ch/NativeDispatcher JIOFDA Ljdk/internal/access/JavaIOFileDescriptorAccess; java/io/FileDescriptor$1
ciMethod sun/nio/ch/NativeDispatcher read (Ljava/io/FileDescriptor;JI)I 0 0 1 0 -1
ciMethod sun/nio/ch/NativeDispatcher pread (Ljava/io/FileDescriptor;JIJ)I 0 0 1 0 -1
ciInstanceKlass sun/nio/ch/Util 1 1 390 10 100 12 1 1 1 8 1 10 7 12 1 1 1 10 100 12 1 1 1 100 1 5 0 9 7 12 1 1 1 10 7 12 1 1 1 10 12 1 1 9 12 1 1 10 7 12 1 1 1 9 12 1 1 11 7 12 1 1 1 9 12 1 1 10 7 12 1 1 1 7 1 10 12 1 10 12 1 1 10 12 1 1 10 12 1 1 10 12 1 10 12 1 10 12 1 1 10 12 1 7 1 11 12 1 10 12 1 1 10 12 1 9 12 1 1 100 1 10 10 12 1 10 12 1 11 12 1 1 10 12 1 1 100 1 10 12 1 10 12 1 1 10 12 1 1 10 12 1 1 9 12 1 1 10 12 1 10 12 8 1 10 7 12 1 1 1 9 100 12 1 1 1 9 100 1 100 1 9 100 1 100 1 10 12 1 1 10 100 12 1 1 1 9 12 1 1 100 1 100 1 100 1 100 1 100 1 10 12 1 10 12 1 10 12 1 1 10 12 1 10 12 1 10 12 1 1 100 1 100 1 100 1 100 1 8 1 9 12 1 10 12 1 100 1 100 1 10 8 1 10 12 1 1 10 12 1 8 1 8 1 10 12 1 1 10 12 1 8 1 8 1 8 1 10 12 1 10 12 1 10 7 12 1 1 1 9 7 12 1 1 9 12 1 10 12 1 7 1 10 10 12 1 1 1 1 1 1 1 1 1 1 1 1 1 100 1 1 1 1 1 1 1 1 1 1 1 1 1 1 1 1 1 1 1 1 1 1 100 1 1 1 1 1 1 1 1 1 1 1 1 1 1 1 1 1 1 100 1 1 1 1 1 1 1 1 1 1 1 1 100 1 1 1 1 1 1 1 1 1 1 1 1 1 1 1 1 1 1
staticfield sun/nio/ch/Util NIO_ACCESS Ljdk/internal/access/JavaNioAccess; java/nio/Buffer$2
staticfield sun/nio/ch/Util TEMP_BUF_POOL_SIZE I 16
staticfield sun/nio/ch/Util MAX_CACHED_BUFFER_SIZE J 9223372036854775807
staticfield sun/nio/ch/Util bufferCache Ljdk/internal/misc/TerminatingThreadLocal; sun/nio/ch/Util$1
staticfield sun/nio/ch/Util unsafe Ljdk/internal/misc/Unsafe; jdk/internal/misc/Unsafe
staticfield sun/nio/ch/Util $assertionsDisabled Z 1
ciMethod sun/nio/ch/Util free (Ljava/nio/ByteBuffer;)V 2 0 37 0 0
ciMethod sun/nio/ch/Util checkChannelPositionAligned (JI)V 0 0 1 0 -1
ciMethod sun/nio/ch/Util checkRemainingBufferSizeAligned (II)V 0 0 1 0 -1
ciMethod sun/nio/ch/Util getTemporaryAlignedDirectBuffer (II)Ljava/nio/ByteBuffer; 0 0 1 0 -1
ciMethod sun/nio/ch/Util getTemporaryDirectBuffer (I)Ljava/nio/ByteBuffer; 768 0 6970 0 1369
ciMethod sun/nio/ch/Util offerFirstTemporaryDirectBuffer (Ljava/nio/ByteBuffer;)V 768 0 6601 0 682
ciMethod sun/nio/ch/Util checkBufferPositionAligned (Ljava/nio/ByteBuffer;II)V 0 0 1 0 -1
ciMethod sun/nio/ch/Util isBufferTooLarge (Ljava/nio/ByteBuffer;)Z 768 0 6601 0 0
ciMethod sun/nio/ch/Util isBufferTooLarge (I)Z 770 0 13564 0 0
ciMethod sun/nio/ch/Util unwrapIfAlignedSlice (Ljava/nio/ByteBuffer;)Ljava/nio/ByteBuffer; 768 0 6601 0 0
ciInstanceKlass sun/nio/ch/IOStatus 1 1 49 10 100 12 1 1 1 100 1 5 0 5 0 5 0 5 0 1 1 1 3 1 3 1 3 1 3 1 3 1 3 1 1 1 1 1 1 1 1 1 1 1 1 1 1 1 1 1 1
ciMethod sun/nio/ch/IOStatus check (I)Z 0 0 1 0 -1
ciMethod sun/nio/ch/IOStatus normalize (I)I 768 0 13206 0 96
ciInstanceKlass sun/nio/ch/IOUtil 1 1 365 10 100 12 1 1 1 10 7 12 1 1 1 7 1 10 12 1 10 7 12 1 1 1 10 12 1 9 12 1 1 100 1 10 10 7 12 1 1 1 10 12 1 1 10 12 1 1 10 12 1 1 10 12 1 1 10 12 10 12 1 1 10 12 1 1 10 12 1 1 5 0 10 12 1 1 10 7 12 1 1 1 10 12 1 10 12 1 10 12 1 10 100 12 1 1 1 9 12 1 1 9 12 1 1 9 12 1 1 11 7 12 1 1 1 10 100 12 1 1 1 10 100 12 1 1 10 12 1 1 10 12 1 10 12 1 1 10 12 1 1 10 12 1 10 12 1 1 10 12 1 10 12 1 10 12 1 1 10 12 1 9 12 1 10 12 1 1 10 12 1 10 12 1 1 10 12 1 10 12 1 10 12 1 1 100 1 8 1 10 12 1 10 12 1 10 12 1 10 12 1 10 12 10 12 10 12 1 10 12 11 12 1 8 1 11 12 1 1 11 12 1 100 1 100 1 10 12 1 10 12 1 1 11 100 12 1 1 11 12 1 1 7 1 10 10 12 1 1 10 7 12 1 1 10 7 12 1 1 1 8 1 10 7 12 1 1 8 1 10 12 1 10 12 1 10 12 1 1 1 1 1 1 1 1 1 1 1 1 1 1 1 100 1 1 1 1 1 1 1 1 1 1 1 1 100 1 1 1 1 1 1 1 1 1 1 1 1 1 1 1 1 1 1 1 1 1 1 1 1 1 100 1 1 1 1 1 1 1 1 1 1 1 1 1 1 1 1 1 1 1 1 1 1 1 1 1 1 1 1 1 1 1 1 1
staticfield sun/nio/ch/IOUtil IOV_MAX I 16
staticfield sun/nio/ch/IOUtil WRITEV_MAX J 9223372036854775807
staticfield sun/nio/ch/IOUtil NIO_ACCESS Ljdk/internal/access/JavaNioAccess; java/nio/Buffer$2
staticfield sun/nio/ch/IOUtil $assertionsDisabled Z 1
ciMethod sun/nio/ch/IOUtil read (Ljava/io/FileDescriptor;Ljava/nio/ByteBuffer;JZILsun/nio/ch/NativeDispatcher;)I 770 0 7003 0 0
ciMethod sun/nio/ch/IOUtil read (Ljava/io/FileDescriptor;Ljava/nio/ByteBuffer;JZZILsun/nio/ch/NativeDispatcher;)I 772 0 7013 0 0
ciMethod sun/nio/ch/IOUtil acquireScope (Ljava/nio/ByteBuffer;Z)V 768 0 5516 0 136
ciMethod sun/nio/ch/IOUtil bufferAddress (Ljava/nio/ByteBuffer;)J 768 0 14600 0 0
ciMethod sun/nio/ch/IOUtil releaseScope (Ljava/nio/ByteBuffer;)V 768 0 14603 0 0
ciMethod sun/nio/ch/IOUtil readIntoNativeBuffer (Ljava/io/FileDescriptor;Ljava/nio/ByteBuffer;JZZILsun/nio/ch/NativeDispatcher;)I 774 0 7015 0 0
ciInstanceKlass sun/nio/ch/FileDispatcherImpl 1 1 288 10 7 12 1 1 1 10 7 12 1 1 1 10 12 1 1 10 12 1 1 9 12 1 1 11 7 12 1 1 1 10 12 1 1 10 12 1 10 12 1 1 10 12 1 1 10 12 1 1 10 12 1 1 10 12 1 1 10 12 1 1 10 12 1 10 12 1 1 10 12 1 1 11 12 1 1 100 1 10 11 12 1 10 12 1 1 11 12 1 1 11 12 1 9 12 1 1 10 100 12 1 1 1 9 12 1 1 10 12 1 1 10 12 1 1 9 12 1 1 10 12 1 1 100 1 5 0 9 100 12 1 1 1 10 7 12 1 1 1 10 12 1 1 10 12 1 1 10 100 12 1 1 1 10 12 1 1 10 12 1 1 100 1 100 1 8 1 10 12 1 8 1 8 1 10 7 12 1 1 1 10 12 1 10 7 12 1 1 1 10 7 12 1 1 1 10 7 12 1 1 10 12 1 10 12 1 1 10 12 1 1 1 3 1 3 1 3 1 3 1 1 1 1 1 1 1 1 1 1 1 1 1 1 1 1 1 1 1 1 1 1 1 1 1 1 1 1 1 1 1 1 1 1 1 1 1 1 1 1 1 1 1 1 1 1 1 1 1 1 1 1 1 1 1 1 1 1 1 1 1 1 1 1 1 1 1 1
staticfield sun/nio/ch/FileDispatcherImpl ALLOCATION_GRANULARITY J 65536
staticfield sun/nio/ch/FileDispatcherImpl MAX_DIRECT_TRANSFER_SIZE I 2147483646
staticfield sun/nio/ch/FileDispatcherImpl FAST_FILE_TRANSFER Z 0
staticfield sun/nio/ch/FileDispatcherImpl fdAccess Ljdk/internal/access/JavaIOFileDescriptorAccess; java/io/FileDescriptor$1
ciMethod sun/nio/ch/FileDispatcherImpl read (Ljava/io/FileDescriptor;JI)I 774 0 5376 0 0
ciMethod sun/nio/ch/FileDispatcherImpl read0 (Ljava/io/FileDescriptor;JI)I 256 0 128 0 -1
ciInstanceKlass sun/nio/ch/NativeThread 1 1 43 10 100 12 1 1 1 10 7 12 1 1 1 10 12 1 1 100 1 5 0 100 1 10 1 1 1 1 1 1 1 1 1 1 1 1 1 1 1 1 1 1 1
ciMethod sun/nio/ch/NativeThread current ()J 514 0 12341 0 0
ciMethod sun/nio/ch/NativeThread isNativeThread (J)Z 258 0 6283 0 0
ciInstanceKlass sun/nio/ch/Util$BufferCache 1 1 86 9 7 12 1 1 1 10 7 12 1 1 1 7 1 9 7 12 1 1 1 9 12 1 1 10 12 1 1 100 1 10 9 12 1 9 12 1 10 12 1 1 10 12 1 1 10 12 1 1 10 12 1 1 10 12 1 10 7 12 1 1 1 1 1 1 1 1 1 1 1 1 1 1 1 100 1 1 1 1 1 1 1 1 1 1
staticfield sun/nio/ch/Util$BufferCache $assertionsDisabled Z 1
ciMethod sun/nio/ch/Util$BufferCache isEmpty ()Z 4 0 53 0 0
ciMethod sun/nio/ch/Util$BufferCache get (I)Ljava/nio/ByteBuffer; 768 0 6602 0 896
ciMethod sun/nio/ch/Util$BufferCache removeFirst ()Ljava/nio/ByteBuffer; 2 0 37 0 0
ciMethod sun/nio/ch/Util$BufferCache offerFirst (Ljava/nio/ByteBuffer;)Z 768 0 6600 0 256
ciMethod sun/nio/ch/Util$BufferCache next (I)I 768 0 6649 0 0
ciInstanceKlass sun/nio/ch/Util$1 1 1 55 10 7 12 1 1 1 7 1 10 10 12 1 1 10 12 1 1 10 7 12 1 1 1 10 7 12 1 1 1 10 12 1 1 1 1 1 1 1 1 1 1 1 1 1 1 1 1 1 1 1 1 1 1 1
ciInstanceKlass sun/nio/fs/NativeBuffers$1 1 1 42 100 1 10 7 12 1 1 1 10 7 12 1 1 7 1 10 7 12 1 1 1 1 1 1 1 1 1 1 1 1 1 1 1 1 1 1 1 1 1 1 1
ciMethod java/nio/channels/ReadableByteChannel read (Ljava/nio/ByteBuffer;)I 0 0 1 0 -1
ciMethod java/util/Objects checkFromIndexSize (III)I 658 0 97351 0 152
ciMethod jdk/internal/misc/Unsafe allocateMemory (J)J 12 0 70 0 0
ciMethod jdk/internal/misc/Unsafe copyMemory (Ljava/lang/Object;JLjava/lang/Object;JJ)V 530 0 5400 0 648
ciMethod jdk/internal/misc/Unsafe copyMemoryChecks (Ljava/lang/Object;JLjava/lang/Object;JJ)V 768 0 5400 0 0
ciMethod jdk/internal/misc/Unsafe checkPrimitivePointer (Ljava/lang/Object;J)V 512 0 10810 0 0
ciMethod jdk/internal/misc/Unsafe freeMemory (J)V 6 0 51 0 -1
ciMethod jdk/internal/misc/Unsafe checkSize (J)V 524 0 5386 0 120
ciMethod jdk/internal/misc/Unsafe allocateMemory0 (J)J 142 0 71 0 -1
ciMethod jdk/internal/misc/Unsafe allocateMemoryChecks (J)V 140 0 70 0 -1
ciMethod jdk/internal/misc/Unsafe alignToHeapWordSize (J)J 142 0 71 0 -1
ciMethod jdk/internal/misc/Unsafe checkPrimitiveArray (Ljava/lang/Class;)V 256 0 5532 0 0
ciMethod jdk/internal/misc/Unsafe checkPointer (Ljava/lang/Object;J)V 512 0 10862 0 0
ciMethod jdk/internal/misc/Unsafe checkNativeAddress (J)V 258 0 5287 0 80
ciMethod jdk/internal/misc/Unsafe invalidInput ()Ljava/lang/RuntimeException; 0 0 1 0 -1
ciMethod jdk/internal/misc/Unsafe is32BitClean (J)Z 0 0 1 0 -1
ciMethod jdk/internal/misc/Unsafe checkOffset (Ljava/lang/Object;J)V 254 0 5247 0 120
ciMethod jdk/internal/misc/Unsafe copyMemory0 (Ljava/lang/Object;JLjava/lang/Object;JJ)V 256 0 128 0 -1
ciMethod java/lang/Math min (II)I 520 0 122732 0 -1
ciMethod jdk/internal/access/JavaLangAccess getCarrierThreadLocal (Ljdk/internal/misc/CarrierThreadLocal;)Ljava/lang/Object; 0 0 1 0 -1
ciMethod java/lang/Thread isVirtual ()Z 226 0 16473 0 104
ciMethod java/lang/Thread currentThread ()Ljava/lang/Thread; 0 0 1 0 -1
ciMethod java/lang/Thread currentCarrierThread ()Ljava/lang/Thread; 256 0 128 0 -1
ciMethod java/lang/Object notifyAll ()V 256 0 128 0 -1
ciMethod java/lang/Object getClass ()Ljava/lang/Class; 256 0 128 0 -1
ciMethod java/lang/Object <init> ()V 826 0 2018478 0 120
instanceKlass java/nio/file/ClosedDirectoryStreamException
instanceKlass java/nio/file/ClosedFileSystemException
instanceKlass org/apache/http/impl/conn/ConnectionShutdownException
instanceKlass org/apache/http/ssl/SSLInitializationException
instanceKlass org/eclipse/aether/SyncContext$FailedToAcquireLockException
instanceKlass java/nio/channels/OverlappingFileLockException
instanceKlass org/apache/http/conn/ssl/SSLInitializationException
instanceKlass java/util/concurrent/CancellationException
ciInstanceKlass java/lang/IllegalStateException 0 0 35 10 100 12 1 1 1 10 12 1 10 12 1 10 12 1 100 1 1 1 1 5 0 1 1 1 1 1 1 1 1 1 1 1 1
instanceKlass org/fusesource/jansi/Ansi$1
ciInstanceKlass java/lang/InheritableThreadLocal 1 1 51 10 7 12 1 1 1 10 7 12 1 1 1 7 1 10 12 1 10 12 1 1 100 1 1 1 1 1 1 1 1 1 1 1 1 1 1 1 1 1 1 1 1 1 1 1 1 1 1 1 1
ciInstanceKlass java/lang/AssertionError 0 0 79 10 100 12 1 1 1 10 12 1 10 100 12 1 1 1 10 100 1 100 1 10 12 1 1 10 12 1 10 12 1 10 12 1 10 12 1 10 12 1 10 12 1 10 12 1 1 1 1 5 0 1 1 1 1 1 1 1 1 1 1 100 1 1 1 1 1 1 1 1 1 1 1 1 1 1 1 1 1
ciInstanceKlass java/lang/foreign/MemorySegment$Scope 0 0 21 100 1 100 1 1 1 1 1 1 1 1 1 1 100 1 1 100 1 1 1
ciInstanceKlass jdk/internal/foreign/MemorySessionImpl 0 0 313 100 1 100 1 10 12 1 1 11 100 12 1 1 1 100 1 10 100 12 1 1 1 10 12 1 1 9 12 1 1 10 100 12 1 1 1 10 12 1 1 100 1 10 12 1 1 10 12 1 9 12 1 1 10 100 12 1 1 10 100 12 1 100 1 10 12 1 100 1 10 100 1 10 12 1 100 1 10 12 1 10 12 1 11 100 12 1 1 10 12 1 9 12 1 1 10 100 12 1 1 1 9 12 1 1 9 12 1 10 12 1 100 1 10 12 1 1 100 1 10 12 1 1 100 1 10 10 12 1 10 100 1 8 1 10 12 1 8 1 10 12 1 1 10 100 12 1 1 1 8 1 100 1 8 1 10 100 1 8 1 10 10 100 12 1 1 1 8 9 12 1 1 10 100 12 1 1 1 9 12 1 1 8 1 9 12 1 18 12 1 1 10 12 1 18 100 1 10 9 12 1 1 100 1 1 1 3 1 3 1 3 1 3 1 1 1 1 1 1 1 1 1 1 1 1 1 1 1 1 1 1 1 1 1 1 1 1 1 1 1 1 1 1 1 1 1 1 1 1 1 1 1 1 1 1 1 1 1 1 1 1 1 1 1 1 1 1 1 1 1 1 1 1 1 1 1 1 1 100 1 100 1 1 1 16 15 10 12 16 15 10 12 15 10 100 12 1 1 1 1 100 1 1 1 1 1 100 1 1 100 1 1
ciInstanceKlass java/lang/foreign/MemorySegment 0 0 267 10 100 12 1 1 1 10 100 12 1 1 1 10 12 1 10 12 1 10 12 1 10 12 1 10 12 1 10 12 1 10 12 1 1 10 100 12 1 1 1 10 100 12 1 1 1 10 12 1 10 12 1 10 12 1 10 12 1 1 11 100 12 1 1 1 9 12 1 1 100 1 1 1 1 1 1 1 1 1 1 1 1 1 1 1 1 1 1 1 1 1 1 1 1 1 1 1 1 1 1 1 1 1 1 1 1 1 1 1 1 1 1 1 1 1 1 1 1 1 1 1 1 1 1 1 1 1 1 1 1 1 1 1 1 1 1 1 1 1 1 1 1 1 1 1 1 1 1 1 1 1 1 1 1 1 1 1 1 1 1 1 1 1 1 1 1 1 1 1 1 1 1 1 1 1 1 1 1 1 1 1 1 1 1 1 1 1 1 1 1 1 1 1 1 1 1 1 1 1 1 1 1 1 1 1 1 1 1 1 1 1 1 1 1 1 1 1 1 1 100 1 1 1 100 1 100 1 1 100 1 1 100 1 1 100 1 1 100 1 1 100 1 1 100 1 1 1 100 1 100 1 100 1 100 1 100 1 100 1 100 1 100 1 100 1 1
ciInstanceKlass java/lang/ThreadLocal$SuppliedThreadLocal 1 1 44 10 7 12 1 1 1 10 7 12 1 1 1 7 1 9 7 12 1 1 1 11 12 1 1 1 1 1 1 1 1 1 1 1 1 1 1 1 1 1 1 1 1 1
ciInstanceKlass org/fusesource/jansi/Ansi$1 1 1 37 10 7 12 1 1 1 10 7 12 1 1 1 10 7 12 1 1 1 10 7 12 1 1 1 1 1 1 1 1 1 1 1 1 1 1 1
ciMethodData java/lang/Object <init> ()V 2 2018065 orig 80 1 0 0 0 0 0 0 0 0 0 0 0 0 0 0 0 0 0 0 0 0 0 0 0 0 0 0 0 0 0 0 0 0 0 0 0 0 0 0 0 0 0 0 0 0 0 0 0 0 0 0 0 0 0 0 0 0 0 0 0 0 0 0 0 0 0 0 0 0 0 0 0 0 0 0 0 0 0 0 0 data 4 0x0 0x9 0x1 0x0 oops 0 methods 0
ciMethodData jdk/internal/util/Preconditions checkFromIndexSize (IIILjava/util/function/BiFunction;)I 2 191741 orig 80 0 0 0 0 0 0 0 0 0 0 0 0 0 0 0 0 0 0 0 0 0 0 0 0 0 0 0 0 0 0 0 0 0 0 0 0 0 0 0 0 0 0 0 0 0 0 0 0 0 0 0 0 0 0 0 0 0 0 0 0 0 0 0 0 0 0 0 0 0 0 0 0 0 0 0 0 0 0 0 0 data 22 0x50007 0x0 0x40 0x2ecfe 0xc0007 0x2ecff 0x30 0x0 0x130002 0x0 0x0 0x0 0x0 0x0 0x0 0x0 0x9 0x4 0x0 0x0 0x0 0x0 oops 0 methods 0
ciMethodData java/util/Objects checkFromIndexSize (III)I 2 97023 orig 80 0 0 0 0 0 0 0 0 0 0 0 0 0 0 0 0 0 0 0 0 0 0 0 0 0 0 0 0 0 0 0 0 0 0 0 0 0 0 0 0 0 0 0 0 0 0 0 0 0 0 0 0 0 0 0 0 0 0 0 0 0 0 0 0 0 0 0 0 0 0 0 0 0 0 0 0 0 0 0 0 data 13 0x40002 0x17aff 0x0 0x0 0x0 0x0 0x0 0x0 0x9 0x3 0x0 0x0 0x0 oops 0 methods 0
ciMethodData java/lang/ref/Reference reachabilityFence (Ljava/lang/Object;)V 2 168600 orig 80 0 0 0 0 0 0 0 0 0 0 0 0 0 0 0 0 0 0 0 0 0 0 0 0 0 0 0 0 0 0 0 0 0 0 0 0 0 0 0 0 0 0 0 0 0 0 0 0 0 0 0 0 0 0 0 0 0 0 0 0 0 0 0 0 0 0 0 0 0 0 0 0 0 0 0 0 0 0 0 0 data 4 0x0 0x9 0x1 0x0 oops 0 methods 0
ciMethodData java/lang/ref/Reference refersTo (Ljava/lang/Object;)Z 2 23317 orig 80 0 0 0 0 0 0 0 0 0 0 0 0 0 0 0 0 0 0 0 0 0 0 0 0 0 0 0 0 0 0 0 0 0 0 0 0 0 0 0 0 0 0 0 0 0 0 0 0 0 0 0 0 0 0 0 0 0 0 0 0 0 0 0 0 0 0 0 0 0 0 0 0 0 0 0 0 0 0 0 0 data 16 0x20005 0xb4a 0x29374f41740 0x2e00 0x293751f2c88 0x21ca 0x0 0x0 0x0 0x0 0x0 0x0 0x9 0x2 0xffffffffffffffff 0xffffffffffffffff oops 2 2 java/lang/ThreadLocal$ThreadLocalMap$Entry 4 java/util/WeakHashMap$Entry methods 0
ciMethodData java/lang/ref/Reference refersToImpl (Ljava/lang/Object;)Z 2 14709 orig 80 0 0 0 0 0 0 0 0 0 0 0 0 0 0 0 0 0 0 0 0 0 0 0 0 0 0 0 0 0 0 0 0 0 0 0 0 0 0 0 0 0 0 0 0 0 0 0 0 0 0 0 0 0 0 0 0 0 0 0 0 0 0 0 0 0 0 0 0 0 0 0 0 0 0 0 0 0 0 0 0 data 16 0x20005 0x3975 0x0 0x0 0x0 0x0 0x0 0x0 0x0 0x0 0x0 0x0 0x9 0x2 0xffffffffffffffff 0xffffffffffffffff oops 0 methods 0
ciMethodData java/lang/ThreadLocal getMap (Ljava/lang/Thread;)Ljava/lang/ThreadLocal$ThreadLocalMap; 2 6732 orig 80 0 0 0 0 0 0 0 0 0 0 0 0 0 0 0 0 0 0 0 0 0 0 0 0 0 0 0 0 0 0 0 0 0 0 0 0 0 0 0 0 0 0 0 0 0 0 0 0 0 0 0 0 0 0 0 0 0 0 0 0 0 0 0 0 0 0 0 0 0 0 0 0 0 0 0 0 0 0 0 0 data 32 0x10004 0x150a 0x29374f3e978 0x53f 0x29374f3ea20 0x4 0x40007 0x13e4 0x50 0x669 0x80005 0x0 0x2936e96e738 0x669 0x0 0x0 0xd0005 0x0 0x2936e96e738 0x13e6 0x0 0x0 0x0 0x0 0x0 0x0 0x0 0x0 0x9 0x2 0x0 0x0 oops 4 2 sun/nio/fs/NativeBuffers$1 4 jdk/internal/misc/TerminatingThreadLocal$1 12 java/lang/Thread 18 java/lang/Thread methods 0
ciMethodData java/lang/Thread terminatingThreadLocals ()Ljava/lang/ThreadLocal$ThreadLocalMap; 2 1647 orig 80 0 0 0 0 0 0 0 0 0 0 0 0 0 0 0 0 0 0 0 0 0 0 0 0 0 0 0 0 0 0 0 0 0 0 0 0 0 0 0 0 0 0 0 0 0 0 0 0 0 0 0 0 0 0 0 0 0 0 0 0 0 0 0 0 0 0 0 0 0 0 0 0 0 0 0 0 0 0 0 0 data 7 0x0 0x0 0x0 0x0 0x9 0x1 0x0 oops 0 methods 0
ciMethodData jdk/internal/misc/CarrierThreadLocal get ()Ljava/lang/Object; 2 29430 orig 80 0 0 0 0 0 0 0 0 0 0 0 0 0 0 0 0 0 0 0 0 0 0 0 0 0 0 0 0 0 0 0 0 0 0 0 0 0 0 0 0 0 0 0 0 0 0 0 0 0 0 0 0 0 0 0 0 0 0 0 0 0 0 0 0 0 0 0 0 0 0 0 0 0 0 0 0 0 0 0 0 data 15 0x40005 0x0 0x29374f3db98 0x72f7 0x0 0x0 0x0 0x0 0x0 0x0 0x0 0x0 0x9 0x1 0x0 oops 1 2 java/lang/System$1 methods 0
ciMethodData java/lang/System$1 getCarrierThreadLocal (Ljdk/internal/misc/CarrierThreadLocal;)Ljava/lang/Object; 2 29430 orig 80 0 0 0 0 0 0 0 0 0 0 0 0 0 0 0 0 0 0 0 0 0 0 0 0 0 0 0 0 0 0 0 0 0 0 0 0 0 0 0 0 0 0 0 0 0 0 0 0 0 0 0 0 0 0 0 0 0 0 0 0 0 0 0 0 0 0 0 0 0 0 0 0 0 0 0 0 0 0 0 0 data 16 0x10005 0x3501 0x29374f3e978 0x3dd3 0x29374f3ea20 0x26 0x0 0x0 0x0 0x0 0x0 0x0 0x9 0x2 0x0 0x0 oops 2 2 sun/nio/fs/NativeBuffers$1 4 jdk/internal/misc/TerminatingThreadLocal$1 methods 0
ciMethodData java/lang/ThreadLocal getCarrierThreadLocal ()Ljava/lang/Object; 2 5542 orig 80 0 0 0 0 0 0 0 0 0 0 0 0 0 0 0 0 0 0 0 0 0 0 0 0 0 0 0 0 0 0 0 0 0 0 0 0 0 0 0 0 0 0 0 0 0 0 0 0 0 0 0 0 0 0 0 0 0 0 0 0 0 0 0 0 0 0 0 0 0 0 0 0 0 0 0 0 0 0 0 0 data 33 0x30007 0x15a6 0x80 0x0 0x70004 0x0 0x0 0x0 0x0 0x0 0xa0007 0x0 0x30 0x0 0x110002 0x0 0x160002 0x15a6 0x190005 0x15a6 0x0 0x0 0x0 0x0 0x0 0x0 0x0 0x0 0x0 0x0 0x9 0x1 0x0 oops 0 methods 0
ciMethodData java/lang/ThreadLocal get (Ljava/lang/Thread;)Ljava/lang/Object; 2 5142 orig 80 0 0 0 0 0 0 0 0 0 0 0 0 0 0 0 0 0 0 0 0 0 0 0 0 0 0 0 0 0 0 0 0 0 0 0 0 0 0 0 0 0 0 0 0 0 0 0 0 0 0 0 0 0 0 0 0 0 0 0 0 0 0 0 0 0 0 0 0 0 0 0 0 0 0 0 0 0 0 0 0 data 36 0x20005 0xdda 0x29374f3e978 0x639 0x29374f3ea20 0x3 0x70007 0x5 0x70 0x1411 0xc0005 0x1411 0x0 0x0 0x0 0x0 0x110007 0x17 0x20 0x13fa 0x1f0005 0x1c 0x0 0x0 0x0 0x0 0x0 0x0 0x0 0x0 0x0 0x0 0x9 0x2 0xffffffffffffffff 0xffffffffffffffff oops 2 2 sun/nio/fs/NativeBuffers$1 4 jdk/internal/misc/TerminatingThreadLocal$1 methods 0
ciMethodData java/nio/Buffer session ()Ljdk/internal/foreign/MemorySessionImpl; 2 147714 orig 80 0 0 0 0 0 0 0 0 0 0 0 0 0 0 0 0 0 0 0 0 0 0 0 0 0 0 0 0 0 0 0 0 0 0 0 0 0 0 0 0 0 0 0 0 0 0 0 0 0 0 0 0 0 0 0 0 0 0 0 0 0 0 0 0 0 0 0 0 0 0 0 0 0 0 0 0 0 0 0 0 data 25 0x40007 0x24102 0x80 0x0 0xb0004 0x0 0x0 0x0 0x0 0x0 0xe0005 0x0 0x0 0x0 0x0 0x0 0x0 0x0 0x0 0x0 0x0 0x0 0x9 0x1 0x0 oops 0 methods 0
ciMethodData java/nio/Buffer$2 acquireSession (Ljava/nio/Buffer;)V 2 5925 orig 80 0 0 0 0 0 0 0 0 0 0 0 0 0 0 0 0 0 0 0 0 0 0 0 0 0 0 0 0 0 0 0 0 0 0 0 0 0 0 0 0 0 0 0 0 0 0 0 0 0 0 0 0 0 0 0 0 0 0 0 0 0 0 0 0 0 0 0 0 0 0 0 0 0 0 0 0 0 0 0 0 data 26 0x10005 0x101 0x293733bffb0 0x14a0 0x29375dacaf8 0x185 0x60007 0x1722 0x50 0x0 0xa0005 0x0 0x0 0x0 0x0 0x0 0x0 0x0 0x0 0x0 0x0 0x0 0x9 0x2 0x0 0x0 oops 2 2 java/nio/DirectByteBuffer 4 java/nio/DirectByteBufferR methods 0
ciMethodData java/nio/Buffer$2 getBufferAddress (Ljava/nio/Buffer;)J 2 14599 orig 80 0 0 0 0 0 0 0 0 0 0 0 0 0 0 0 0 0 0 0 0 0 0 0 0 0 0 0 0 0 0 0 0 0 0 0 0 0 0 0 0 0 0 0 0 0 0 0 0 0 0 0 0 0 0 0 0 0 0 0 0 0 0 0 0 0 0 0 0 0 0 0 0 0 0 0 0 0 0 0 0 data 6 0x0 0x0 0x9 0x2 0x0 0x0 oops 0 methods 0
ciMethodData java/nio/Buffer$2 releaseSession (Ljava/nio/Buffer;)V 2 15011 orig 80 0 0 0 0 0 0 0 0 0 0 0 0 0 0 0 0 0 0 0 0 0 0 0 0 0 0 0 0 0 0 0 0 0 0 0 0 0 0 0 0 0 0 0 0 0 0 0 0 0 0 0 0 0 0 0 0 0 0 0 0 0 0 0 0 0 0 0 0 0 0 0 0 0 0 0 0 0 0 0 0 data 34 0x10005 0x102 0x293733bffb0 0x381d 0x29375dacaf8 0x185 0x60007 0x3aa1 0x50 0x0 0xa0005 0x0 0x0 0x0 0x0 0x0 0xe0002 0x3aa2 0x110003 0x3aa4 0x28 0x160002 0x0 0x0 0x0 0x0 0x0 0x0 0x0 0x9 0x2 0x0 0x0 0x140001 oops 2 2 java/nio/DirectByteBuffer 4 java/nio/DirectByteBufferR methods 0
ciMethod jdk/internal/foreign/MemorySessionImpl release0 ()V 0 0 1 0 -1
ciMethod jdk/internal/foreign/MemorySessionImpl acquire0 ()V 0 0 1 0 -1
ciMethod jdk/internal/foreign/MemorySessionImpl checkValidStateRaw ()V 0 0 1 0 -1
ciMethod jdk/internal/foreign/MemorySessionImpl checkValidState ()V 0 0 1 0 -1
ciMethodData java/nio/Buffer position (I)Ljava/nio/Buffer; 2 5755 orig 80 0 0 0 0 0 0 0 0 0 0 0 0 0 0 0 0 0 0 0 0 0 0 0 0 0 0 0 0 0 0 0 0 0 0 0 0 0 0 0 0 0 0 0 0 0 0 0 0 0 0 0 0 0 0 0 0 0 0 0 0 0 0 0 0 0 0 0 0 0 0 0 0 0 0 0 0 0 0 0 0 data 38 0x50007 0x167b 0x38 0x0 0x90003 0x0 0x18 0xe0007 0x167b 0x38 0x0 0x120003 0x0 0x18 0x170007 0x167b 0x50 0x0 0x1c0005 0x0 0x0 0x0 0x0 0x0 0x250007 0x167b 0x20 0x0 0x0 0x0 0x0 0x0 0x0 0x0 0x9 0x2 0xe 0x0 oops 0 methods 0
ciMethodData java/nio/Buffer limit (I)Ljava/nio/Buffer; 2 14337 orig 80 1 0 0 0 0 0 0 0 0 0 0 0 0 0 0 0 0 0 0 0 0 0 0 0 0 0 0 0 0 0 0 0 0 0 0 0 0 0 0 1 0 0 0 0 0 0 0 0 0 0 0 0 0 0 0 0 0 0 0 0 0 0 0 0 0 0 0 0 0 0 0 0 0 0 0 0 0 0 0 0 data 42 0x50007 0x3802 0x38 0x0 0x90003 0x0 0x18 0xe0007 0x3802 0x38 0x0 0x120003 0x0 0x18 0x170007 0x3802 0x50 0x0 0x1c0005 0x0 0x0 0x0 0x0 0x0 0x80000006002a0007 0x37ca 0x20 0x39 0x370007 0x3803 0x20 0x0 0x0 0x0 0x0 0x0 0x0 0x0 0x9 0x2 0x0 0x0 oops 0 methods 0
ciMethodData java/nio/ByteBuffer position (I)Ljava/nio/ByteBuffer; 2 23774 orig 80 0 0 0 0 0 0 0 0 0 0 0 0 0 0 0 0 0 0 0 0 0 0 0 0 0 0 0 0 0 0 0 0 0 0 0 0 0 0 0 0 0 0 0 0 0 0 0 0 0 0 0 0 0 0 0 0 0 0 0 0 0 0 0 0 0 0 0 0 0 0 0 0 0 0 0 0 0 0 0 0 data 9 0x20002 0x5cde 0x0 0x0 0x0 0x9 0x2 0xe 0x0 oops 0 methods 0
ciMethodData java/nio/Buffer <init> (IIIILjava/lang/foreign/MemorySegment;)V 2 11266 orig 80 2 0 0 0 0 0 0 0 0 0 0 0 0 0 0 0 0 0 0 0 4 0 0 0 0 0 0 0 0 0 0 0 0 0 0 0 0 0 0 0 0 0 0 0 0 0 0 0 0 0 0 0 0 0 0 0 0 0 0 0 0 0 0 0 0 0 0 0 0 0 0 0 0 0 0 0 0 0 0 0 data 82 0x10002 0x2c03 0x100007 0x2c03 0x30 0x0 0x150002 0x0 0x8000000400270005 0x31 0x2937467e518 0x2b61 0x29373c8db70 0x75 0x2d0005 0x31 0x2937467e518 0x2b61 0x29373c8db70 0x75 0x320007 0x2c06 0x180 0x1 0x370007 0x1 0x160 0x0 0x420002 0x0 0x470005 0x0 0x0 0x0 0x0 0x0 0x4b0005 0x0 0x0 0x0 0x0 0x0 0x500005 0x0 0x0 0x0 0x0 0x0 0x540005 0x0 0x0 0x0 0x0 0x0 0x590005 0x0 0x0 0x0 0x0 0x0 0x5c0005 0x0 0x0 0x0 0x0 0x0 0x5f0002 0x0 0x0 0x0 0x0 0x0 0x0 0x0 0x9 0x6 0xffffffffffffffff 0x0 0x0 0x0 0x0 0x0 oops 4 10 java/nio/HeapCharBuffer 12 java/nio/HeapByteBuffer 16 java/nio/HeapCharBuffer 18 java/nio/HeapByteBuffer methods 0
ciMethodData java/nio/ByteBuffer position (I)Ljava/nio/Buffer; 2 9705 orig 80 0 0 0 0 0 0 0 0 0 0 0 0 0 0 0 0 0 0 0 0 0 0 0 0 0 0 0 0 0 0 0 0 0 0 0 0 0 0 0 0 0 0 0 0 0 0 0 0 0 0 0 0 0 0 0 0 0 0 0 0 0 0 0 0 0 0 0 0 0 0 0 0 0 0 0 0 0 0 0 0 data 16 0x20005 0x0 0x29373c8db70 0x25ea 0x0 0x0 0x0 0x0 0x0 0x0 0x0 0x0 0x9 0x2 0x0 0x0 oops 1 2 java/nio/HeapByteBuffer methods 0
ciMethodData java/nio/Buffer remaining ()I 2 82608 orig 80 0 0 0 0 0 0 0 0 0 0 0 0 0 0 0 0 0 0 0 0 0 0 0 0 0 0 0 0 0 0 0 0 0 0 0 0 0 0 0 0 0 0 0 0 0 0 0 0 0 0 0 0 0 0 0 0 0 0 0 0 0 0 0 0 0 0 0 0 0 0 0 0 0 0 0 0 0 0 0 0 data 14 0xb0007 0x3eb0 0x38 0x10400 0xf0003 0x10402 0x18 0x0 0x0 0x0 0x0 0x9 0x1 0x0 oops 0 methods 0
ciMethodData java/lang/ThreadLocal$ThreadLocalMap getEntry (Ljava/lang/ThreadLocal;)Ljava/lang/ThreadLocal$ThreadLocalMap$Entry; 2 5010 orig 80 0 0 0 0 0 0 0 0 0 0 0 0 0 0 0 0 0 0 0 0 0 0 0 0 0 0 0 0 0 0 0 0 0 0 0 0 0 0 0 0 0 0 0 0 0 0 0 0 0 0 0 0 0 0 0 0 0 0 0 0 0 0 0 0 0 0 0 0 0 0 0 0 0 0 0 0 0 0 0 0 data 30 0x150007 0x10 0x70 0x1382 0x1a0005 0x81 0x29374f41740 0x1301 0x0 0x0 0x1d0007 0x17 0x20 0x136b 0x260005 0x27 0x0 0x0 0x0 0x0 0x0 0x0 0x0 0x0 0x0 0x0 0x9 0x2 0x0 0x0 oops 1 6 java/lang/ThreadLocal$ThreadLocalMap$Entry methods 0
ciMethodData java/lang/ThreadLocal setInitialValue (Ljava/lang/Thread;)Ljava/lang/Object; 1 948 orig 80 0 0 0 0 0 0 0 0 0 0 0 0 0 0 0 0 0 0 0 0 0 0 0 0 0 0 0 0 0 0 0 0 0 0 0 0 0 0 0 0 0 0 0 0 0 0 0 0 0 0 0 0 0 0 0 0 0 0 0 0 0 0 0 0 0 0 0 0 0 0 0 0 0 0 0 0 0 0 0 0 data 85 0x10005 0x24 0x29374f3e620 0x37 0x2936ea55cc8 0x359 0x70005 0x24 0x29374f3e620 0x37 0x2936ea55cc8 0x359 0xc0007 0x16 0x68 0x39e 0x120005 0x39e 0x0 0x0 0x0 0x0 0x150003 0x39e 0x48 0x1b0005 0x15 0x2936ea55d70 0x1 0x2936ea55e18 0x1 0x230004 0x24 0x29374f3e620 0x38 0x2936ea55cc8 0x359 0x260007 0x397 0x60 0x1e 0x2b0004 0xa 0x29374f3e978 0xa 0x29374f3ea20 0xa 0x320002 0x1e 0x380007 0x3b4 0xd0 0x0 0x3c0002 0x0 0x3f0007 0x0 0xa0 0x0 0x430005 0x0 0x0 0x0 0x0 0x0 0x460007 0x0 0x50 0x0 0x4a0005 0x0 0x0 0x0 0x0 0x0 0x0 0x0 0x0 0x0 0x0 0x0 0x9 0x2 0xffffffffffffffff 0xffffffffffffffff oops 10 2 java/lang/ThreadLocal 4 java/lang/ThreadLocal$SuppliedThreadLocal 8 java/lang/ThreadLocal 10 java/lang/ThreadLocal$SuppliedThreadLocal 27 java/lang/InheritableThreadLocal 29 org/fusesource/jansi/Ansi$1 33 java/lang/ThreadLocal 35 java/lang/ThreadLocal$SuppliedThreadLocal 43 sun/nio/fs/NativeBuffers$1 45 jdk/internal/misc/TerminatingThreadLocal$1 methods 0
ciMethodData jdk/internal/misc/Unsafe checkPointer (Ljava/lang/Object;J)V 2 10606 orig 80 0 0 0 0 0 0 0 0 0 0 0 0 0 0 0 0 0 0 0 0 0 0 0 0 0 0 0 0 0 0 0 0 0 0 0 0 0 0 0 0 0 0 0 0 0 0 0 0 0 0 0 0 0 0 0 0 0 0 0 0 0 0 0 0 0 0 0 0 0 0 0 0 0 0 0 0 0 0 0 0 data 31 0x10007 0x151d 0x68 0x1450 0x60005 0x1450 0x0 0x0 0x0 0x0 0x90003 0x1451 0x48 0xf0005 0x151d 0x0 0x0 0x0 0x0 0x0 0x0 0x0 0x0 0x0 0x0 0x9 0x4 0x0 0x0 0x0 0x0 oops 0 methods 0
ciMethodData jdk/internal/misc/Unsafe checkNativeAddress (J)V 2 5158 orig 80 0 0 0 0 0 0 0 0 0 0 0 0 0 0 0 0 0 0 0 0 0 0 0 0 0 0 0 0 0 0 0 0 0 0 0 0 0 0 0 0 0 0 0 0 0 0 0 0 0 0 0 0 0 0 0 0 0 0 0 0 0 0 0 0 0 0 0 0 0 0 0 0 0 0 0 0 0 0 0 0 data 25 0x40007 0x1426 0x70 0x0 0x130007 0x0 0x50 0x0 0x170005 0x0 0x0 0x0 0x0 0x0 0x0 0x0 0x0 0x0 0x0 0x0 0x9 0x3 0x0 0x0 0x0 oops 0 methods 0
ciMethodData jdk/internal/misc/Unsafe checkOffset (Ljava/lang/Object;J)V 2 5120 orig 80 0 0 0 0 0 0 0 0 0 0 0 0 0 0 0 0 0 0 0 0 0 0 0 0 0 0 0 0 0 0 0 0 0 0 0 0 0 0 0 0 0 0 0 0 0 0 0 0 0 0 0 0 0 0 0 0 0 0 0 0 0 0 0 0 0 0 0 0 0 0 0 0 0 0 0 0 0 0 0 0 data 42 0x40007 0x1400 0xa0 0x0 0x90005 0x0 0x0 0x0 0x0 0x0 0xc0007 0x0 0xa0 0x0 0x100005 0x0 0x0 0x0 0x0 0x0 0x170007 0x1400 0x50 0x0 0x1b0005 0x0 0x0 0x0 0x0 0x0 0x0 0x0 0x0 0x0 0x0 0x0 0x9 0x4 0x0 0x0 0x0 0x0 oops 0 methods 0
ciMethodData jdk/internal/misc/Unsafe invalidInput ()Ljava/lang/RuntimeException; 1 0 orig 80 0 0 0 0 0 0 0 0 0 0 0 0 0 0 0 0 0 0 0 0 0 0 0 0 0 0 0 0 0 0 0 0 0 0 0 0 0 0 0 0 0 0 0 0 0 0 0 0 0 0 0 0 0 0 0 0 0 0 0 0 0 0 0 0 0 0 0 0 0 0 0 0 0 0 0 0 0 0 0 0 data 7 0x40002 0x0 0x0 0x0 0x9 0x1 0x0 oops 0 methods 0
ciMethodData jdk/internal/misc/Unsafe checkPrimitivePointer (Ljava/lang/Object;J)V 2 10554 orig 80 0 0 0 0 0 0 0 0 0 0 0 0 0 0 0 0 0 0 0 0 0 0 0 0 0 0 0 0 0 0 0 0 0 0 0 0 0 0 0 0 0 0 0 0 0 0 0 0 0 0 0 0 0 0 0 0 0 0 0 0 0 0 0 0 0 0 0 0 0 0 0 0 0 0 0 0 0 0 0 0 data 34 0x30005 0x293a 0x0 0x0 0x0 0x0 0x70007 0x141e 0x80 0x151c 0xc0005 0x0 0x2936e9820f0 0x10a2 0x2936e9821d8 0x47a 0xf0005 0x151c 0x0 0x0 0x0 0x0 0x0 0x0 0x0 0x0 0x0 0x0 0x9 0x4 0x0 0x0 0x0 0x0 oops 2 12 [C 14 [B methods 0
ciMethodData jdk/internal/misc/Unsafe checkPrimitiveArray (Ljava/lang/Class;)V 2 5404 orig 80 0 0 0 0 0 0 0 0 0 0 0 0 0 0 0 0 0 0 0 0 0 0 0 0 0 0 0 0 0 0 0 0 0 0 0 0 0 0 0 0 0 0 0 0 0 0 0 0 0 0 0 0 0 0 0 0 0 0 0 0 0 0 0 0 0 0 0 0 0 0 0 0 0 0 0 0 0 0 0 0 data 36 0x10005 0x0 0x2936e96d6a0 0x151c 0x0 0x0 0x60007 0x0 0x70 0x151c 0xa0005 0x0 0x2936e96d6a0 0x151c 0x0 0x0 0xd0007 0x151c 0x50 0x0 0x110005 0x0 0x0 0x0 0x0 0x0 0x0 0x0 0x0 0x0 0x0 0x0 0x9 0x2 0x0 0x0 oops 2 2 java/lang/Class 12 java/lang/Class methods 0
ciMethodData java/lang/ThreadLocal$ThreadLocalMap getEntryAfterMiss (Ljava/lang/ThreadLocal;ILjava/lang/ThreadLocal$ThreadLocalMap$Entry;)Ljava/lang/ThreadLocal$ThreadLocalMap$Entry; 2 1198 orig 80 0 0 0 0 0 0 0 0 0 0 0 0 0 0 0 0 0 0 0 0 0 0 0 0 0 0 0 0 0 0 0 0 0 0 0 0 0 0 0 0 0 0 0 0 0 0 0 0 0 0 0 0 0 0 0 0 0 0 0 0 0 0 0 0 0 0 0 0 0 0 0 0 0 0 0 0 0 0 0 0 data 50 0xc0007 0x39e 0x130 0x4c5 0x110005 0x319 0x29374f41740 0x1ac 0x0 0x0 0x140007 0x3b5 0x20 0x110 0x1b0005 0x267 0x29374f41740 0x14e 0x0 0x0 0x1e0007 0x3ae 0x68 0x7 0x230005 0x7 0x0 0x0 0x0 0x0 0x270003 0x7 0x28 0x2d0002 0x3ae 0x360003 0x3b5 0xfffffffffffffee8 0x0 0x0 0x0 0x0 0x0 0x0 0x9 0x4 0x6 0xffffffffffffffff 0x0 0xffffffffffffffff oops 2 6 java/lang/ThreadLocal$ThreadLocalMap$Entry 16 java/lang/ThreadLocal$ThreadLocalMap$Entry methods 0
ciMethodData java/nio/Buffer flip ()Ljava/nio/Buffer; 2 13712 orig 80 0 0 0 0 0 0 0 0 0 0 0 0 0 0 0 0 0 0 0 0 0 0 0 0 0 0 0 0 0 0 0 0 0 0 0 0 0 0 0 0 0 0 0 0 0 0 0 0 0 0 0 0 0 0 0 0 0 0 0 0 0 0 0 0 0 0 0 0 0 0 0 0 0 0 0 0 0 0 0 0 data 7 0x0 0x0 0x0 0x0 0x9 0x1 0x0 oops 0 methods 0
ciMethodData java/nio/ByteBuffer limit (I)Ljava/nio/ByteBuffer; 2 13571 orig 80 0 0 0 0 0 0 0 0 0 0 0 0 0 0 0 0 0 0 0 0 0 0 0 0 0 0 0 0 0 0 0 0 0 0 0 0 0 0 0 0 0 0 0 0 0 0 0 0 0 0 0 0 0 0 0 0 0 0 0 0 0 0 0 0 0 0 0 0 0 0 0 0 0 0 0 0 0 0 0 0 data 9 0x20002 0x3505 0x0 0x0 0x0 0x9 0x2 0x0 0x0 oops 0 methods 0
ciMethodData java/nio/ByteOrder nativeOrder ()Ljava/nio/ByteOrder; 2 10311 orig 80 0 0 0 0 0 0 0 0 0 0 0 0 0 0 0 0 0 0 0 0 0 0 0 0 0 0 0 0 0 0 0 0 0 0 0 0 0 0 0 0 0 0 0 0 0 0 0 0 0 0 0 0 0 0 0 0 0 0 0 0 0 0 0 0 0 0 0 0 0 0 0 0 0 0 0 0 0 0 0 0 data 4 0x0 0x0 0x9 0x0 oops 0 methods 0
ciMethodData java/nio/ByteBuffer <init> (IIII[BILjava/lang/foreign/MemorySegment;)V 2 5145 orig 80 0 0 0 0 0 0 0 0 0 0 0 0 0 0 0 0 0 0 0 0 0 0 0 0 0 0 0 0 0 0 0 0 0 0 0 0 0 0 0 0 0 0 0 0 0 0 0 0 0 0 0 0 0 0 0 0 0 0 0 0 0 0 0 0 0 0 0 0 0 0 0 0 0 0 0 0 0 0 0 0 data 27 0x80002 0x1419 0x110002 0x1419 0x170007 0x1419 0x38 0x0 0x1b0003 0x0 0x18 0x0 0x0 0x0 0x0 0x0 0x0 0x9 0x8 0xffffffffffffffff 0x0 0x0 0x0 0x0 0x0 0x0 0x0 oops 0 methods 0
ciMethodData java/nio/ByteBuffer wrap ([B)Ljava/nio/ByteBuffer; 2 4107 orig 80 0 0 0 0 0 0 0 0 0 0 0 0 0 0 0 0 0 0 0 0 0 0 0 0 0 0 0 0 0 0 0 0 0 0 0 0 0 0 0 0 0 0 0 0 0 0 0 0 0 0 0 0 0 0 0 0 0 0 0 0 0 0 0 0 0 0 0 0 0 0 0 0 0 0 0 0 0 0 0 0 data 11 0x40002 0x100b 0x0 0x0 0x0 0x0 0x0 0x0 0x9 0x1 0x0 oops 0 methods 0
ciMethodData java/nio/ByteBuffer wrap ([BII)Ljava/nio/ByteBuffer; 2 6197 orig 80 0 0 0 0 0 0 0 0 0 0 0 0 0 0 0 0 0 0 0 0 0 0 0 0 0 0 0 0 0 0 0 0 0 0 0 0 0 0 0 0 0 0 0 0 0 0 0 0 0 0 0 0 0 0 0 0 0 0 0 0 0 0 0 0 0 0 0 0 0 0 0 0 0 0 0 0 0 0 0 0 data 14 0x80002 0x1829 0x110002 0x0 0x0 0x0 0x0 0x0 0x9 0x3 0x0 0x0 0x0 0xc0001 oops 0 methods 0
ciMethodData java/nio/HeapByteBuffer <init> ([BIILjava/lang/foreign/MemorySegment;)V 2 6166 orig 80 0 0 0 0 0 0 0 0 0 0 0 0 0 0 0 0 0 0 0 0 0 0 0 0 0 0 0 0 0 0 0 0 0 0 0 0 0 0 0 0 0 0 0 0 0 0 0 0 0 0 0 0 0 0 0 0 0 0 0 0 0 0 0 0 0 0 0 0 0 0 0 0 0 0 0 0 0 0 0 0 data 13 0xc0002 0x1816 0x0 0x0 0x0 0x0 0x9 0x5 0xffffffffffffffff 0x0 0x0 0x0 0x0 oops 0 methods 0
ciMethodData jdk/internal/misc/Unsafe checkSize (J)V 2 5124 orig 80 0 0 0 0 0 0 0 0 0 0 0 0 0 0 0 0 0 0 0 0 0 0 0 0 0 0 0 0 0 0 0 0 0 0 0 0 0 0 0 0 0 0 0 0 0 0 0 0 0 0 0 0 0 0 0 0 0 0 0 0 0 0 0 0 0 0 0 0 0 0 0 0 0 0 0 0 0 0 0 0 data 41 0x40007 0x1404 0xa0 0x0 0x90005 0x0 0x0 0x0 0x0 0x0 0xc0007 0x0 0xa0 0x0 0x100005 0x0 0x0 0x0 0x0 0x0 0x170007 0x1404 0x50 0x0 0x1b0005 0x0 0x0 0x0 0x0 0x0 0x0 0x0 0x0 0x0 0x0 0x0 0x9 0x3 0x0 0x0 0x0 oops 0 methods 0
ciMethodData jdk/internal/misc/Unsafe copyMemory (Ljava/lang/Object;JLjava/lang/Object;JJ)V 2 5135 orig 80 0 0 0 0 0 0 0 0 0 0 0 0 0 0 0 0 0 0 0 0 0 0 0 0 0 0 0 0 0 0 0 0 0 0 0 0 0 0 0 1 0 0 0 0 0 0 0 0 0 0 0 0 0 0 0 0 0 0 0 0 0 0 0 0 0 0 0 0 0 0 0 0 0 0 0 0 0 0 0 0 data 33 0x90005 0x140f 0x0 0x0 0x0 0x0 0x8000000600100007 0x140f 0x20 0x1 0x1d0005 0x140f 0x0 0x0 0x0 0x0 0x0 0x0 0x0 0x0 0x0 0x0 0x9 0x9 0xffffffffffffffff 0xffffffffffffffff 0x0 0x0 0xffffffffffffffff 0x0 0x0 0x0 0x0 oops 0 methods 0
ciMethodData java/lang/Thread isVirtual ()Z 2 16360 orig 80 0 0 0 0 0 0 0 0 0 0 0 0 0 0 0 0 0 0 0 0 0 0 0 0 0 0 0 0 0 0 0 0 0 0 0 0 0 0 0 0 0 0 0 0 0 0 0 0 0 0 0 0 0 0 0 0 0 0 0 0 0 0 0 0 0 0 0 0 0 0 0 0 0 0 0 0 0 0 0 0 data 15 0x10004 0x0 0x2936e96e738 0x3fe6 0x0 0x0 0x0 0x0 0x0 0x0 0x0 0x0 0x9 0x1 0x0 oops 1 2 java/lang/Thread methods 0
ciMethodData java/nio/ByteBuffer limit (I)Ljava/nio/Buffer; 2 5124 orig 80 0 0 0 0 0 0 0 0 0 0 0 0 0 0 0 0 0 0 0 0 0 0 0 0 0 0 0 0 0 0 0 0 0 0 0 0 0 0 0 0 0 0 0 0 0 0 0 0 0 0 0 0 0 0 0 0 0 0 0 0 0 0 0 0 0 0 0 0 0 0 0 0 0 0 0 0 0 0 0 0 data 16 0x20005 0x0 0x29373c8db70 0x1404 0x0 0x0 0x0 0x0 0x0 0x0 0x0 0x0 0x9 0x2 0x0 0x0 oops 1 2 java/nio/HeapByteBuffer methods 0
ciMethodData jdk/internal/misc/Unsafe copyMemoryChecks (Ljava/lang/Object;JLjava/lang/Object;JJ)V 2 5016 orig 80 0 0 0 0 0 0 0 0 0 0 0 0 0 0 0 0 0 0 0 0 0 0 0 0 0 0 0 0 0 0 0 0 0 0 0 0 0 0 0 0 0 0 0 0 0 0 0 0 0 0 0 0 0 0 0 0 0 0 0 0 0 0 0 0 0 0 0 0 0 0 0 0 0 0 0 0 0 0 0 0 data 35 0x30005 0x1398 0x0 0x0 0x0 0x0 0x90005 0x1398 0x0 0x0 0x0 0x0 0x110005 0x1398 0x0 0x0 0x0 0x0 0x0 0x0 0x0 0x0 0x0 0x0 0x9 0x9 0x0 0x0 0x0 0x0 0x0 0x0 0x0 0x0 0x0 oops 0 methods 0
ciMethodData java/nio/ByteBuffer flip ()Ljava/nio/ByteBuffer; 2 11803 orig 80 0 0 0 0 0 0 0 0 0 0 0 0 0 0 0 0 0 0 0 0 0 0 0 0 0 0 0 0 0 0 0 0 0 0 0 0 0 0 0 0 0 0 0 0 0 0 0 0 0 0 0 0 0 0 0 0 0 0 0 0 0 0 0 0 0 0 0 0 0 0 0 0 0 0 0 0 0 0 0 0 data 8 0x10002 0x2e1b 0x0 0x0 0x0 0x9 0x1 0x0 oops 0 methods 0
ciMethodData java/nio/MappedByteBuffer position (I)Ljava/nio/MappedByteBuffer; 2 6779 orig 80 0 0 0 0 0 0 0 0 0 0 0 0 0 0 0 0 0 0 0 0 0 0 0 0 0 0 0 0 0 0 0 0 0 0 0 0 0 0 0 0 0 0 0 0 0 0 0 0 0 0 0 0 0 0 0 0 0 0 0 0 0 0 0 0 0 0 0 0 0 0 0 0 0 0 0 0 0 0 0 0 data 9 0x20002 0x1a7b 0x0 0x0 0x0 0x9 0x2 0x0 0x0 oops 0 methods 0
ciMethodData java/nio/channels/spi/AbstractInterruptibleChannel isOpen ()Z 2 34108 orig 80 0 0 0 0 0 0 0 0 0 0 0 0 0 0 0 0 0 0 0 0 0 0 0 0 0 0 0 0 0 0 0 0 0 0 0 0 0 0 0 0 0 0 0 0 0 0 0 0 0 0 0 0 0 0 0 0 0 0 0 0 0 0 0 0 0 0 0 0 0 0 0 0 0 0 0 0 0 0 0 0 data 13 0x40007 0x0 0x38 0x853c 0x80003 0x853d 0x18 0x0 0x0 0x0 0x9 0x1 0x0 oops 0 methods 0
ciMethodData java/nio/MappedByteBuffer position (I)Ljava/nio/ByteBuffer; 2 6390 orig 80 0 0 0 0 0 0 0 0 0 0 0 0 0 0 0 0 0 0 0 0 0 0 0 0 0 0 0 0 0 0 0 0 0 0 0 0 0 0 0 0 0 0 0 0 0 0 0 0 0 0 0 0 0 0 0 0 0 0 0 0 0 0 0 0 0 0 0 0 0 0 0 0 0 0 0 0 0 0 0 0 data 16 0x20005 0x0 0x293733bffb0 0x18f6 0x0 0x0 0x0 0x0 0x0 0x0 0x0 0x0 0x9 0x2 0x0 0x0 oops 1 2 java/nio/DirectByteBuffer methods 0
ciMethodData java/nio/MappedByteBuffer limit (I)Ljava/nio/MappedByteBuffer; 2 7557 orig 80 0 0 0 0 0 0 0 0 0 0 0 0 0 0 0 0 0 0 0 0 0 0 0 0 0 0 0 0 0 0 0 0 0 0 0 0 0 0 0 0 0 0 0 0 0 0 0 0 0 0 0 0 0 0 0 0 0 0 0 0 0 0 0 0 0 0 0 0 0 0 0 0 0 0 0 0 0 0 0 0 data 9 0x20002 0x1d85 0x0 0x0 0x0 0x9 0x2 0x0 0x0 oops 0 methods 0
ciMethodData sun/nio/ch/NativeThread current ()J 2 12084 orig 80 0 0 0 0 0 0 0 0 0 0 0 0 0 0 0 0 0 0 0 0 0 0 0 0 0 0 0 0 0 0 0 0 0 0 0 0 0 0 0 0 0 0 0 0 0 0 0 0 0 0 0 0 0 0 0 0 0 0 0 0 0 0 0 0 0 0 0 0 0 0 0 0 0 0 0 0 0 0 0 0 data 20 0x2 0x2f36 0x30005 0x1 0x2936e96e738 0x2f36 0x0 0x0 0x60007 0x2f2e 0x20 0x0 0x0 0x0 0x0 0x0 0x0 0x0 0x9 0x0 oops 1 4 java/lang/Thread methods 0
ciMethodData sun/nio/ch/Util isBufferTooLarge (I)Z 2 13179 orig 80 0 0 0 0 0 0 0 0 0 0 0 0 0 0 0 0 0 0 0 0 0 0 0 0 0 0 0 0 0 0 0 0 0 0 0 0 0 0 0 0 0 0 0 0 0 0 0 0 0 0 0 0 0 0 0 0 0 0 0 0 0 0 0 0 0 0 0 0 0 0 0 0 0 0 0 0 0 0 0 0 data 12 0x60007 0x337b 0x38 0x0 0xa0003 0x0 0x18 0x0 0x0 0x9 0x1 0x0 oops 0 methods 0
ciMethodData sun/nio/ch/FileChannelImpl ensureOpen ()V 2 16772 orig 80 0 0 0 0 0 0 0 0 0 0 0 0 0 0 0 0 0 0 0 0 0 0 0 0 0 0 0 0 0 0 0 0 0 0 0 0 0 0 0 0 0 0 0 0 0 0 0 0 0 0 0 0 0 0 0 0 0 0 0 0 0 0 0 0 0 0 0 0 0 0 0 0 0 0 0 0 0 0 0 0 data 21 0x10005 0x0 0x2937419fae0 0x4183 0x0 0x0 0x40007 0x417f 0x30 0x0 0xb0002 0x0 0x0 0x0 0x0 0x0 0x0 0x0 0x9 0x1 0x0 oops 1 2 sun/nio/ch/FileChannelImpl methods 0
ciMethodData sun/nio/ch/NativeThreadSet add ()I 2 6154 orig 80 0 0 0 0 0 0 0 0 0 0 0 0 0 0 0 0 0 0 0 0 0 0 0 0 0 0 0 0 0 0 0 0 0 0 0 0 0 0 0 0 0 0 0 0 0 0 0 0 0 0 0 0 0 0 0 0 0 0 0 0 0 0 0 0 0 0 0 0 0 0 0 0 0 0 0 0 0 0 0 0 data 53 0x2 0x180a 0x90002 0x180b 0xc0007 0x0 0x20 0x180b 0x250007 0x0 0x38 0x0 0x320003 0x0 0x48 0x3e0007 0x0 0x30 0x0 0x5e0002 0x0 0x760007 0x0 0x58 0x0 0x820007 0x0 0x20 0x0 0x9f0003 0x0 0xffffffffffffffc0 0xa60002 0x0 0x0 0x0 0x0 0x0 0x0 0x0 0x0 0x0 0x0 0x0 0x0 0x0 0x0 0x9 0x1 0x0 0xaa0001 0xaa0001 0xaa0001 oops 0 methods 0
ciMethodData sun/nio/ch/NativeThread isNativeThread (J)Z 2 6154 orig 80 0 0 0 0 0 0 0 0 0 0 0 0 0 0 0 0 0 0 0 0 0 0 0 0 0 0 0 0 0 0 0 0 0 0 0 0 0 0 0 0 0 0 0 0 0 0 0 0 0 0 0 0 0 0 0 0 0 0 0 0 0 0 0 0 0 0 0 0 0 0 0 0 0 0 0 0 0 0 0 0 data 5 0x0 0x9 0x2 0x0 0x0 oops 0 methods 0
ciMethodData sun/nio/ch/NativeThreadSet remove (I)V 2 6198 orig 80 0 0 0 0 0 0 0 0 0 0 0 0 0 0 0 0 0 0 0 0 0 0 0 0 0 0 0 0 0 0 0 0 0 0 0 0 0 0 0 0 0 0 0 0 0 0 0 0 0 0 0 0 0 0 0 0 0 0 0 0 0 0 0 0 0 0 0 0 0 0 0 0 0 0 0 0 0 0 0 0 data 73 0x50007 0x1835 0x98 0x0 0xb0007 0x0 0x60 0x0 0x140002 0x0 0x180007 0x0 0x30 0x0 0x1f0002 0x0 0x340003 0x0 0xa0 0x3a0007 0x0 0x38 0x1835 0x470003 0x1835 0x68 0x4d0007 0x0 0x50 0x0 0x520007 0x0 0x30 0x0 0x590002 0x0 0x640007 0x0 0x90 0x1833 0x6b0007 0x0 0x70 0x1833 0x720007 0x1834 0x50 0x0 0x760005 0x0 0x0 0x0 0x0 0x0 0x7b0003 0x1836 0x18 0x0 0x0 0x0 0x0 0x0 0x0 0x0 0x0 0x0 0x9 0x2 0x0 0x0 0x7e0001 0x7e0001 0x7e0001 oops 0 methods 0
ciMethodData java/nio/MappedByteBuffer limit (I)Ljava/nio/ByteBuffer; 2 6168 orig 80 0 0 0 0 0 0 0 0 0 0 0 0 0 0 0 0 0 0 0 0 0 0 0 0 0 0 0 0 0 0 0 0 0 0 0 0 0 0 0 0 0 0 0 0 0 0 0 0 0 0 0 0 0 0 0 0 0 0 0 0 0 0 0 0 0 0 0 0 0 0 0 0 0 0 0 0 0 0 0 0 data 16 0x20005 0x1 0x293733bffb0 0x1817 0x0 0x0 0x0 0x0 0x0 0x0 0x0 0x0 0x9 0x2 0x0 0x0 oops 1 2 java/nio/DirectByteBuffer methods 0
ciMethodData sun/nio/ch/FileChannelImpl beginBlocking ()V 2 14793 orig 80 0 0 0 0 0 0 0 0 0 0 0 0 0 0 0 0 0 0 0 0 0 0 0 0 0 0 0 0 0 0 0 0 0 0 0 0 0 0 0 0 0 0 0 0 0 0 0 0 0 0 0 0 0 0 0 0 0 0 0 0 0 0 0 0 0 0 0 0 0 0 0 0 0 0 0 0 0 0 0 0 data 19 0x40007 0x2d33 0x50 0xc93 0x80005 0x0 0x2937419fae0 0xc93 0x0 0x0 0x0 0x0 0x0 0x0 0x0 0x0 0x9 0x1 0x0 oops 1 6 sun/nio/ch/FileChannelImpl methods 0
ciMethodData java/nio/channels/spi/AbstractInterruptibleChannel begin ()V 2 5124 orig 80 0 0 0 0 0 0 0 0 0 0 0 0 0 0 0 0 0 0 0 0 0 0 0 0 0 0 0 0 0 0 0 0 0 0 0 0 0 0 0 0 0 0 0 0 0 0 0 0 0 0 0 0 0 0 0 0 0 0 0 0 0 0 0 0 0 0 0 0 0 0 0 0 0 0 0 0 0 0 0 0 data 35 0x40002 0x1404 0x70002 0x1404 0xc0005 0x0 0x2936e96e738 0x1404 0x0 0x0 0xf0007 0x1404 0x80 0x0 0x170005 0x0 0x0 0x0 0x0 0x0 0x200005 0x0 0x0 0x0 0x0 0x0 0x0 0x0 0x0 0x0 0x0 0x0 0x9 0x1 0x0 oops 1 6 java/lang/Thread methods 0
ciMethodData sun/nio/ch/FileChannelImpl endBlocking (Z)V 2 14793 orig 80 0 0 0 0 0 0 0 0 0 0 0 0 0 0 0 0 0 0 0 0 0 0 0 0 0 0 0 0 0 0 0 0 0 0 0 0 0 0 0 0 0 0 0 0 0 0 0 0 0 0 0 0 0 0 0 0 0 0 0 0 0 0 0 0 0 0 0 0 0 0 0 0 0 0 0 0 0 0 0 0 data 39 0x40007 0x2d36 0x68 0xc92 0x90005 0x0 0x2937419fae0 0xc92 0x0 0x0 0xc0003 0xc92 0x98 0x100007 0x2ac8 0x80 0x26b 0x140005 0x1 0x2937419fae0 0x26a 0x0 0x0 0x170007 0x26b 0x30 0x0 0x1e0002 0x0 0x0 0x0 0x0 0x0 0x0 0x0 0x9 0x2 0x0 0x0 oops 2 6 sun/nio/ch/FileChannelImpl 19 sun/nio/ch/FileChannelImpl methods 0
ciMethodData java/nio/channels/spi/AbstractInterruptibleChannel end (Z)V 2 5408 orig 80 0 0 0 0 0 0 0 0 0 0 0 0 0 0 0 0 0 0 0 0 0 0 0 0 0 0 0 0 0 0 0 0 0 0 0 0 0 0 0 0 0 0 0 0 0 0 0 0 0 0 0 0 0 0 0 0 0 0 0 0 0 0 0 0 0 0 0 0 0 0 0 0 0 0 0 0 0 0 0 0 data 42 0x10002 0x1520 0xa0007 0x1520 0xa0 0x0 0x110005 0x0 0x0 0x0 0x0 0x0 0x170002 0x0 0x1a0007 0x0 0x40 0x0 0x220002 0x0 0x2c0002 0x0 0x310007 0x11a8 0x50 0x378 0x380007 0x378 0x30 0x0 0x3f0002 0x0 0x0 0x0 0x0 0x0 0x0 0x0 0x9 0x2 0x8 0x0 oops 0 methods 0
ciMethodData jdk/internal/misc/ScopedMemoryAccess copyMemory (Ljdk/internal/foreign/MemorySessionImpl;Ljdk/internal/foreign/MemorySessionImpl;Ljava/lang/Object;JLjava/lang/Object;JJ)V 2 8205 orig 80 0 0 0 0 0 0 0 0 0 0 0 0 0 0 0 0 0 0 0 0 0 0 0 0 0 0 0 0 0 0 0 0 0 0 0 0 0 0 0 0 0 0 0 0 0 0 0 0 0 0 0 0 0 0 0 0 0 0 0 0 0 0 0 0 0 0 0 0 0 0 0 0 0 0 0 0 0 0 0 0 data 35 0xc0005 0x200d 0x0 0x0 0x0 0x0 0xf0003 0x200a 0x48 0x160005 0x0 0x0 0x0 0x0 0x0 0x0 0x0 0x0 0x0 0x0 0x0 0x9 0xb 0x0 0x0 0x0 0x0 0x0 0x0 0x0 0x0 0x0 0x0 0x0 0x120001 oops 0 methods 0
ciMethodData jdk/internal/misc/ScopedMemoryAccess copyMemoryInternal (Ljdk/internal/foreign/MemorySessionImpl;Ljdk/internal/foreign/MemorySessionImpl;Ljava/lang/Object;JLjava/lang/Object;JJ)V 2 8205 orig 80 0 0 0 0 0 0 0 0 0 0 0 0 0 0 0 0 0 0 0 0 0 0 0 0 0 0 0 0 0 0 0 0 0 0 0 0 0 0 0 0 0 0 0 0 0 0 0 0 0 0 0 0 0 0 0 0 0 0 0 0 0 0 0 0 0 0 0 0 0 0 0 0 0 0 0 0 0 0 0 0 data 58 0x10007 0x200d 0x50 0x0 0x50005 0x0 0x0 0x0 0x0 0x0 0x90007 0x2009 0x50 0x0 0xd0005 0x0 0x0 0x0 0x0 0x0 0x1c0005 0x1 0x2936e9701e0 0x200a 0x0 0x0 0x200002 0x2008 0x240002 0x2008 0x270003 0x2008 0x38 0x2d0002 0x0 0x310002 0x0 0x0 0x0 0x0 0x0 0x0 0x0 0x9 0xb 0x0 0x0 0x0 0x0 0x0 0x0 0x0 0x0 0x0 0x0 0x0 0x2a0001 0x2a0001 oops 1 22 jdk/internal/misc/Unsafe methods 0
ciMethodData jdk/internal/misc/Blocker end (Z)V 2 13984 orig 80 0 0 0 0 0 0 0 0 0 0 0 0 0 0 0 0 0 0 0 0 0 0 0 0 0 0 0 0 0 0 0 0 0 0 0 0 0 0 0 0 0 0 0 0 0 0 0 0 0 0 0 0 0 0 0 0 0 0 0 0 0 0 0 0 0 0 0 0 0 0 0 0 0 0 0 0 0 0 0 0 data 27 0x10007 0x369f 0x90 0x0 0x40002 0x0 0x70004 0x0 0x0 0x0 0x0 0x0 0xc0005 0x0 0x0 0x0 0x0 0x0 0x0 0x0 0x0 0x0 0x0 0x0 0x9 0x1 0x0 oops 0 methods 0
ciMethodData java/nio/Buffer checkSession ()V 2 17694 orig 80 0 0 0 0 0 0 0 0 0 0 0 0 0 0 0 0 0 0 0 0 0 0 0 0 0 0 0 0 0 0 0 0 0 0 0 0 0 0 0 0 0 0 0 0 0 0 0 0 0 0 0 0 0 0 0 0 0 0 0 0 0 0 0 0 0 0 0 0 0 0 0 0 0 0 0 0 0 0 0 0 data 25 0x10005 0x0 0x29373c8db70 0x4521 0x0 0x0 0x60007 0x4522 0x50 0x0 0xa0005 0x0 0x0 0x0 0x0 0x0 0x0 0x0 0x0 0x0 0x0 0x0 0x9 0x1 0x0 oops 1 2 java/nio/HeapByteBuffer methods 0
ciMethodData jdk/internal/misc/Blocker begin (Z)Z 2 12946 orig 80 0 0 0 0 0 0 0 0 0 0 0 0 0 0 0 0 0 0 0 0 0 0 0 0 0 0 0 0 0 0 0 0 0 0 0 0 0 0 0 0 0 0 0 0 0 0 0 0 0 0 0 0 0 0 0 0 0 0 0 0 0 0 0 0 0 0 0 0 0 0 0 0 0 0 0 0 0 0 0 0 data 18 0x10007 0x328f 0x48 0x0 0x40002 0x0 0x70003 0x0 0x18 0x0 0x0 0x0 0x0 0x0 0x0 0x9 0x1 0x0 oops 0 methods 0
ciMethodData sun/nio/ch/Util getTemporaryDirectBuffer (I)Ljava/nio/ByteBuffer; 2 6586 orig 80 0 0 0 0 0 0 0 0 0 0 0 0 0 0 0 0 0 0 0 0 0 0 0 0 0 0 0 0 0 0 0 0 0 0 0 0 0 0 0 0 0 0 0 0 0 0 0 0 0 0 0 0 0 0 0 0 0 0 0 0 0 0 0 0 0 0 0 0 0 0 0 0 0 0 0 0 0 0 0 0 data 79 0x10002 0x19ba 0x40007 0x19b7 0x80 0x0 0xc0005 0x0 0x0 0x0 0x0 0x0 0x150005 0x0 0x0 0x0 0x0 0x0 0x1e0005 0x0 0x293751ccea0 0x19b6 0x0 0x0 0x210004 0x0 0x293751cb830 0x19bd 0x0 0x0 0x270005 0x0 0x293751cb830 0x19be 0x0 0x0 0x2c0007 0x13 0x20 0x19ab 0x320005 0x0 0x293751cb830 0x13 0x0 0x0 0x350007 0x5 0x60 0xe 0x390005 0x0 0x293751cb830 0xe 0x0 0x0 0x3e0002 0xe 0x460005 0x0 0x2936e9701e0 0x13 0x0 0x0 0x4f0005 0x0 0x293751ccf48 0x13 0x0 0x0 0x0 0x0 0x0 0x0 0x0 0x0 0x9 0x1 0x0 oops 7 20 sun/nio/ch/Util$1 26 sun/nio/ch/Util$BufferCache 32 sun/nio/ch/Util$BufferCache 42 sun/nio/ch/Util$BufferCache 52 sun/nio/ch/Util$BufferCache 60 jdk/internal/misc/Unsafe 66 java/nio/Buffer$2 methods 0
ciMethodData jdk/internal/misc/Unsafe allocateMemory (J)J 1 64 orig 80 0 0 0 0 0 0 0 0 0 0 0 0 0 0 0 0 0 0 0 0 0 0 0 0 0 0 0 0 0 0 0 0 0 0 0 0 0 0 0 0 0 0 0 0 0 0 0 0 0 0 0 0 0 0 0 0 0 0 0 0 0 0 0 0 0 0 0 0 0 0 0 0 0 0 0 0 0 0 0 0 data 65 0x20005 0x41 0x0 0x0 0x0 0x0 0x80005 0x41 0x0 0x0 0x0 0x0 0xe0007 0x41 0x20 0x0 0x150005 0x40 0x0 0x0 0x0 0x0 0x1c0007 0x41 0x100 0x0 0x270002 0x0 0x2c0005 0x0 0x0 0x0 0x0 0x0 0x300005 0x0 0x0 0x0 0x0 0x0 0x350005 0x0 0x0 0x0 0x0 0x0 0x380005 0x0 0x0 0x0 0x0 0x0 0x3b0002 0x0 0x0 0x0 0x0 0x0 0x0 0x0 0x9 0x3 0xffffffffffffffff 0x0 0x0 oops 0 methods 0
ciMethodData java/nio/Buffer$2 newDirectByteBuffer (JI)Ljava/nio/ByteBuffer; 1 41 orig 80 0 0 0 0 0 0 0 0 0 0 0 0 0 0 0 0 0 0 0 0 0 0 0 0 0 0 0 0 0 0 0 0 0 0 0 0 0 0 0 0 0 0 0 0 0 0 0 0 0 0 0 0 0 0 0 0 0 0 0 0 0 0 0 0 0 0 0 0 0 0 0 0 0 0 0 0 0 0 0 0 data 10 0x70002 0x29 0x0 0x0 0x9 0x4 0x0 0x0 0x0 0x0 oops 0 methods 0
ciMethodData sun/nio/ch/Util$BufferCache get (I)Ljava/nio/ByteBuffer; 2 6218 orig 80 0 0 0 0 0 0 0 0 0 0 0 0 0 0 0 0 0 0 0 0 0 0 0 0 0 0 0 0 0 0 0 0 0 0 0 0 0 0 0 0 0 0 0 0 0 0 0 0 0 0 0 0 0 0 0 0 0 0 0 0 0 0 0 0 0 0 0 0 0 0 0 0 0 0 0 0 0 0 0 0 data 106 0x30007 0x184a 0x60 0x0 0x70002 0x0 0xa0007 0x0 0x30 0x0 0x110002 0x0 0x190007 0x1845 0x20 0x5 0x2b0005 0x0 0x293733bffb0 0x1845 0x0 0x0 0x2f0007 0x1836 0x178 0xe 0x3d0005 0xe 0x0 0x0 0x0 0x0 0x470007 0x0 0xd8 0xe 0x520007 0x0 0x38 0xe 0x550003 0xe 0x98 0x5a0005 0x0 0x0 0x0 0x0 0x0 0x5e0007 0x0 0x38 0x0 0x640003 0x0 0x30 0x670003 0x0 0xffffffffffffff10 0x6b0007 0x0 0x20 0xe 0x790004 0x0 0x0 0x0 0x0 0x0 0x800104 0x0 0x0 0x0 0x0 0x0 0x870005 0x1836 0x0 0x0 0x0 0x0 0x980005 0x0 0x293733bffb0 0x1836 0x0 0x0 0x9e0005 0x0 0x293733bffb0 0x1836 0x0 0x0 0x0 0x0 0x0 0x0 0x0 0x0 0x0 0x0 0x0 0x9 0x2 0x0 0x0 oops 3 18 java/nio/DirectByteBuffer 83 java/nio/DirectByteBuffer 89 java/nio/DirectByteBuffer methods 0
ciMethodData sun/nio/ch/Util$BufferCache isEmpty ()Z 1 61 orig 80 0 0 0 0 0 0 0 0 0 0 0 0 0 0 0 0 0 0 0 0 0 0 0 0 0 0 0 0 0 0 0 0 0 0 0 0 0 0 0 0 0 0 0 0 0 0 0 0 0 0 0 0 0 0 0 0 0 0 0 0 0 0 0 0 0 0 0 0 0 0 0 0 0 0 0 0 0 0 0 0 data 13 0x40007 0x29 0x38 0x14 0x80003 0x14 0x18 0x0 0x0 0x0 0x9 0x1 0x0 oops 0 methods 0
ciMethodData sun/nio/ch/Util$BufferCache removeFirst ()Ljava/nio/ByteBuffer; 1 41 orig 80 0 0 0 0 0 0 0 0 0 0 0 0 0 0 0 0 0 0 0 0 0 0 0 0 0 0 0 0 0 0 0 0 0 0 0 0 0 0 0 0 0 0 0 0 0 0 0 0 0 0 0 0 0 0 0 0 0 0 0 0 0 0 0 0 0 0 0 0 0 0 0 0 0 0 0 0 0 0 0 0 data 31 0x30007 0x29 0x50 0x0 0xa0007 0x0 0x30 0x0 0x110002 0x0 0x280104 0x0 0x0 0x0 0x0 0x0 0x2f0005 0x29 0x0 0x0 0x0 0x0 0x0 0x0 0x0 0x0 0x0 0x0 0x9 0x1 0x6 oops 0 methods 0
ciMethodData sun/nio/ch/Util free (Ljava/nio/ByteBuffer;)V 1 41 orig 80 0 0 0 0 0 0 0 0 0 0 0 0 0 0 0 0 0 0 0 0 0 0 0 0 0 0 0 0 0 0 0 0 0 0 0 0 0 0 0 0 0 0 0 0 0 0 0 0 0 0 0 0 0 0 0 0 0 0 0 0 0 0 0 0 0 0 0 0 0 0 0 0 0 0 0 0 0 0 0 0 data 27 0x40004 0x0 0x293733bffb0 0x29 0x0 0x0 0x70005 0x0 0x293733bffb0 0x29 0x0 0x0 0xc0005 0x1a 0x2936e9701e0 0xe 0x0 0x0 0x0 0x0 0x0 0x0 0x0 0x0 0x9 0x1 0xffffffffffffffff oops 3 2 java/nio/DirectByteBuffer 8 java/nio/DirectByteBuffer 14 jdk/internal/misc/Unsafe methods 0
ciMethodData sun/nio/ch/Util$BufferCache next (I)I 2 6265 orig 80 0 0 0 0 0 0 0 0 0 0 0 0 0 0 0 0 0 0 0 0 0 0 0 0 0 0 0 0 0 0 0 0 0 0 0 0 0 0 0 0 0 0 0 0 0 0 0 0 0 0 0 0 0 0 0 0 0 0 0 0 0 0 0 0 0 0 0 0 0 0 0 0 0 0 0 0 0 0 0 0 data 7 0x0 0x0 0x0 0x9 0x2 0x0 0x0 oops 0 methods 0
ciMethodData sun/nio/ch/Util offerFirstTemporaryDirectBuffer (Ljava/nio/ByteBuffer;)V 2 6217 orig 80 0 0 0 0 0 0 0 0 0 0 0 0 0 0 0 0 0 0 0 0 0 0 0 0 0 0 0 0 0 0 0 0 0 0 0 0 0 0 0 0 0 0 0 0 0 0 0 0 0 0 0 0 0 0 0 0 0 0 0 0 0 0 0 0 0 0 0 0 0 0 0 0 0 0 0 0 0 0 0 0 data 53 0x10002 0x1849 0x60002 0x1849 0x90007 0x1847 0x30 0x0 0xd0002 0x0 0x140007 0x1847 0x50 0x0 0x180007 0x0 0x30 0x0 0x1f0002 0x0 0x260005 0x0 0x293751ccea0 0x1847 0x0 0x0 0x290004 0x0 0x293751cb830 0x1849 0x0 0x0 0x2f0005 0x0 0x293751cb830 0x1848 0x0 0x0 0x320007 0x1848 0x30 0x0 0x360002 0x0 0x0 0x0 0x0 0x0 0x0 0x0 0x9 0x1 0x0 oops 3 22 sun/nio/ch/Util$1 28 sun/nio/ch/Util$BufferCache 34 sun/nio/ch/Util$BufferCache methods 0
ciMethodData sun/nio/ch/Util unwrapIfAlignedSlice (Ljava/nio/ByteBuffer;)Ljava/nio/ByteBuffer; 2 6217 orig 80 0 0 0 0 0 0 0 0 0 0 0 0 0 0 0 0 0 0 0 0 0 0 0 0 0 0 0 0 0 0 0 0 0 0 0 0 0 0 0 0 0 0 0 0 0 0 0 0 0 0 0 0 0 0 0 0 0 0 0 0 0 0 0 0 0 0 0 0 0 0 0 0 0 0 0 0 0 0 0 0 data 34 0x10004 0x0 0x293733bffb0 0x1848 0x0 0x0 0x40005 0x0 0x293733bffb0 0x1848 0x0 0x0 0x90104 0x0 0x0 0x0 0x0 0x0 0xe0007 0x1849 0x38 0x0 0x120003 0x0 0x18 0x0 0x0 0x0 0x0 0x0 0x0 0x9 0x1 0x0 oops 2 2 java/nio/DirectByteBuffer 8 java/nio/DirectByteBuffer methods 0
ciMethodData sun/nio/ch/Util isBufferTooLarge (Ljava/nio/ByteBuffer;)Z 2 6217 orig 80 0 0 0 0 0 0 0 0 0 0 0 0 0 0 0 0 0 0 0 0 0 0 0 0 0 0 0 0 0 0 0 0 0 0 0 0 0 0 0 0 0 0 0 0 0 0 0 0 0 0 0 0 0 0 0 0 0 0 0 0 0 0 0 0 0 0 0 0 0 0 0 0 0 0 0 0 0 0 0 0 data 17 0x10005 0x0 0x293733bffb0 0x1848 0x0 0x0 0x40002 0x1848 0x0 0x0 0x0 0x0 0x0 0x0 0x9 0x1 0x0 oops 1 2 java/nio/DirectByteBuffer methods 0
ciMethodData sun/nio/ch/Util$BufferCache offerFirst (Ljava/nio/ByteBuffer;)Z 2 6216 orig 80 0 0 0 0 0 0 0 0 0 0 0 0 0 0 0 0 0 0 0 0 0 0 0 0 0 0 0 0 0 0 0 0 0 0 0 0 0 0 0 0 0 0 0 0 0 0 0 0 0 0 0 0 0 0 0 0 0 0 0 0 0 0 0 0 0 0 0 0 0 0 0 0 0 0 0 0 0 0 0 0 data 32 0x30007 0x1848 0x60 0x0 0x70002 0x0 0xa0007 0x0 0x30 0x0 0x110002 0x0 0x1c0007 0x1848 0x20 0x0 0x3c0004 0x0 0x293733bffb0 0x1847 0x0 0x0 0x0 0x0 0x0 0x0 0x0 0x0 0x9 0x2 0x0 0x0 oops 1 18 java/nio/DirectByteBuffer methods 0
ciMethodData java/nio/MappedByteBuffer rewind ()Ljava/nio/ByteBuffer; 2 6196 orig 80 0 0 0 0 0 0 0 0 0 0 0 0 0 0 0 0 0 0 0 0 0 0 0 0 0 0 0 0 0 0 0 0 0 0 0 0 0 0 0 0 0 0 0 0 0 0 0 0 0 0 0 0 0 0 0 0 0 0 0 0 0 0 0 0 0 0 0 0 0 0 0 0 0 0 0 0 0 0 0 0 data 15 0x10005 0x0 0x293733bffb0 0x1833 0x0 0x0 0x0 0x0 0x0 0x0 0x0 0x0 0x9 0x1 0x0 oops 1 2 java/nio/DirectByteBuffer methods 0
ciMethodData java/nio/MappedByteBuffer rewind ()Ljava/nio/MappedByteBuffer; 2 6195 orig 80 0 0 0 0 0 0 0 0 0 0 0 0 0 0 0 0 0 0 0 0 0 0 0 0 0 0 0 0 0 0 0 0 0 0 0 0 0 0 0 0 0 0 0 0 0 0 0 0 0 0 0 0 0 0 0 0 0 0 0 0 0 0 0 0 0 0 0 0 0 0 0 0 0 0 0 0 0 0 0 0 data 8 0x10002 0x1834 0x0 0x0 0x0 0x9 0x1 0x0 oops 0 methods 0
ciMethodData java/nio/ByteBuffer rewind ()Ljava/nio/ByteBuffer; 2 6196 orig 80 0 0 0 0 0 0 0 0 0 0 0 0 0 0 0 0 0 0 0 0 0 0 0 0 0 0 0 0 0 0 0 0 0 0 0 0 0 0 0 0 0 0 0 0 0 0 0 0 0 0 0 0 0 0 0 0 0 0 0 0 0 0 0 0 0 0 0 0 0 0 0 0 0 0 0 0 0 0 0 0 data 8 0x10002 0x1834 0x0 0x0 0x0 0x9 0x1 0x0 oops 0 methods 0
ciMethodData java/nio/Buffer rewind ()Ljava/nio/Buffer; 2 6196 orig 80 0 0 0 0 0 0 0 0 0 0 0 0 0 0 0 0 0 0 0 0 0 0 0 0 0 0 0 0 0 0 0 0 0 0 0 0 0 0 0 0 0 0 0 0 0 0 0 0 0 0 0 0 0 0 0 0 0 0 0 0 0 0 0 0 0 0 0 0 0 0 0 0 0 0 0 0 0 0 0 0 data 7 0x0 0x0 0x0 0x0 0x9 0x1 0x0 oops 0 methods 0
ciMethodData java/nio/ByteBuffer put (Ljava/nio/ByteBuffer;)Ljava/nio/ByteBuffer; 2 5214 orig 80 0 0 0 0 0 0 0 0 0 0 0 0 0 0 0 0 0 0 0 0 0 0 0 0 0 0 0 0 0 0 0 0 0 0 0 0 0 0 0 0 0 0 0 0 0 0 0 0 0 0 0 0 0 0 0 0 0 0 0 0 0 0 0 0 0 0 0 0 0 0 0 0 0 0 0 0 0 0 0 0 data 90 0x20007 0x145e 0x30 0x0 0x50002 0x0 0xa0005 0x0 0x293733bffb0 0xaa4 0x29373c8db70 0x9b8 0xd0007 0x145e 0x30 0x0 0x140002 0x0 0x190005 0x1 0x29373c8db70 0x106c 0x293733bffb0 0x3f0 0x1e0005 0x1 0x29373c8db70 0x106c 0x293733bffb0 0x3f0 0x240007 0x0 0x38 0x145d 0x2a0003 0x145d 0x18 0x310005 0x1 0x293733bffb0 0xaa4 0x29373c8db70 0x9b8 0x370005 0x1 0x293733bffb0 0xaa5 0x29373c8db70 0x9b7 0x400007 0x0 0x38 0x145f 0x480003 0x145f 0x18 0x520007 0x145f 0x30 0x0 0x590002 0x0 0x640005 0x0 0x293733bffb0 0xaa7 0x29373c8db70 0x9b7 0x6d0005 0x0 0x293733bffb0 0xaa8 0x29373c8db70 0x9b9 0x760005 0x0 0x29373c8db70 0x1071 0x293733bffb0 0x3f0 0x0 0x0 0x0 0x0 0x0 0x0 0x9 0x2 0x0 0x0 oops 16 8 java/nio/DirectByteBuffer 10 java/nio/HeapByteBuffer 20 java/nio/HeapByteBuffer 22 java/nio/DirectByteBuffer 26 java/nio/HeapByteBuffer 28 java/nio/DirectByteBuffer 39 java/nio/DirectByteBuffer 41 java/nio/HeapByteBuffer 45 java/nio/DirectByteBuffer 47 java/nio/HeapByteBuffer 64 java/nio/DirectByteBuffer 66 java/nio/HeapByteBuffer 70 java/nio/DirectByteBuffer 72 java/nio/HeapByteBuffer 76 java/nio/HeapByteBuffer 78 java/nio/DirectByteBuffer methods 0
ciMethodData java/nio/ByteBuffer putBuffer (ILjava/nio/ByteBuffer;II)V 2 5153 orig 80 0 0 0 0 0 0 0 0 0 0 0 0 0 0 0 0 0 0 0 0 0 0 0 0 0 0 0 0 0 0 0 0 0 0 0 0 0 0 0 0 0 0 0 0 0 0 0 0 0 0 0 0 0 0 0 0 0 0 0 0 0 0 0 0 0 0 0 0 0 0 0 0 0 0 0 0 0 0 0 0 data 96 0x10005 0x0 0x29373c8db70 0x1040 0x293733bffb0 0x3e0 0x90007 0x1422 0xa0 0x0 0xe0007 0x0 0x80 0x0 0x120005 0x0 0x0 0x0 0x0 0x0 0x150007 0x0 0x30 0x0 0x1c0002 0x0 0x210005 0x0 0x293733bffb0 0xa88 0x29373c8db70 0x99a 0x290007 0x1423 0xa0 0x0 0x2e0007 0x0 0x80 0x0 0x320005 0x0 0x0 0x0 0x0 0x0 0x350007 0x0 0x30 0x0 0x3c0002 0x0 0x610005 0x4 0x29373c8db70 0x103e 0x293733bffb0 0x3df 0x650005 0x4 0x293733bffb0 0xa85 0x29373c8db70 0x998 0x720005 0x4 0x2936ed35fd0 0x141c 0x0 0x0 0x760002 0x1422 0x7a0002 0x1422 0x7d0003 0x1423 0x38 0x830002 0x0 0x870002 0x0 0x0 0x0 0x0 0x0 0x0 0x0 0x9 0x5 0x0 0x0 0x0 0x0 0x0 0x800001 0x800001 oops 9 2 java/nio/HeapByteBuffer 4 java/nio/DirectByteBuffer 28 java/nio/DirectByteBuffer 30 java/nio/HeapByteBuffer 54 java/nio/HeapByteBuffer 56 java/nio/DirectByteBuffer 60 java/nio/DirectByteBuffer 62 java/nio/HeapByteBuffer 66 jdk/internal/misc/ScopedMemoryAccess methods 0
ciMethodData sun/nio/ch/IOUtil acquireScope (Ljava/nio/ByteBuffer;Z)V 2 5132 orig 80 0 0 0 0 0 0 0 0 0 0 0 0 0 0 0 0 0 0 0 0 0 0 0 0 0 0 0 0 0 0 0 0 0 0 0 0 0 0 0 0 0 0 0 0 0 0 0 0 0 0 0 0 0 0 0 0 0 0 0 0 0 0 0 0 0 0 0 0 0 0 0 0 0 0 0 0 0 0 0 0 data 32 0x10007 0x140c 0x80 0x0 0x80005 0x0 0x0 0x0 0x0 0x0 0xd0007 0x0 0x30 0x0 0x160002 0x0 0x1e0005 0x0 0x293751ccf48 0x140b 0x0 0x0 0x0 0x0 0x0 0x0 0x0 0x0 0x9 0x2 0x0 0x0 oops 1 18 java/nio/Buffer$2 methods 0
ciMethodData sun/nio/ch/IOUtil bufferAddress (Ljava/nio/ByteBuffer;)J 2 14216 orig 80 0 0 0 0 0 0 0 0 0 0 0 0 0 0 0 0 0 0 0 0 0 0 0 0 0 0 0 0 0 0 0 0 0 0 0 0 0 0 0 0 0 0 0 0 0 0 0 0 0 0 0 0 0 0 0 0 0 0 0 0 0 0 0 0 0 0 0 0 0 0 0 0 0 0 0 0 0 0 0 0 data 15 0x40005 0x0 0x293751ccf48 0x3789 0x0 0x0 0x0 0x0 0x0 0x0 0x0 0x0 0x9 0x1 0x0 oops 1 2 java/nio/Buffer$2 methods 0
ciMethodData sun/nio/ch/IOUtil releaseScope (Ljava/nio/ByteBuffer;)V 2 14219 orig 80 0 0 0 0 0 0 0 0 0 0 0 0 0 0 0 0 0 0 0 0 0 0 0 0 0 0 0 0 0 0 0 0 0 0 0 0 0 0 0 0 0 0 0 0 0 0 0 0 0 0 0 0 0 0 0 0 0 0 0 0 0 0 0 0 0 0 0 0 0 0 0 0 0 0 0 0 0 0 0 0 data 21 0x40005 0x0 0x293751ccf48 0x378c 0x0 0x0 0x90003 0x378c 0x28 0x120002 0x0 0x0 0x0 0x0 0x0 0x0 0x0 0x9 0x1 0x0 0xc0001 oops 1 2 java/nio/Buffer$2 methods 0
ciMethodData java/nio/MappedByteBuffer flip ()Ljava/nio/ByteBuffer; 2 5129 orig 80 0 0 0 0 0 0 0 0 0 0 0 0 0 0 0 0 0 0 0 0 0 0 0 0 0 0 0 0 0 0 0 0 0 0 0 0 0 0 0 0 0 0 0 0 0 0 0 0 0 0 0 0 0 0 0 0 0 0 0 0 0 0 0 0 0 0 0 0 0 0 0 0 0 0 0 0 0 0 0 0 data 15 0x10005 0x0 0x293733bffb0 0x1409 0x0 0x0 0x0 0x0 0x0 0x0 0x0 0x0 0x9 0x1 0x0 oops 1 2 java/nio/DirectByteBuffer methods 0
ciMethodData java/nio/MappedByteBuffer flip ()Ljava/nio/MappedByteBuffer; 2 5129 orig 80 0 0 0 0 0 0 0 0 0 0 0 0 0 0 0 0 0 0 0 0 0 0 0 0 0 0 0 0 0 0 0 0 0 0 0 0 0 0 0 0 0 0 0 0 0 0 0 0 0 0 0 0 0 0 0 0 0 0 0 0 0 0 0 0 0 0 0 0 0 0 0 0 0 0 0 0 0 0 0 0 data 8 0x10002 0x140a 0x0 0x0 0x0 0x9 0x1 0x0 oops 0 methods 0
ciMethodData sun/nio/ch/IOStatus normalize (I)I 2 12822 orig 80 0 0 0 0 0 0 0 0 0 0 0 0 0 0 0 0 0 0 0 0 0 0 0 0 0 0 0 0 0 0 0 0 0 0 0 0 0 0 0 0 0 0 0 0 0 0 0 0 0 0 0 0 0 0 0 0 0 0 0 0 0 0 0 0 0 0 0 0 0 0 0 0 0 0 0 0 0 0 0 0 data 9 0x30007 0x3217 0x20 0x0 0x0 0x0 0x9 0x1 0x0 oops 0 methods 0
ciMethodData sun/nio/ch/ChannelInputStream read ([BII)I 2 5120 orig 80 0 0 0 0 0 0 0 0 0 0 0 0 0 0 0 0 0 0 0 0 0 0 0 0 0 0 0 0 0 0 0 0 0 0 0 0 0 0 0 0 0 0 0 0 0 0 0 0 0 0 0 0 0 0 0 0 0 0 0 0 0 0 0 0 0 0 0 0 0 0 0 0 0 0 0 0 0 0 0 0 data 53 0x40002 0x1400 0x90007 0x1400 0x20 0x0 0x130007 0x411 0x38 0xff0 0x1a0003 0xff0 0x28 0x1e0002 0x411 0x2a0005 0x1 0x29373c8db70 0x13fe 0x0 0x0 0x2d0002 0x1400 0x300005 0x0 0x29373c8db70 0x1401 0x0 0x0 0x370005 0x0 0x29373c8db70 0x13ff 0x0 0x0 0x490005 0x1402 0x0 0x0 0x0 0x0 0x0 0x0 0x0 0x0 0x0 0x0 0x9 0x4 0x0 0x0 0x0 0x0 oops 3 17 java/nio/HeapByteBuffer 25 java/nio/HeapByteBuffer 31 java/nio/HeapByteBuffer methods 0
ciMethodData sun/nio/ch/ChannelInputStream read (Ljava/nio/ByteBuffer;)I 2 5120 orig 80 0 0 0 0 0 0 0 0 0 0 0 0 0 0 0 0 0 0 0 0 0 0 0 0 0 0 0 0 0 0 0 0 0 0 0 0 0 0 0 0 0 0 0 0 0 0 0 0 0 0 0 0 0 0 0 0 0 0 0 0 0 0 0 0 0 0 0 0 0 0 0 0 0 0 0 0 0 0 0 0 data 58 0x60004 0x0 0x2937419fae0 0x1402 0x0 0x0 0x90007 0x13ff 0x110 0x0 0xd0004 0x0 0x0 0x0 0x0 0x0 0x120005 0x0 0x0 0x0 0x0 0x0 0x190005 0x0 0x0 0x0 0x0 0x0 0x1c0007 0x0 0x30 0x0 0x230002 0x0 0x2c0005 0x0 0x0 0x0 0x0 0x0 0x400005 0x0 0x2937419fae0 0x1401 0x0 0x0 0x0 0x0 0x0 0x0 0x0 0x0 0x9 0x2 0x0 0x0 0x340001 0x340001 oops 2 2 sun/nio/ch/FileChannelImpl 42 sun/nio/ch/FileChannelImpl methods 0
ciMethodData sun/nio/ch/FileChannelImpl read (Ljava/nio/ByteBuffer;)I 2 4995 orig 80 0 0 0 0 0 0 0 0 0 0 0 0 0 0 0 0 0 0 0 0 0 0 0 0 0 0 0 0 0 0 0 0 0 0 0 0 0 0 0 0 0 0 0 0 0 0 0 0 0 0 0 0 0 0 0 0 0 0 0 0 0 0 0 0 0 0 0 0 0 0 0 0 0 0 0 0 0 0 0 0 data 32 0x30007 0x1384 0x80 0x0 0x60002 0x0 0x90007 0x0 0x50 0x0 0xe0005 0x0 0x0 0x0 0x0 0x0 0x140005 0x1384 0x0 0x0 0x0 0x0 0x0 0x0 0x0 0x0 0x0 0x0 0x9 0x2 0x0 0x0 oops 0 methods 0
ciMethodData sun/nio/ch/FileChannelImpl implRead (Ljava/nio/ByteBuffer;)I 2 4996 orig 80 0 0 0 0 0 0 0 0 0 0 0 0 0 0 0 0 0 0 0 0 0 0 0 0 0 0 0 0 0 0 0 0 0 0 0 0 0 0 0 0 0 0 0 0 0 0 0 0 0 0 0 0 0 0 0 0 0 0 0 0 0 0 0 0 0 0 0 0 0 0 0 0 0 0 0 0 0 0 0 0 data 194 0x10005 0x1383 0x0 0x0 0x0 0x0 0x80007 0x1382 0x30 0x0 0xf0002 0x0 0x1e0007 0x1384 0x60 0x0 0x220005 0x0 0x0 0x0 0x0 0x0 0x290002 0x0 0x320005 0x1384 0x0 0x0 0x0 0x0 0x390005 0x0 0x2937415f288 0x1384 0x0 0x0 0x3f0005 0x3 0x2937419fae0 0x1381 0x0 0x0 0x420007 0x1384 0x118 0x0 0x4e0005 0x0 0x0 0x0 0x0 0x0 0x530007 0x0 0x38 0x0 0x570003 0x0 0x18 0x5b0005 0x0 0x0 0x0 0x0 0x0 0x610007 0x0 0x60 0x0 0x650002 0x0 0x680007 0x0 0x30 0x0 0x6f0002 0x0 0x7c0002 0x1384 0x940002 0x1382 0x9a0002 0x1384 0x9d0003 0x1384 0x28 0xa40002 0x0 0xad0007 0x1383 0x70 0x0 0xb10005 0x0 0x0 0x0 0x0 0x0 0xb40007 0x0 0xffffffffffffff58 0x0 0xb80002 0x1383 0xc30005 0x0 0x2937415f288 0x1383 0x0 0x0 0xc80007 0x3cc 0x38 0xfb8 0xcc0003 0xfb8 0x18 0xd00005 0x1384 0x0 0x0 0x0 0x0 0xd60007 0x1384 0x60 0x0 0xda0002 0x0 0xdd0007 0x0 0x30 0x0 0xe40002 0x0 0xf50005 0x0 0x0 0x0 0x0 0x0 0xfa0007 0x0 0x38 0x0 0xfe0003 0x0 0x18 0x1020005 0x0 0x0 0x0 0x0 0x0 0x1080007 0x0 0x60 0x0 0x10c0002 0x0 0x10f0007 0x0 0x30 0x0 0x1160002 0x0 0x0 0x0 0x0 0x0 0x0 0x0 0x0 0x0 0x0 0x0 0x0 0x0 0x0 0x0 0x0 0x0 0x9 0x2 0x0 0x0 0xa00001 0xa00001 0xed0001 0xed0001 0xed0001 0x11d0001 0x11d0001 0x11d0001 oops 3 32 sun/nio/ch/NativeThreadSet 38 sun/nio/ch/FileChannelImpl 106 sun/nio/ch/NativeThreadSet methods 0
ciMethodData sun/nio/ch/IOUtil read (Ljava/io/FileDescriptor;Ljava/nio/ByteBuffer;JZILsun/nio/ch/NativeDispatcher;)I 2 6618 orig 80 0 0 0 0 0 0 0 0 0 0 0 0 0 0 0 0 0 0 0 0 0 0 0 0 0 0 0 0 0 0 0 0 0 0 0 0 0 0 0 0 0 0 0 0 0 0 0 0 0 0 0 0 0 0 0 0 0 0 0 0 0 0 0 0 0 0 0 0 0 0 0 0 0 0 0 0 0 0 0 0 data 17 0xa0002 0x19e6 0x0 0x0 0x0 0x0 0x0 0x0 0x9 0x7 0x0 0x0 0x0 0x0 0x0 0x0 0x0 oops 0 methods 0
ciMethodData sun/nio/ch/IOUtil read (Ljava/io/FileDescriptor;Ljava/nio/ByteBuffer;JZZILsun/nio/ch/NativeDispatcher;)I 2 6627 orig 80 0 0 0 0 0 0 0 0 0 0 0 0 0 0 0 0 0 0 0 0 0 0 0 0 0 0 0 0 0 0 0 0 0 0 0 0 0 0 0 0 0 0 0 0 0 0 0 0 0 0 0 0 0 0 0 0 0 0 0 0 0 0 0 0 0 0 0 0 0 0 0 0 0 0 0 0 0 0 0 0 data 83 0x10005 0x0 0x29373c8db70 0x19e4 0x0 0x0 0x40007 0x19e3 0x30 0x0 0xd0002 0x0 0x120004 0x0 0x29373c8db70 0x19e3 0x0 0x0 0x150007 0x19e2 0x30 0x0 0x230002 0x0 0x280005 0x1 0x29373c8db70 0x19e2 0x0 0x0 0x2f0007 0x19e3 0x58 0x0 0x360002 0x0 0x3d0002 0x0 0x420003 0x0 0x28 0x470002 0x19e3 0x580002 0x19e5 0x5f0005 0x0 0x293733bffb0 0x19e5 0x0 0x0 0x650007 0x3cb 0x50 0x161a 0x6b0005 0x0 0x29373c8db70 0x161a 0x0 0x0 0x750002 0x19e5 0x7f0002 0x0 0x0 0x0 0x0 0x0 0x0 0x0 0x9 0x8 0x0 0x0 0x0 0x0 0x0 0x0 0x0 0x0 0x7b0001 0x7b0001 oops 5 2 java/nio/HeapByteBuffer 14 java/nio/HeapByteBuffer 26 java/nio/HeapByteBuffer 47 java/nio/DirectByteBuffer 57 java/nio/HeapByteBuffer methods 0
ciMethodData sun/nio/ch/IOUtil readIntoNativeBuffer (Ljava/io/FileDescriptor;Ljava/nio/ByteBuffer;JZZILsun/nio/ch/NativeDispatcher;)I 2 6629 orig 80 0 0 0 0 0 0 0 0 0 0 0 0 0 0 0 0 0 0 0 0 0 0 0 0 0 0 0 0 0 0 0 0 0 0 0 0 0 0 0 0 0 0 0 0 0 0 0 0 0 0 0 0 0 0 0 0 0 0 0 0 0 0 0 0 0 0 0 0 0 0 0 0 0 0 0 0 0 0 0 0 data 101 0x10005 0x0 0x293733bffb0 0x19e5 0x0 0x0 0x70005 0x0 0x293733bffb0 0x19e5 0x0 0x0 0xf0007 0x19e5 0x50 0x0 0x160007 0x0 0x30 0x0 0x1d0002 0x0 0x250007 0x0 0x38 0x19e5 0x2d0003 0x19e5 0x18 0x350007 0x19e5 0x40 0x0 0x3d0002 0x0 0x440002 0x0 0x490007 0x19e5 0x20 0x0 0x540002 0x19e5 0x5c0007 0x137e 0x78 0x663 0x630002 0x663 0x6d0005 0x0 0x293733bb760 0x663 0x0 0x0 0x720003 0x663 0x58 0x790002 0x1380 0x820005 0x0 0x293733bb760 0x1380 0x0 0x0 0x880002 0x19e4 0x8b0003 0x19e4 0x28 0x910002 0x0 0x990007 0x3ca 0x50 0x161a 0xa20005 0x0 0x293733bffb0 0x161a 0x0 0x0 0x0 0x0 0x0 0x0 0x0 0x0 0x9 0x8 0x0 0x0 0x0 0x0 0x0 0x0 0x0 0x0 0x8e0001 0x8e0001 oops 5 2 java/nio/DirectByteBuffer 8 java/nio/DirectByteBuffer 51 sun/nio/ch/FileDispatcherImpl 62 sun/nio/ch/FileDispatcherImpl 79 java/nio/DirectByteBuffer methods 0
ciMethodData sun/nio/ch/FileDispatcherImpl read (Ljava/io/FileDescriptor;JI)I 2 4989 orig 80 0 0 0 0 0 0 0 0 0 0 0 0 0 0 0 0 0 0 0 0 0 0 0 0 0 0 0 0 0 0 0 0 0 0 0 0 0 0 0 0 0 0 0 0 0 0 0 0 0 0 0 0 0 0 0 0 0 0 0 0 0 0 0 0 0 0 0 0 0 0 0 0 0 0 0 0 0 0 0 0 data 15 0x40002 0x137d 0x0 0x0 0x0 0x0 0x0 0x0 0x9 0x5 0x0 0x0 0x0 0x0 0x0 oops 0 methods 0
ciMethodData java/nio/HeapByteBuffer put (Ljava/nio/ByteBuffer;)Ljava/nio/ByteBuffer; 2 9246 orig 80 0 0 0 0 0 0 0 0 0 0 0 0 0 0 0 0 0 0 0 0 0 0 0 0 0 0 0 0 0 0 0 0 0 0 0 0 0 0 0 0 0 0 0 0 0 0 0 0 0 0 0 0 0 0 0 0 0 0 0 0 0 0 0 0 0 0 0 0 0 0 0 0 0 0 0 0 0 0 0 0 data 18 0x10005 0x0 0x29373c8db70 0x2427 0x0 0x0 0x60002 0x242a 0x0 0x0 0x0 0x0 0x0 0x0 0x9 0x2 0x0 0x0 oops 1 2 java/nio/HeapByteBuffer methods 0
compile sun/nio/ch/ChannelInputStream read ([BII)I -1 4 inline 141 0 -1 0 sun/nio/ch/ChannelInputStream read ([BII)I 1 4 0 java/util/Objects checkFromIndexSize (III)I 2 4 0 jdk/internal/util/Preconditions checkFromIndexSize (IIILjava/util/function/BiFunction;)I 1 30 0 java/nio/ByteBuffer wrap ([B)Ljava/nio/ByteBuffer; 2 4 0 java/nio/ByteBuffer wrap ([BII)Ljava/nio/ByteBuffer; 3 8 0 java/nio/HeapByteBuffer <init> ([BIILjava/lang/foreign/MemorySegment;)V 4 12 0 java/nio/ByteBuffer <init> (IIII[BILjava/lang/foreign/MemorySegment;)V 5 8 0 java/nio/Buffer <init> (IIIILjava/lang/foreign/MemorySegment;)V 6 1 0 java/lang/Object <init> ()V 6 39 0 java/nio/ByteBuffer limit (I)Ljava/nio/Buffer; 7 2 0 java/nio/ByteBuffer limit (I)Ljava/nio/ByteBuffer; 8 2 0 java/nio/Buffer limit (I)Ljava/nio/Buffer; 6 45 0 java/nio/ByteBuffer position (I)Ljava/nio/Buffer; 7 2 0 java/nio/ByteBuffer position (I)Ljava/nio/ByteBuffer; 8 2 0 java/nio/Buffer position (I)Ljava/nio/Buffer; 5 17 0 java/nio/ByteOrder nativeOrder ()Ljava/nio/ByteOrder; 1 42 0 java/nio/Buffer capacity ()I 1 48 0 java/nio/ByteBuffer limit (I)Ljava/nio/ByteBuffer; 2 2 0 java/nio/Buffer limit (I)Ljava/nio/Buffer; 1 55 0 java/nio/ByteBuffer position (I)Ljava/nio/ByteBuffer; 2 2 0 java/nio/Buffer position (I)Ljava/nio/Buffer; 1 73 0 sun/nio/ch/ChannelInputStream read (Ljava/nio/ByteBuffer;)I 2 64 0 sun/nio/ch/FileChannelImpl read (Ljava/nio/ByteBuffer;)I 3 20 0 sun/nio/ch/FileChannelImpl implRead (Ljava/nio/ByteBuffer;)I 4 1 0 sun/nio/ch/FileChannelImpl ensureOpen ()V 5 1 0 java/nio/channels/spi/AbstractInterruptibleChannel isOpen ()Z 4 50 0 sun/nio/ch/FileChannelImpl beginBlocking ()V 4 57 0 sun/nio/ch/NativeThreadSet add ()I 5 0 0 sun/nio/ch/NativeThread current ()J 6 3 0 java/lang/Thread isVirtual ()Z 5 9 0 sun/nio/ch/NativeThread isNativeThread (J)Z 4 63 0 java/nio/channels/spi/AbstractInterruptibleChannel isOpen ()Z 4 124 0 jdk/internal/misc/Blocker begin (Z)Z 4 148 0 sun/nio/ch/IOUtil read (Ljava/io/FileDescriptor;Ljava/nio/ByteBuffer;JZILsun/nio/ch/NativeDispatcher;)I 5 10 0 sun/nio/ch/IOUtil read (Ljava/io/FileDescriptor;Ljava/nio/ByteBuffer;JZZILsun/nio/ch/NativeDispatcher;)I 6 1 0 java/nio/HeapByteBuffer isReadOnly ()Z 6 40 0 java/nio/Buffer remaining ()I 6 71 0 sun/nio/ch/Util getTemporaryDirectBuffer (I)Ljava/nio/ByteBuffer; 7 1 0 sun/nio/ch/Util isBufferTooLarge (I)Z 7 30 0 jdk/internal/misc/CarrierThreadLocal get ()Ljava/lang/Object; 8 4 0 java/lang/System$1 getCarrierThreadLocal (Ljdk/internal/misc/CarrierThreadLocal;)Ljava/lang/Object; 9 1 0 java/lang/ThreadLocal getCarrierThreadLocal ()Ljava/lang/Object; 10 25 0 java/lang/ThreadLocal get (Ljava/lang/Thread;)Ljava/lang/Object; 11 2 0 java/lang/ThreadLocal getMap (Ljava/lang/Thread;)Ljava/lang/ThreadLocal$ThreadLocalMap; 12 8 0 java/lang/Thread terminatingThreadLocals ()Ljava/lang/ThreadLocal$ThreadLocalMap; 11 12 0 java/lang/ThreadLocal$ThreadLocalMap getEntry (Ljava/lang/ThreadLocal;)Ljava/lang/ThreadLocal$ThreadLocalMap$Entry; 12 26 0 java/lang/ref/Reference refersTo (Ljava/lang/Object;)Z 13 2 0 java/lang/ref/Reference refersToImpl (Ljava/lang/Object;)Z 7 39 0 sun/nio/ch/Util$BufferCache get (I)Ljava/nio/ByteBuffer; 8 43 0 java/nio/Buffer capacity ()I 8 90 0 java/nio/Buffer capacity ()I 8 135 0 sun/nio/ch/Util$BufferCache next (I)I 8 152 0 java/nio/MappedByteBuffer rewind ()Ljava/nio/ByteBuffer; 9 1 0 java/nio/MappedByteBuffer rewind ()Ljava/nio/MappedByteBuffer; 10 1 0 java/nio/ByteBuffer rewind ()Ljava/nio/ByteBuffer; 11 1 0 java/nio/Buffer rewind ()Ljava/nio/Buffer; 8 158 0 java/nio/MappedByteBuffer limit (I)Ljava/nio/ByteBuffer; 9 2 0 java/nio/MappedByteBuffer limit (I)Ljava/nio/MappedByteBuffer; 10 2 0 java/nio/ByteBuffer limit (I)Ljava/nio/ByteBuffer; 11 2 0 java/nio/Buffer limit (I)Ljava/nio/Buffer; 6 88 0 sun/nio/ch/IOUtil readIntoNativeBuffer (Ljava/io/FileDescriptor;Ljava/nio/ByteBuffer;JZZILsun/nio/ch/NativeDispatcher;)I 7 1 0 java/nio/Buffer position ()I 7 7 0 java/nio/Buffer limit ()I 7 84 0 sun/nio/ch/IOUtil acquireScope (Ljava/nio/ByteBuffer;Z)V 8 30 0 java/nio/Buffer$2 acquireSession (Ljava/nio/Buffer;)V 9 1 0 java/nio/Buffer session ()Ljdk/internal/foreign/MemorySessionImpl; 7 121 0 sun/nio/ch/IOUtil bufferAddress (Ljava/nio/ByteBuffer;)J 8 4 0 java/nio/Buffer$2 getBufferAddress (Ljava/nio/Buffer;)J 7 130 0 sun/nio/ch/FileDispatcherImpl read (Ljava/io/FileDescriptor;JI)I 7 136 0 sun/nio/ch/IOUtil releaseScope (Ljava/nio/ByteBuffer;)V 8 4 0 java/nio/Buffer$2 releaseSession (Ljava/nio/Buffer;)V 9 1 0 java/nio/Buffer session ()Ljdk/internal/foreign/MemorySessionImpl; 9 14 0 java/lang/ref/Reference reachabilityFence (Ljava/lang/Object;)V 7 162 0 java/nio/MappedByteBuffer position (I)Ljava/nio/ByteBuffer; 8 2 0 java/nio/MappedByteBuffer position (I)Ljava/nio/MappedByteBuffer; 9 2 0 java/nio/ByteBuffer position (I)Ljava/nio/ByteBuffer; 10 2 0 java/nio/Buffer position (I)Ljava/nio/Buffer; 6 95 0 java/nio/MappedByteBuffer flip ()Ljava/nio/ByteBuffer; 7 1 0 java/nio/MappedByteBuffer flip ()Ljava/nio/MappedByteBuffer; 8 1 0 java/nio/ByteBuffer flip ()Ljava/nio/ByteBuffer; 9 1 0 java/nio/Buffer flip ()Ljava/nio/Buffer; 6 107 0 java/nio/HeapByteBuffer put (Ljava/nio/ByteBuffer;)Ljava/nio/ByteBuffer; 7 1 0 java/nio/Buffer checkSession ()V 8 1 0 java/nio/Buffer session ()Ljdk/internal/foreign/MemorySessionImpl; 7 6 0 java/nio/ByteBuffer put (Ljava/nio/ByteBuffer;)Ljava/nio/ByteBuffer; 8 10 0 java/nio/HeapByteBuffer isReadOnly ()Z 8 25 0 java/nio/Buffer position ()I 8 30 0 java/nio/Buffer limit ()I 8 49 0 java/nio/Buffer position ()I 8 55 0 java/nio/Buffer limit ()I 8 100 0 java/nio/ByteBuffer putBuffer (ILjava/nio/ByteBuffer;II)V 9 1 0 java/nio/DirectByteBuffer base ()Ljava/lang/Object; 9 33 0 java/nio/ByteBuffer base ()Ljava/lang/Object; 9 97 0 java/nio/Buffer session ()Ljdk/internal/foreign/MemorySessionImpl; 9 101 0 java/nio/Buffer session ()Ljdk/internal/foreign/MemorySessionImpl; 9 114 0 jdk/internal/misc/ScopedMemoryAccess copyMemory (Ljdk/internal/foreign/MemorySessionImpl;Ljdk/internal/foreign/MemorySessionImpl;Ljava/lang/Object;JLjava/lang/Object;JJ)V 10 12 0 jdk/internal/misc/ScopedMemoryAccess copyMemoryInternal (Ljdk/internal/foreign/MemorySessionImpl;Ljdk/internal/foreign/MemorySessionImpl;Ljava/lang/Object;JLjava/lang/Object;JJ)V 11 28 0 jdk/internal/misc/Unsafe copyMemory (Ljava/lang/Object;JLjava/lang/Object;JJ)V 12 9 0 jdk/internal/misc/Unsafe copyMemoryChecks (Ljava/lang/Object;JLjava/lang/Object;JJ)V 13 3 0 jdk/internal/misc/Unsafe checkSize (J)V 13 9 0 jdk/internal/misc/Unsafe checkPrimitivePointer (Ljava/lang/Object;J)V 14 3 0 jdk/internal/misc/Unsafe checkPointer (Ljava/lang/Object;J)V 15 6 0 jdk/internal/misc/Unsafe checkNativeAddress (J)V 13 17 0 jdk/internal/misc/Unsafe checkPrimitivePointer (Ljava/lang/Object;J)V 14 3 0 jdk/internal/misc/Unsafe checkPointer (Ljava/lang/Object;J)V 15 6 0 jdk/internal/misc/Unsafe checkNativeAddress (J)V 15 15 0 jdk/internal/misc/Unsafe checkOffset (Ljava/lang/Object;J)V 14 15 0 jdk/internal/misc/Unsafe checkPrimitiveArray (Ljava/lang/Class;)V 15 1 0 java/lang/Class getComponentType ()Ljava/lang/Class; 15 10 0 java/lang/Class isPrimitive ()Z 11 32 0 java/lang/ref/Reference reachabilityFence (Ljava/lang/Object;)V 11 36 0 java/lang/ref/Reference reachabilityFence (Ljava/lang/Object;)V 9 118 0 java/lang/ref/Reference reachabilityFence (Ljava/lang/Object;)V 9 122 0 java/lang/ref/Reference reachabilityFence (Ljava/lang/Object;)V 8 109 0 java/nio/ByteBuffer position (I)Ljava/nio/ByteBuffer; 9 2 0 java/nio/Buffer position (I)Ljava/nio/Buffer; 8 118 0 java/nio/MappedByteBuffer position (I)Ljava/nio/ByteBuffer; 9 2 0 java/nio/MappedByteBuffer position (I)Ljava/nio/MappedByteBuffer; 10 2 0 java/nio/ByteBuffer position (I)Ljava/nio/ByteBuffer; 11 2 0 java/nio/Buffer position (I)Ljava/nio/Buffer; 6 117 0 sun/nio/ch/Util offerFirstTemporaryDirectBuffer (Ljava/nio/ByteBuffer;)V 7 1 0 sun/nio/ch/Util unwrapIfAlignedSlice (Ljava/nio/ByteBuffer;)Ljava/nio/ByteBuffer; 8 4 0 java/nio/DirectByteBuffer attachment ()Ljava/lang/Object; 7 6 0 sun/nio/ch/Util isBufferTooLarge (Ljava/nio/ByteBuffer;)Z 8 1 0 java/nio/Buffer capacity ()I 8 4 0 sun/nio/ch/Util isBufferTooLarge (I)Z 7 38 0 jdk/internal/misc/CarrierThreadLocal get ()Ljava/lang/Object; 8 4 0 java/lang/System$1 getCarrierThreadLocal (Ljdk/internal/misc/CarrierThreadLocal;)Ljava/lang/Object; 9 1 0 java/lang/ThreadLocal getCarrierThreadLocal ()Ljava/lang/Object; 10 25 0 java/lang/ThreadLocal get (Ljava/lang/Thread;)Ljava/lang/Object; 11 2 0 java/lang/ThreadLocal getMap (Ljava/lang/Thread;)Ljava/lang/ThreadLocal$ThreadLocalMap; 12 8 0 java/lang/Thread terminatingThreadLocals ()Ljava/lang/ThreadLocal$ThreadLocalMap; 11 12 0 java/lang/ThreadLocal$ThreadLocalMap getEntry (Ljava/lang/ThreadLocal;)Ljava/lang/ThreadLocal$ThreadLocalMap$Entry; 12 26 0 java/lang/ref/Reference refersTo (Ljava/lang/Object;)Z 13 2 0 java/lang/ref/Reference refersToImpl (Ljava/lang/Object;)Z 7 47 0 sun/nio/ch/Util$BufferCache offerFirst (Ljava/nio/ByteBuffer;)Z 4 154 0 jdk/internal/misc/Blocker end (Z)V 4 184 0 sun/nio/ch/IOStatus normalize (I)I 4 195 0 sun/nio/ch/NativeThreadSet remove (I)V 4 208 0 sun/nio/ch/FileChannelImpl endBlocking (Z)V 5 20 0 java/nio/channels/spi/AbstractInterruptibleChannel isOpen ()Z
